Latitude (decimal degrees):	58.380
Longitude (decimal degrees):	6.042
Elevation (m):	3
Radiation database:	PVGIS-SARAH3


Slope: 44 deg. (optimum)
Azimuth: 19 deg. (optimum)
time,G(i),H_sun,T2m,WS10m,Int
20050101:0011,0.0,0.0,6.88,8.0,0.0
20050101:0111,0.0,0.0,6.92,7.72,0.0
20050101:0211,0.0,0.0,7.0,7.17,0.0
20050101:0311,0.0,0.0,7.0,6.69,0.0
20050101:0411,0.0,0.0,7.3,6.97,0.0
20050101:0511,0.0,0.0,7.33,8.14,0.0
20050101:0611,0.0,0.0,7.51,9.52,0.0
20050101:0711,0.0,0.0,7.52,8.14,0.0
20050101:0811,0.0,0.0,7.37,6.21,0.0
20050101:0911,5.32,3.02,7.35,4.83,0.0
20050101:1011,61.98,6.58,7.26,5.24,0.0
20050101:1111,134.54,8.4,7.35,5.03,0.0
20050101:1211,42.68,8.34,7.44,5.79,0.0
20050101:1311,37.53,6.39,7.39,6.9,0.0
20050101:1411,2.66,2.71,7.18,7.86,0.0
20050101:1511,0.0,0.0,7.25,8.55,0.0
20050101:1611,0.0,0.0,7.36,9.66,0.0
20050101:1711,0.0,0.0,7.22,10.14,0.0
20050101:1811,0.0,0.0,7.08,10.07,0.0
20050101:1911,0.0,0.0,7.06,10.55,0.0
20050101:2011,0.0,0.0,7.02,11.1,0.0
20050101:2111,0.0,0.0,6.88,11.93,0.0
20050101:2211,0.0,0.0,7.11,15.17,0.0
20050101:2311,0.0,0.0,7.19,14.21,0.0
20050102:0011,0.0,0.0,5.28,16.07,0.0
20050102:0111,0.0,0.0,4.98,14.9,0.0
20050102:0211,0.0,0.0,5.1,14.07,0.0
20050102:0311,0.0,0.0,4.89,14.28,0.0
20050102:0411,0.0,0.0,4.53,13.86,0.0
20050102:0511,0.0,0.0,4.26,14.21,0.0
20050102:0611,0.0,0.0,4.5,14.0,0.0
20050102:0711,0.0,0.0,4.3,13.86,0.0
20050102:0811,0.0,0.0,4.38,14.0,0.0
20050102:0911,0.89,3.07,3.99,14.14,0.0
20050102:1011,5.32,6.65,3.05,13.17,0.0
20050102:1111,11.52,8.48,2.91,13.86,0.0
20050102:1211,8.86,8.43,2.89,13.86,0.0
20050102:1311,7.09,6.49,2.69,14.14,0.0
20050102:1411,4.43,2.83,2.5,13.66,0.0
20050102:1511,0.0,0.0,2.43,14.07,0.0
20050102:1611,0.0,0.0,3.35,13.72,0.0
20050102:1711,0.0,0.0,4.44,14.0,0.0
20050102:1811,0.0,0.0,4.26,14.41,0.0
20050102:1911,0.0,0.0,3.76,14.28,0.0
20050102:2011,0.0,0.0,3.85,13.93,0.0
20050102:2111,0.0,0.0,3.69,13.72,0.0
20050102:2211,0.0,0.0,4.08,12.62,0.0
20050102:2311,0.0,0.0,3.45,14.48,0.0
20050103:0011,0.0,0.0,2.62,14.41,0.0
20050103:0111,0.0,0.0,3.0,13.72,0.0
20050103:0211,0.0,0.0,4.04,13.17,0.0
20050103:0311,0.0,0.0,4.17,13.1,0.0
20050103:0411,0.0,0.0,4.24,12.69,0.0
20050103:0511,0.0,0.0,4.4,12.62,0.0
20050103:0611,0.0,0.0,4.14,12.9,0.0
20050103:0711,0.0,0.0,4.42,12.07,0.0
20050103:0811,0.0,0.0,4.96,12.0,0.0
20050103:0911,0.89,3.12,5.73,11.31,0.0
20050103:1011,7.09,6.72,5.81,9.03,0.0
20050103:1111,18.62,8.57,5.51,7.1,0.0
20050103:1211,8.86,8.53,4.31,6.76,0.0
20050103:1311,7.98,6.61,3.81,8.07,0.0
20050103:1411,4.43,2.95,4.91,10.83,0.0
20050103:1511,0.0,0.0,6.1,15.38,0.0
20050103:1611,0.0,0.0,7.22,13.72,0.0
20050103:1711,0.0,0.0,7.88,12.34,0.0
20050103:1811,0.0,0.0,8.08,12.83,0.0
20050103:1911,0.0,0.0,8.05,12.48,0.0
20050103:2011,0.0,0.0,8.02,10.9,0.0
20050103:2111,0.0,0.0,8.11,9.1,0.0
20050103:2211,0.0,0.0,8.47,10.28,0.0
20050103:2311,0.0,0.0,9.04,12.9,0.0
20050104:0011,0.0,0.0,9.02,13.45,0.0
20050104:0111,0.0,0.0,8.86,12.28,0.0
20050104:0211,0.0,0.0,8.71,10.9,0.0
20050104:0311,0.0,0.0,8.56,9.72,0.0
20050104:0411,0.0,0.0,8.38,8.76,0.0
20050104:0511,0.0,0.0,8.27,9.31,0.0
20050104:0611,0.0,0.0,8.27,9.45,0.0
20050104:0711,0.0,0.0,8.27,8.97,0.0
20050104:0811,0.0,0.0,8.28,9.1,0.0
20050104:0911,0.89,3.19,8.32,9.86,0.0
20050104:1011,18.62,6.8,8.55,9.93,0.0
20050104:1111,7.98,8.66,8.64,10.28,0.0
20050104:1211,8.86,8.64,8.51,11.24,0.0
20050104:1311,7.09,6.73,8.83,12.0,0.0
20050104:1411,3.55,3.08,8.41,13.38,0.0
20050104:1511,0.0,0.0,7.39,13.24,0.0
20050104:1611,0.0,0.0,6.83,12.07,0.0
20050104:1711,0.0,0.0,6.66,11.79,0.0
20050104:1811,0.0,0.0,6.72,11.72,0.0
20050104:1911,0.0,0.0,6.63,11.86,0.0
20050104:2011,0.0,0.0,6.24,12.28,0.0
20050104:2111,0.0,0.0,5.56,11.86,0.0
20050104:2211,0.0,0.0,6.28,9.52,0.0
20050104:2311,0.0,0.0,6.65,8.21,0.0
20050105:0011,0.0,0.0,6.96,8.62,0.0
20050105:0111,0.0,0.0,7.04,9.31,0.0
20050105:0211,0.0,0.0,6.64,8.34,0.0
20050105:0311,0.0,0.0,6.89,8.41,0.0
20050105:0411,0.0,0.0,6.75,8.41,0.0
20050105:0511,0.0,0.0,7.01,8.83,0.0
20050105:0611,0.0,0.0,7.03,9.66,0.0
20050105:0711,0.0,0.0,7.09,10.07,0.0
20050105:0811,0.0,0.0,7.16,8.69,0.0
20050105:0911,0.89,3.26,7.15,8.07,0.0
20050105:1011,5.32,6.88,7.66,6.97,0.0
20050105:1111,21.28,8.76,7.45,8.0,0.0
20050105:1211,55.8,8.75,7.54,8.14,0.0
20050105:1311,11.52,6.85,7.52,7.72,0.0
20050105:1411,7.09,3.21,7.33,8.83,0.0
20050105:1511,0.0,0.0,7.17,9.59,0.0
20050105:1611,0.0,0.0,7.18,9.79,0.0
20050105:1711,0.0,0.0,7.11,11.1,0.0
20050105:1811,0.0,0.0,7.07,13.1,0.0
20050105:1911,0.0,0.0,7.04,13.24,0.0
20050105:2011,0.0,0.0,7.16,11.93,0.0
20050105:2111,0.0,0.0,7.63,12.28,0.0
20050105:2211,0.0,0.0,7.63,9.79,0.0
20050105:2311,0.0,0.0,7.25,11.24,0.0
20050106:0011,0.0,0.0,6.82,12.62,0.0
20050106:0111,0.0,0.0,6.37,12.21,0.0
20050106:0211,0.0,0.0,5.94,12.69,0.0
20050106:0311,0.0,0.0,6.1,12.9,0.0
20050106:0411,0.0,0.0,6.1,13.31,0.0
20050106:0511,0.0,0.0,5.68,12.69,0.0
20050106:0611,0.0,0.0,6.35,12.48,0.0
20050106:0711,0.0,0.0,6.75,12.34,0.0
20050106:0811,0.0,0.0,6.51,12.28,0.0
20050106:0911,0.89,3.34,6.67,11.79,0.0
20050106:1011,113.59,6.98,7.12,10.83,0.0
20050106:1111,29.25,8.87,7.41,10.41,0.0
20050106:1211,12.41,8.88,7.51,8.76,0.0
20050106:1311,7.98,6.99,7.74,8.21,0.0
20050106:1411,3.55,3.35,7.47,8.48,0.0
20050106:1511,0.0,0.0,7.04,10.55,0.0
20050106:1611,0.0,0.0,6.95,12.0,0.0
20050106:1711,0.0,0.0,7.25,10.62,0.0
20050106:1811,0.0,0.0,7.89,14.28,0.0
20050106:1911,0.0,0.0,8.6,14.97,0.0
20050106:2011,0.0,0.0,8.91,14.14,0.0
20050106:2111,0.0,0.0,9.06,13.59,0.0
20050106:2211,0.0,0.0,9.38,14.14,0.0
20050106:2311,0.0,0.0,9.46,13.79,0.0
20050107:0011,0.0,0.0,9.66,14.9,0.0
20050107:0111,0.0,0.0,9.66,14.76,0.0
20050107:0211,0.0,0.0,9.53,14.69,0.0
20050107:0311,0.0,0.0,9.52,14.21,0.0
20050107:0411,0.0,0.0,9.43,14.28,0.0
20050107:0511,0.0,0.0,9.41,13.93,0.0
20050107:0611,0.0,0.0,9.49,14.0,0.0
20050107:0711,0.0,0.0,9.48,14.97,0.0
20050107:0811,0.0,0.0,9.6,15.45,0.0
20050107:0911,1.77,3.42,9.76,15.52,0.0
20050107:1011,56.51,7.08,9.62,15.38,0.0
20050107:1111,8.86,8.99,9.22,10.9,0.0
20050107:1211,18.62,9.01,8.9,8.97,0.0
20050107:1311,14.18,7.13,8.7,7.86,0.0
20050107:1411,4.43,3.5,8.57,6.83,0.0
20050107:1511,0.0,0.0,8.42,5.52,0.0
20050107:1611,0.0,0.0,8.3,5.38,0.0
20050107:1711,0.0,0.0,8.18,5.52,0.0
20050107:1811,0.0,0.0,8.26,6.9,0.0
20050107:1911,0.0,0.0,8.57,10.41,0.0
20050107:2011,0.0,0.0,8.76,10.9,0.0
20050107:2111,0.0,0.0,8.82,9.66,0.0
20050107:2211,0.0,0.0,8.65,8.21,0.0
20050107:2311,0.0,0.0,8.53,7.1,0.0
20050108:0011,0.0,0.0,8.48,5.86,0.0
20050108:0111,0.0,0.0,8.12,5.17,0.0
20050108:0211,0.0,0.0,8.07,4.97,0.0
20050108:0311,0.0,0.0,7.93,4.21,0.0
20050108:0411,0.0,0.0,7.81,4.14,0.0
20050108:0511,0.0,0.0,8.38,7.1,0.0
20050108:0611,0.0,0.0,8.59,12.83,0.0
20050108:0711,0.0,0.0,8.49,14.14,0.0
20050108:0811,0.0,0.0,8.74,14.41,0.0
20050108:0911,0.89,3.52,8.96,15.52,0.0
20050108:1011,5.32,7.19,8.35,16.34,0.0
20050108:1111,8.86,9.11,7.27,14.34,0.0
20050108:1211,9.75,9.14,6.77,13.17,0.0
20050108:1311,26.59,7.27,7.11,9.38,0.0
20050108:1411,336.3,3.65,6.82,11.45,0.0
20050108:1511,0.0,0.0,5.73,22.07,0.0
20050108:1611,0.0,0.0,5.0,22.55,0.0
20050108:1711,0.0,0.0,6.5,18.69,0.0
20050108:1811,0.0,0.0,5.15,18.34,0.0
20050108:1911,0.0,0.0,4.93,18.69,0.0
20050108:2011,0.0,0.0,5.14,18.21,0.0
20050108:2111,0.0,0.0,5.1,18.14,0.0
20050108:2211,0.0,0.0,5.5,17.45,0.0
20050108:2311,0.0,0.0,5.78,16.76,0.0
20050109:0011,0.0,0.0,6.24,15.45,0.0
20050109:0111,0.0,0.0,5.8,14.9,0.0
20050109:0211,0.0,0.0,5.4,14.28,0.0
20050109:0311,0.0,0.0,5.4,13.93,0.0
20050109:0411,0.0,0.0,5.36,13.79,0.0
20050109:0511,0.0,0.0,5.53,13.72,0.0
20050109:0611,0.0,0.0,5.58,12.83,0.0
20050109:0711,0.0,0.0,5.74,12.34,0.0
20050109:0811,0.0,0.0,6.03,13.24,0.0
20050109:0911,14.59,3.62,6.37,14.21,0.0
20050109:1011,6.21,7.3,6.32,13.72,0.0
20050109:1111,8.86,9.24,6.62,12.9,0.0
20050109:1211,90.23,9.29,6.47,13.1,0.0
20050109:1311,11.52,7.43,6.75,11.59,0.0
20050109:1411,4.43,3.81,7.24,10.21,0.0
20050109:1511,0.0,0.0,7.39,7.86,0.0
20050109:1611,0.0,0.0,6.96,6.41,0.0
20050109:1711,0.0,0.0,7.15,5.86,0.0
20050109:1811,0.0,0.0,7.46,6.21,0.0
20050109:1911,0.0,0.0,7.65,8.97,0.0
20050109:2011,0.0,0.0,7.74,9.86,0.0
20050109:2111,0.0,0.0,7.84,10.97,0.0
20050109:2211,0.0,0.0,7.78,10.55,0.0
20050109:2311,0.0,0.0,7.86,10.28,0.0
20050110:0011,0.0,0.0,8.04,10.07,0.0
20050110:0111,0.0,0.0,8.47,9.38,0.0
20050110:0211,0.0,0.0,9.11,10.48,0.0
20050110:0311,0.0,0.0,9.5,13.24,0.0
20050110:0411,0.0,0.0,9.91,14.21,0.0
20050110:0511,0.0,0.0,10.26,13.72,0.0
20050110:0611,0.0,0.0,10.2,13.03,0.0
20050110:0711,0.0,0.0,10.16,13.24,0.0
20050110:0811,0.0,0.0,10.13,14.34,0.0
20050110:0911,1.77,3.73,10.12,14.76,0.0
20050110:1011,56.24,7.43,10.03,14.76,0.0
20050110:1111,47.85,9.38,9.95,13.79,0.0
20050110:1211,9.75,9.44,9.79,13.66,0.0
20050110:1311,7.98,7.59,9.58,12.9,0.0
20050110:1411,19.5,3.98,9.38,12.9,0.0
20050110:1511,0.0,0.0,8.55,12.41,0.0
20050110:1611,0.0,0.0,8.19,10.76,0.0
20050110:1711,0.0,0.0,8.3,9.86,0.0
20050110:1811,0.0,0.0,8.1,10.0,0.0
20050110:1911,0.0,0.0,7.97,9.79,0.0
20050110:2011,0.0,0.0,8.09,9.17,0.0
20050110:2111,0.0,0.0,8.14,8.28,0.0
20050110:2211,0.0,0.0,8.16,7.93,0.0
20050110:2311,0.0,0.0,8.07,8.48,0.0
20050111:0011,0.0,0.0,8.03,9.24,0.0
20050111:0111,0.0,0.0,7.98,9.03,0.0
20050111:0211,0.0,0.0,7.99,9.03,0.0
20050111:0311,0.0,0.0,8.01,8.69,0.0
20050111:0411,0.0,0.0,8.02,8.69,0.0
20050111:0511,0.0,0.0,8.08,9.1,0.0
20050111:0611,0.0,0.0,8.13,9.03,0.0
20050111:0711,0.0,0.0,8.15,8.48,0.0
20050111:0811,0.0,0.0,8.13,8.0,0.0
20050111:0911,1.77,3.84,8.09,7.59,0.0
20050111:1011,6.21,7.56,8.13,6.83,0.0
20050111:1111,17.73,9.53,8.08,6.41,0.0
20050111:1211,26.59,9.6,8.0,6.48,0.0
20050111:1311,162.87,7.76,7.87,6.62,0.0
20050111:1411,33.68,4.15,7.74,6.97,0.0
20050111:1511,0.0,0.0,7.61,7.45,0.0
20050111:1611,0.0,0.0,7.59,7.86,0.0
20050111:1711,0.0,0.0,7.54,9.1,0.0
20050111:1811,0.0,0.0,7.51,10.34,0.0
20050111:1911,0.0,0.0,7.51,11.1,0.0
20050111:2011,0.0,0.0,7.5,11.86,0.0
20050111:2111,0.0,0.0,7.62,12.0,0.0
20050111:2211,0.0,0.0,8.6,12.83,0.0
20050111:2311,0.0,0.0,9.25,11.72,0.0
20050112:0011,0.0,0.0,8.97,11.52,0.0
20050112:0111,0.0,0.0,8.42,12.9,0.0
20050112:0211,0.0,0.0,8.1,13.93,0.0
20050112:0311,0.0,0.0,7.81,14.41,0.0
20050112:0411,0.0,0.0,7.29,15.79,0.0
20050112:0511,0.0,0.0,6.76,15.93,0.0
20050112:0611,0.0,0.0,6.95,17.24,0.0
20050112:0711,0.0,0.0,6.96,16.21,0.0
20050112:0811,0.0,0.0,6.91,16.41,0.0
20050112:0911,1.77,3.96,6.7,19.03,0.0
20050112:1011,6.21,7.7,7.12,15.24,0.0
20050112:1111,14.18,9.68,7.11,15.38,0.0
20050112:1211,10.64,9.76,7.19,16.76,0.0
20050112:1311,8.86,7.93,7.05,16.83,0.0
20050112:1411,4.43,4.33,6.92,17.31,0.0
20050112:1511,0.0,0.0,6.89,17.72,0.0
20050112:1611,0.0,0.0,6.96,17.31,0.0
20050112:1711,0.0,0.0,6.93,17.17,0.0
20050112:1811,0.0,0.0,6.83,17.45,0.0
20050112:1911,0.0,0.0,6.6,17.17,0.0
20050112:2011,0.0,0.0,6.4,17.1,0.0
20050112:2111,0.0,0.0,6.27,17.17,0.0
20050112:2211,0.0,0.0,6.29,16.21,0.0
20050112:2311,0.0,0.0,6.09,16.28,0.0
20050113:0011,0.0,0.0,6.0,16.07,0.0
20050113:0111,0.0,0.0,5.87,16.0,0.0
20050113:0211,0.0,0.0,5.71,15.59,0.0
20050113:0311,0.0,0.0,5.69,15.52,0.0
20050113:0411,0.0,0.0,5.86,15.45,0.0
20050113:0511,0.0,0.0,5.94,14.62,0.0
20050113:0611,0.0,0.0,5.86,0.0,0.0
20050113:0711,0.0,0.0,5.77,0.0,0.0
20050113:0811,0.0,0.0,5.7,13.38,0.0
20050113:0911,2.66,4.09,5.34,13.93,0.0
20050113:1011,24.82,7.84,4.99,13.72,0.0
20050113:1111,128.59,9.84,5.18,13.31,0.0
20050113:1211,99.3,9.93,5.36,12.83,0.0
20050113:1311,8.86,8.11,5.35,13.1,0.0
20050113:1411,5.32,4.52,5.56,13.59,0.0
20050113:1511,0.0,0.0,5.72,14.0,0.0
20050113:1611,0.0,0.0,5.91,13.31,0.0
20050113:1711,0.0,0.0,6.01,13.24,0.0
20050113:1811,0.0,0.0,6.1,12.62,0.0
20050113:1911,0.0,0.0,6.5,10.14,0.0
20050113:2011,0.0,0.0,6.65,8.76,0.0
20050113:2111,0.0,0.0,6.62,7.86,0.0
20050113:2211,0.0,0.0,6.61,7.45,0.0
20050113:2311,0.0,0.0,6.57,7.72,0.0
20050114:0011,0.0,0.0,6.43,8.14,0.0
20050114:0111,0.0,0.0,6.2,8.14,0.0
20050114:0211,0.0,0.0,5.97,8.14,0.0
20050114:0311,0.0,0.0,5.79,8.14,0.0
20050114:0411,0.0,0.0,5.62,7.72,0.0
20050114:0511,0.0,0.0,5.44,7.24,0.0
20050114:0611,0.0,0.0,5.18,6.55,0.0
20050114:0711,0.0,0.0,4.89,5.86,0.0
20050114:0811,0.0,0.0,4.66,5.45,0.0
20050114:0911,6.21,4.23,4.65,5.45,0.0
20050114:1011,154.54,7.99,4.73,4.14,0.0
20050114:1111,58.86,10.01,4.82,4.28,0.0
20050114:1211,24.82,10.11,4.86,4.62,0.0
20050114:1311,133.01,8.3,4.84,4.48,0.0
20050114:1411,153.95,4.71,4.78,4.07,0.0
20050114:1511,0.0,0.0,4.62,3.31,0.0
20050114:1611,0.0,0.0,4.46,2.41,0.0
20050114:1711,0.0,0.0,4.35,1.52,0.0
20050114:1811,0.0,0.0,4.17,1.59,0.0
20050114:1911,0.0,0.0,3.98,2.28,0.0
20050114:2011,0.0,0.0,3.87,2.83,0.0
20050114:2111,0.0,0.0,3.87,3.17,0.0
20050114:2211,0.0,0.0,4.51,3.79,0.0
20050114:2311,0.0,0.0,4.7,4.07,0.0
20050115:0011,0.0,0.0,4.79,4.34,0.0
20050115:0111,0.0,0.0,4.94,4.41,0.0
20050115:0211,0.0,0.0,5.05,4.97,0.0
20050115:0311,0.0,0.0,5.2,5.52,0.0
20050115:0411,0.0,0.0,5.43,6.0,0.0
20050115:0511,0.0,0.0,5.72,6.21,0.0
20050115:0611,0.0,0.0,5.98,6.55,0.0
20050115:0711,0.0,0.0,6.15,6.97,0.0
20050115:0811,0.0,0.0,6.28,6.83,0.0
20050115:0911,4.43,4.37,6.44,7.31,0.0
20050115:1011,7.09,8.15,6.4,7.79,0.0
20050115:1111,10.64,10.18,6.43,8.34,0.0
20050115:1211,19.5,10.3,6.4,8.48,0.0
20050115:1311,9.75,8.49,6.37,8.14,0.0
20050115:1411,6.21,4.91,6.46,8.14,0.0
20050115:1511,0.0,0.0,6.49,7.79,0.0
20050115:1611,0.0,0.0,6.54,7.59,0.0
20050115:1711,0.0,0.0,6.63,7.79,0.0
20050115:1811,0.0,0.0,6.8,8.07,0.0
20050115:1911,0.0,0.0,6.87,8.55,0.0
20050115:2011,0.0,0.0,6.87,8.28,0.0
20050115:2111,0.0,0.0,6.86,8.07,0.0
20050115:2211,0.0,0.0,7.02,7.45,0.0
20050115:2311,0.0,0.0,7.03,7.59,0.0
20050116:0011,0.0,0.0,7.01,7.72,0.0
20050116:0111,0.0,0.0,7.05,7.59,0.0
20050116:0211,0.0,0.0,7.12,7.86,0.0
20050116:0311,0.0,0.0,7.21,8.34,0.0
20050116:0411,0.0,0.0,7.32,8.97,0.0
20050116:0511,0.0,0.0,7.47,9.38,0.0
20050116:0611,0.0,0.0,7.57,8.83,0.0
20050116:0711,0.0,0.0,7.6,8.14,0.0
20050116:0811,0.0,0.0,7.64,7.79,0.0
20050116:0911,9.75,4.52,7.65,7.31,0.0
20050116:1011,15.07,8.32,7.72,6.34,0.0
20050116:1111,188.83,10.36,7.63,5.93,0.0
20050116:1211,37.23,10.49,7.56,5.66,0.0
20050116:1311,91.77,8.69,7.52,5.66,0.0
20050116:1411,190.58,5.11,7.43,5.86,0.0
20050116:1511,0.89,0.02,7.29,6.41,0.0
20050116:1611,0.0,0.0,7.15,6.55,0.0
20050116:1711,0.0,0.0,7.04,6.41,0.0
20050116:1811,0.0,0.0,7.0,6.9,0.0
20050116:1911,0.0,0.0,6.88,7.38,0.0
20050116:2011,0.0,0.0,6.77,7.93,0.0
20050116:2111,0.0,0.0,6.68,8.14,0.0
20050116:2211,0.0,0.0,7.0,8.48,0.0
20050116:2311,0.0,0.0,7.19,8.69,0.0
20050117:0011,0.0,0.0,7.36,8.76,0.0
20050117:0111,0.0,0.0,7.73,8.9,0.0
20050117:0211,0.0,0.0,7.66,8.21,0.0
20050117:0311,0.0,0.0,7.45,8.21,0.0
20050117:0411,0.0,0.0,7.33,8.55,0.0
20050117:0511,0.0,0.0,7.41,9.38,0.0
20050117:0611,0.0,0.0,7.48,9.59,0.0
20050117:0711,0.0,0.0,7.57,9.86,0.0
20050117:0811,0.0,0.0,7.65,10.14,0.0
20050117:0911,1.77,4.68,7.7,10.14,0.0
20050117:1011,7.98,8.49,7.82,9.1,0.0
20050117:1111,10.64,10.55,7.73,8.76,0.0
20050117:1211,11.52,10.69,7.58,8.62,0.0
20050117:1311,9.75,8.9,7.52,8.9,0.0
20050117:1411,6.21,5.32,7.56,8.69,0.0
20050117:1511,0.89,0.22,7.73,8.62,0.0
20050117:1611,0.0,0.0,7.61,8.69,0.0
20050117:1711,0.0,0.0,7.3,8.62,0.0
20050117:1811,0.0,0.0,7.04,8.21,0.0
20050117:1911,0.0,0.0,6.63,8.69,0.0
20050117:2011,0.0,0.0,6.51,9.31,0.0
20050117:2111,0.0,0.0,6.33,8.14,0.0
20050117:2211,0.0,0.0,6.35,8.07,0.0
20050117:2311,0.0,0.0,6.17,7.38,0.0
20050118:0011,0.0,0.0,6.07,6.97,0.0
20050118:0111,0.0,0.0,5.94,7.1,0.0
20050118:0211,0.0,0.0,5.66,7.52,0.0
20050118:0311,0.0,0.0,5.4,6.83,0.0
20050118:0411,0.0,0.0,5.13,6.48,0.0
20050118:0511,0.0,0.0,4.33,6.48,0.0
20050118:0611,0.0,0.0,4.13,5.45,0.0
20050118:0711,0.0,0.0,3.98,4.55,0.0
20050118:0811,0.0,0.0,3.76,4.28,0.0
20050118:0911,5.32,4.84,3.42,4.41,0.0
20050118:1011,32.8,8.67,3.33,5.38,0.0
20050118:1111,15.07,10.74,3.2,3.45,0.0
20050118:1211,422.82,10.89,2.93,4.34,0.0
20050118:1311,573.03,9.11,2.77,5.17,0.0
20050118:1411,16.84,5.53,2.88,4.76,0.0
20050118:1511,0.89,0.44,2.78,4.41,0.0
20050118:1611,0.0,0.0,2.76,3.93,0.0
20050118:1711,0.0,0.0,3.03,3.38,0.0
20050118:1811,0.0,0.0,3.51,3.45,0.0
20050118:1911,0.0,0.0,3.81,3.38,0.0
20050118:2011,0.0,0.0,4.09,3.1,0.0
20050118:2111,0.0,0.0,4.32,3.1,0.0
20050118:2211,0.0,0.0,3.22,2.55,0.0
20050118:2311,0.0,0.0,3.34,3.86,0.0
20050119:0011,0.0,0.0,3.19,4.21,0.0
20050119:0111,0.0,0.0,3.05,3.45,0.0
20050119:0211,0.0,0.0,2.98,1.93,0.0
20050119:0311,0.0,0.0,2.92,0.83,0.0
20050119:0411,0.0,0.0,2.7,0.21,0.0
20050119:0511,0.0,0.0,2.65,0.14,0.0
20050119:0611,0.0,0.0,2.6,0.41,0.0
20050119:0711,0.0,0.0,2.56,0.69,0.0
20050119:0811,0.0,0.0,2.53,1.45,0.0
20050119:0911,13.3,5.01,2.52,3.38,0.0
20050119:1011,7.98,8.86,3.33,4.9,0.0
20050119:1111,165.57,10.94,3.49,6.69,0.0
20050119:1211,12.41,11.1,3.86,8.34,0.0
20050119:1311,10.64,9.32,4.27,7.86,0.0
20050119:1411,29.25,5.75,4.59,7.66,0.0
20050119:1511,0.89,0.66,4.55,6.55,0.0
20050119:1611,0.0,0.0,4.49,5.24,0.0
20050119:1711,0.0,0.0,4.59,4.41,0.0
20050119:1811,0.0,0.0,4.82,4.9,0.0
20050119:1911,0.0,0.0,4.84,6.76,0.0
20050119:2011,0.0,0.0,4.72,9.24,0.0
20050119:2111,0.0,0.0,4.3,11.24,0.0
20050119:2211,0.0,0.0,3.16,10.41,0.0
20050119:2311,0.0,0.0,2.43,8.48,0.0
20050120:0011,0.0,0.0,3.79,5.93,0.0
20050120:0111,0.0,0.0,5.56,13.31,0.0
20050120:0211,0.0,0.0,5.69,14.55,0.0
20050120:0311,0.0,0.0,5.34,14.0,0.0
20050120:0411,0.0,0.0,5.1,13.72,0.0
20050120:0511,0.0,0.0,5.22,13.93,0.0
20050120:0611,0.0,0.0,5.75,15.24,0.0
20050120:0711,0.0,0.0,5.74,16.34,0.0
20050120:0811,0.0,0.0,6.26,17.1,0.0
20050120:0911,69.05,5.19,6.16,17.03,0.0
20050120:1011,8.86,9.05,5.96,17.59,0.0
20050120:1111,25.71,11.15,5.6,18.48,0.0
20050120:1211,15.07,11.32,5.3,16.76,0.0
20050120:1311,10.64,9.55,5.14,16.62,0.0
20050120:1411,7.09,5.98,5.03,16.41,0.0
20050120:1511,1.77,0.88,4.88,16.14,0.0
20050120:1611,0.0,0.0,4.63,15.24,0.0
20050120:1711,0.0,0.0,4.35,14.07,0.0
20050120:1811,0.0,0.0,4.08,13.17,0.0
20050120:1911,0.0,0.0,3.92,13.17,0.0
20050120:2011,0.0,0.0,3.83,13.79,0.0
20050120:2111,0.0,0.0,3.65,14.21,0.0
20050120:2211,0.0,0.0,3.74,13.66,0.0
20050120:2311,0.0,0.0,3.55,14.83,0.0
20050121:0011,0.0,0.0,3.55,14.69,0.0
20050121:0111,0.0,0.0,3.5,14.07,0.0
20050121:0211,0.0,0.0,3.41,13.24,0.0
20050121:0311,0.0,0.0,3.33,12.9,0.0
20050121:0411,0.0,0.0,3.07,12.28,0.0
20050121:0511,0.0,0.0,3.46,11.79,0.0
20050121:0611,0.0,0.0,3.55,11.52,0.0
20050121:0711,0.0,0.0,2.88,11.31,0.0
20050121:0811,0.0,0.0,2.94,10.14,0.0
20050121:0911,2.66,5.38,2.74,9.93,0.0
20050121:1011,106.21,9.25,2.75,9.38,0.0
20050121:1111,12.41,11.36,2.88,9.79,0.0
20050121:1211,13.3,11.54,3.17,11.03,0.0
20050121:1311,66.66,9.78,3.51,11.1,0.0
20050121:1411,7.09,6.21,3.69,9.72,0.0
20050121:1511,1.77,1.11,3.65,9.45,0.0
20050121:1611,0.0,0.0,3.31,9.66,0.0
20050121:1711,0.0,0.0,2.97,9.45,0.0
20050121:1811,0.0,0.0,2.9,9.72,0.0
20050121:1911,0.0,0.0,3.1,10.21,0.0
20050121:2011,0.0,0.0,3.43,10.14,0.0
20050121:2111,0.0,0.0,3.72,9.52,0.0
20050121:2211,0.0,0.0,3.85,10.41,0.0
20050121:2311,0.0,0.0,4.04,11.17,0.0
20050122:0011,0.0,0.0,4.03,11.59,0.0
20050122:0111,0.0,0.0,4.04,11.72,0.0
20050122:0211,0.0,0.0,4.0,11.66,0.0
20050122:0311,0.0,0.0,3.88,12.0,0.0
20050122:0411,0.0,0.0,3.75,12.0,0.0
20050122:0511,0.0,0.0,3.64,11.52,0.0
20050122:0611,0.0,0.0,3.38,11.1,0.0
20050122:0711,0.0,0.0,3.17,10.76,0.0
20050122:0811,0.0,0.0,2.87,10.55,0.0
20050122:0911,105.04,5.57,2.82,10.14,0.0
20050122:1011,323.67,9.45,2.85,9.17,0.0
20050122:1111,501.31,11.58,2.95,9.52,0.0
20050122:1211,586.16,11.77,3.0,9.93,0.0
20050122:1311,629.79,10.01,3.08,10.21,0.0
20050122:1411,573.1,6.45,3.06,10.41,0.0
20050122:1511,13.3,1.34,2.99,10.83,0.0
20050122:1611,0.0,0.0,2.84,11.03,0.0
20050122:1711,0.0,0.0,2.77,10.69,0.0
20050122:1811,0.0,0.0,2.68,10.62,0.0
20050122:1911,0.0,0.0,2.58,10.48,0.0
20050122:2011,0.0,0.0,2.49,10.62,0.0
20050122:2111,0.0,0.0,2.62,11.03,0.0
20050122:2211,0.0,0.0,2.84,10.97,0.0
20050122:2311,0.0,0.0,2.79,9.45,0.0
20050123:0011,0.0,0.0,2.89,8.28,0.0
20050123:0111,0.0,0.0,3.13,8.76,0.0
20050123:0211,0.0,0.0,3.44,9.79,0.0
20050123:0311,0.0,0.0,3.19,11.86,0.0
20050123:0411,0.0,0.0,3.19,12.21,0.0
20050123:0511,0.0,0.0,2.5,12.48,0.0
20050123:0611,0.0,0.0,2.31,12.69,0.0
20050123:0711,0.0,0.0,2.12,12.76,0.0
20050123:0811,0.0,0.0,2.08,12.41,0.0
20050123:0911,81.42,5.76,2.08,12.21,0.0
20050123:1011,198.62,9.67,2.44,12.9,0.0
20050123:1111,411.86,11.81,2.38,12.76,0.0
20050123:1211,484.55,12.01,2.28,12.62,0.0
20050123:1311,578.72,10.25,2.29,13.31,0.0
20050123:1411,507.97,6.69,2.2,13.1,0.0
20050123:1511,12.41,1.58,1.99,12.69,0.0
20050123:1611,0.0,0.0,1.79,11.86,0.0
20050123:1711,0.0,0.0,1.74,11.17,0.0
20050123:1811,0.0,0.0,1.75,11.31,0.0
20050123:1911,0.0,0.0,1.51,11.45,0.0
20050123:2011,0.0,0.0,1.3,11.03,0.0
20050123:2111,0.0,0.0,1.35,10.14,0.0
20050123:2211,0.0,0.0,1.52,8.76,0.0
20050123:2311,0.0,0.0,1.46,8.62,0.0
20050124:0011,0.0,0.0,1.47,8.28,0.0
20050124:0111,0.0,0.0,1.52,7.38,0.0
20050124:0211,0.0,0.0,1.5,6.69,0.0
20050124:0311,0.0,0.0,1.41,6.62,0.0
20050124:0411,0.0,0.0,1.32,6.62,0.0
20050124:0511,0.0,0.0,1.21,6.21,0.0
20050124:0611,0.0,0.0,1.15,5.66,0.0
20050124:0711,0.0,0.0,1.12,5.45,0.0
20050124:0811,0.0,0.0,1.07,5.59,0.0
20050124:0911,146.22,5.97,1.03,5.86,0.0
20050124:1011,407.74,9.89,1.43,4.69,0.0
20050124:1111,546.44,12.04,1.65,5.03,0.0
20050124:1211,636.88,12.25,1.82,5.24,0.0
20050124:1311,619.81,10.5,1.99,5.38,0.0
20050124:1411,563.18,6.93,1.98,4.76,0.0
20050124:1511,15.96,1.83,1.77,4.41,0.0
20050124:1611,0.0,0.0,1.51,4.41,0.0
20050124:1711,0.0,0.0,1.26,4.21,0.0
20050124:1811,0.0,0.0,1.08,3.86,0.0
20050124:1911,0.0,0.0,0.98,3.66,0.0
20050124:2011,0.0,0.0,0.87,3.52,0.0
20050124:2111,0.0,0.0,0.84,3.31,0.0
20050124:2211,0.0,0.0,0.98,3.38,0.0
20050124:2311,0.0,0.0,0.98,2.83,0.0
20050125:0011,0.0,0.0,0.99,2.62,0.0
20050125:0111,0.0,0.0,1.09,2.62,0.0
20050125:0211,0.0,0.0,1.12,2.55,0.0
20050125:0311,0.0,0.0,1.04,2.55,0.0
20050125:0411,0.0,0.0,0.91,2.55,0.0
20050125:0511,0.0,0.0,0.7,2.41,0.0
20050125:0611,0.0,0.0,0.59,2.34,0.0
20050125:0711,0.0,0.0,0.64,2.55,0.0
20050125:0811,0.0,0.0,0.72,2.83,0.0
20050125:0911,157.81,6.18,0.81,3.03,0.0
20050125:1011,369.46,10.11,1.41,3.72,0.0
20050125:1111,346.62,12.28,1.68,3.38,0.0
20050125:1211,417.31,12.5,1.95,3.03,0.0
20050125:1311,366.59,10.75,2.1,2.97,0.0
20050125:1411,226.3,7.18,2.07,2.76,0.0
20050125:1511,17.73,2.07,1.98,2.76,0.0
20050125:1611,0.0,0.0,1.8,2.62,0.0
20050125:1711,0.0,0.0,1.7,2.41,0.0
20050125:1811,0.0,0.0,1.53,1.93,0.0
20050125:1911,0.0,0.0,1.53,1.45,0.0
20050125:2011,0.0,0.0,1.55,1.24,0.0
20050125:2111,0.0,0.0,1.53,1.17,0.0
20050125:2211,0.0,0.0,1.35,1.03,0.0
20050125:2311,0.0,0.0,1.56,1.66,0.0
20050126:0011,0.0,0.0,1.87,2.62,0.0
20050126:0111,0.0,0.0,2.28,3.79,0.0
20050126:0211,0.0,0.0,2.52,4.62,0.0
20050126:0311,0.0,0.0,2.72,4.9,0.0
20050126:0411,0.0,0.0,2.92,5.38,0.0
20050126:0511,0.0,0.0,3.2,5.72,0.0
20050126:0611,0.0,0.0,3.45,5.79,0.0
20050126:0711,0.0,0.0,3.67,5.79,0.0
20050126:0811,0.0,0.0,4.07,5.1,0.0
20050126:0911,5.32,6.4,4.66,4.07,0.0
20050126:1011,37.23,10.34,4.69,1.72,0.0
20050126:1111,19.5,12.52,4.59,2.55,0.0
20050126:1211,22.16,12.75,4.39,3.17,0.0
20050126:1311,12.41,11.0,4.13,4.21,0.0
20050126:1411,27.48,7.44,3.69,5.79,0.0
20050126:1511,10.64,2.32,3.33,5.86,0.0
20050126:1611,0.0,0.0,3.07,5.59,0.0
20050126:1711,0.0,0.0,2.79,5.52,0.0
20050126:1811,0.0,0.0,2.53,4.55,0.0
20050126:1911,0.0,0.0,2.4,3.79,0.0
20050126:2011,0.0,0.0,2.33,3.72,0.0
20050126:2111,0.0,0.0,2.28,4.21,0.0
20050126:2211,0.0,0.0,2.6,5.03,0.0
20050126:2311,0.0,0.0,2.79,6.07,0.0
20050127:0011,0.0,0.0,3.05,7.79,0.0
20050127:0111,0.0,0.0,3.28,9.03,0.0
20050127:0211,0.0,0.0,3.59,9.31,0.0
20050127:0311,0.0,0.0,3.9,8.55,0.0
20050127:0411,0.0,0.0,4.18,8.55,0.0
20050127:0511,0.0,0.0,4.3,8.76,0.0
20050127:0611,0.0,0.0,4.31,9.24,0.0
20050127:0711,0.0,0.0,4.42,9.86,0.0
20050127:0811,0.0,0.0,4.39,10.0,0.0
20050127:0911,169.58,6.62,4.46,10.48,0.0
20050127:1011,174.07,10.58,4.69,9.1,0.0
20050127:1111,213.69,12.77,4.74,9.66,0.0
20050127:1211,300.21,13.01,4.75,9.31,0.0
20050127:1311,205.94,11.26,4.69,8.97,0.0
20050127:1411,350.07,7.7,4.6,8.62,0.0
20050127:1511,8.86,2.58,4.41,8.62,0.0
20050127:1611,0.0,0.0,4.08,8.69,0.0
20050127:1711,0.0,0.0,3.75,9.03,0.0
20050127:1811,0.0,0.0,3.66,9.31,0.0
20050127:1911,0.0,0.0,3.58,9.17,0.0
20050127:2011,0.0,0.0,3.46,8.83,0.0
20050127:2111,0.0,0.0,3.37,8.41,0.0
20050127:2211,0.0,0.0,4.45,7.45,0.0
20050127:2311,0.0,0.0,4.35,7.17,0.0
20050128:0011,0.0,0.0,4.11,6.76,0.0
20050128:0111,0.0,0.0,3.85,6.21,0.0
20050128:0211,0.0,0.0,3.5,5.31,0.0
20050128:0311,0.0,0.0,3.1,4.14,0.0
20050128:0411,0.0,0.0,2.7,3.24,0.0
20050128:0511,0.0,0.0,2.48,2.97,0.0
20050128:0611,0.0,0.0,2.54,2.69,0.0
20050128:0711,0.0,0.0,2.64,1.93,0.0
20050128:0811,0.0,0.0,2.73,1.45,0.0
20050128:0911,114.56,6.85,2.83,1.38,0.0
20050128:1011,109.64,10.82,3.18,1.59,0.0
20050128:1111,200.68,13.03,3.73,1.59,0.0
20050128:1211,153.36,13.27,4.06,1.79,0.0
20050128:1311,228.59,11.53,4.19,1.86,0.0
20050128:1411,31.03,7.96,4.22,2.14,0.0
20050128:1511,3.55,2.84,4.32,2.41,0.0
20050128:1611,0.0,0.0,4.45,2.97,0.0
20050128:1711,0.0,0.0,4.57,2.9,0.0
20050128:1811,0.0,0.0,4.6,2.28,0.0
20050128:1911,0.0,0.0,4.54,1.93,0.0
20050128:2011,0.0,0.0,4.47,2.55,0.0
20050128:2111,0.0,0.0,4.17,3.1,0.0
20050128:2211,0.0,0.0,3.99,3.31,0.0
20050128:2311,0.0,0.0,3.63,4.07,0.0
20050129:0011,0.0,0.0,3.33,4.69,0.0
20050129:0111,0.0,0.0,3.23,4.55,0.0
20050129:0211,0.0,0.0,3.14,5.31,0.0
20050129:0311,0.0,0.0,3.12,5.24,0.0
20050129:0411,0.0,0.0,2.96,5.03,0.0
20050129:0511,0.0,0.0,3.02,5.38,0.0
20050129:0611,0.0,0.0,2.96,5.24,0.0
20050129:0711,0.0,0.0,2.98,5.59,0.0
20050129:0811,0.0,0.0,3.21,5.93,0.0
20050129:0911,27.32,7.08,3.52,5.86,0.0
20050129:1011,24.82,11.07,4.0,5.38,0.0
20050129:1111,21.28,13.29,4.58,5.86,0.0
20050129:1211,26.59,13.54,5.09,6.48,0.0
20050129:1311,14.18,11.8,5.35,6.48,0.0
20050129:1411,11.52,8.23,5.57,7.1,0.0
20050129:1511,150.42,3.1,5.7,8.07,0.0
20050129:1611,0.0,0.0,5.66,8.28,0.0
20050129:1711,0.0,0.0,5.67,8.14,0.0
20050129:1811,0.0,0.0,5.77,8.83,0.0
20050129:1911,0.0,0.0,5.84,9.17,0.0
20050129:2011,0.0,0.0,5.87,9.66,0.0
20050129:2111,0.0,0.0,5.88,10.28,0.0
20050129:2211,0.0,0.0,6.06,10.62,0.0
20050129:2311,0.0,0.0,6.02,10.83,0.0
20050130:0011,0.0,0.0,5.99,10.48,0.0
20050130:0111,0.0,0.0,5.99,10.0,0.0
20050130:0211,0.0,0.0,6.09,9.59,0.0
20050130:0311,0.0,0.0,6.22,10.0,0.0
20050130:0411,0.0,0.0,6.24,10.69,0.0
20050130:0511,0.0,0.0,6.22,10.9,0.0
20050130:0611,0.0,0.0,6.24,11.17,0.0
20050130:0711,0.0,0.0,6.35,11.86,0.0
20050130:0811,0.0,0.0,6.41,12.41,0.0
20050130:0911,109.2,7.32,6.39,12.48,0.0
20050130:1011,136.13,11.33,6.55,11.79,0.0
20050130:1111,20.39,13.55,6.64,12.0,0.0
20050130:1211,54.08,13.81,6.64,12.62,0.0
20050130:1311,194.65,12.08,6.62,13.1,0.0
20050130:1411,189.79,8.5,6.62,12.62,0.0
20050130:1511,11.52,3.37,6.63,11.93,0.0
20050130:1611,0.0,0.0,6.77,11.79,0.0
20050130:1711,0.0,0.0,7.08,12.76,0.0
20050130:1811,0.0,0.0,7.24,13.79,0.0
20050130:1911,0.0,0.0,7.36,14.69,0.0
20050130:2011,0.0,0.0,7.44,14.48,0.0
20050130:2111,0.0,0.0,7.45,14.55,0.0
20050130:2211,0.0,0.0,7.33,14.76,0.0
20050130:2311,0.0,0.0,7.33,14.69,0.0
20050131:0011,0.0,0.0,7.15,13.86,0.0
20050131:0111,0.0,0.0,6.52,12.07,0.0
20050131:0211,0.0,0.0,5.63,11.79,0.0
20050131:0311,0.0,0.0,4.76,11.86,0.0
20050131:0411,0.0,0.0,4.23,12.34,0.0
20050131:0511,0.0,0.0,3.93,13.24,0.0
20050131:0611,0.0,0.0,3.95,13.45,0.0
20050131:0711,0.0,0.0,4.24,13.86,0.0
20050131:0811,0.0,0.0,4.5,13.59,0.0
20050131:0911,21.28,7.57,4.64,13.86,0.0
20050131:1011,12.41,11.59,4.42,13.03,0.0
20050131:1111,144.39,13.83,4.61,11.86,0.0
20050131:1211,130.1,14.09,4.71,12.0,0.0
20050131:1311,341.39,12.36,4.72,12.69,0.0
20050131:1411,14.18,8.78,4.47,13.45,0.0
20050131:1511,75.63,3.64,4.31,13.24,0.0
20050131:1611,0.0,0.0,4.01,13.1,0.0
20050131:1711,0.0,0.0,3.75,13.59,0.0
20050131:1811,0.0,0.0,3.62,14.34,0.0
20050131:1911,0.0,0.0,3.61,14.83,0.0
20050131:2011,0.0,0.0,3.64,14.55,0.0
20050131:2111,0.0,0.0,3.61,14.48,0.0
20050131:2211,0.0,0.0,3.79,13.17,0.0
20050131:2311,0.0,0.0,3.78,12.14,0.0
20050201:0011,0.0,0.0,3.81,12.62,0.0
20050201:0111,0.0,0.0,3.88,12.69,0.0
20050201:0211,0.0,0.0,3.89,12.34,0.0
20050201:0311,0.0,0.0,3.85,12.55,0.0
20050201:0411,0.0,0.0,3.83,12.9,0.0
20050201:0511,0.0,0.0,3.72,12.62,0.0
20050201:0611,0.0,0.0,3.75,12.62,0.0
20050201:0711,0.0,0.0,3.8,12.0,0.0
20050201:0811,0.0,0.0,3.94,11.24,0.0
20050201:0911,97.54,7.82,4.17,11.17,0.0
20050201:1011,90.25,11.85,4.6,10.76,0.0
20050201:1111,56.73,14.1,4.77,11.38,0.0
20050201:1211,97.93,14.37,4.92,12.21,0.0
20050201:1311,28.37,12.64,5.06,13.45,0.0
20050201:1411,20.39,9.06,5.14,13.66,0.0
20050201:1511,20.39,3.91,5.12,13.1,0.0
20050201:1611,0.0,0.0,5.0,11.79,0.0
20050201:1711,0.0,0.0,5.01,11.24,0.0
20050201:1811,0.0,0.0,4.97,11.1,0.0
20050201:1911,0.0,0.0,4.93,10.62,0.0
20050201:2011,0.0,0.0,4.91,10.21,0.0
20050201:2111,0.0,0.0,5.09,10.07,0.0
20050201:2211,0.0,0.0,5.58,9.59,0.0
20050201:2311,0.0,0.0,5.9,9.66,0.0
20050202:0011,0.0,0.0,6.01,10.0,0.0
20050202:0111,0.0,0.0,6.12,10.48,0.0
20050202:0211,0.0,0.0,6.07,10.41,0.0
20050202:0311,0.0,0.0,6.08,10.07,0.0
20050202:0411,0.0,0.0,6.18,10.14,0.0
20050202:0511,0.0,0.0,6.24,10.41,0.0
20050202:0611,0.0,0.0,6.25,10.76,0.0
20050202:0711,0.0,0.0,6.27,9.93,0.0
20050202:0811,0.0,0.0,6.29,9.86,0.0
20050202:0911,132.17,8.08,6.35,9.52,0.0
20050202:1011,25.71,12.13,6.41,9.17,0.0
20050202:1111,43.44,14.39,6.45,8.55,0.0
20050202:1211,40.78,14.66,6.46,8.21,0.0
20050202:1311,395.03,12.93,6.54,8.28,0.0
20050202:1411,456.81,9.34,6.38,8.97,0.0
20050202:1511,221.52,4.19,5.96,9.72,0.0
20050202:1611,0.0,0.0,5.52,10.21,0.0
20050202:1711,0.0,0.0,5.22,10.55,0.0
20050202:1811,0.0,0.0,5.09,10.9,0.0
20050202:1911,0.0,0.0,5.02,10.76,0.0
20050202:2011,0.0,0.0,5.02,11.45,0.0
20050202:2111,0.0,0.0,5.08,9.93,0.0
20050202:2211,0.0,0.0,5.34,9.17,0.0
20050202:2311,0.0,0.0,5.19,8.55,0.0
20050203:0011,0.0,0.0,5.16,7.93,0.0
20050203:0111,0.0,0.0,5.18,7.52,0.0
20050203:0211,0.0,0.0,5.34,6.9,0.0
20050203:0311,0.0,0.0,5.61,5.86,0.0
20050203:0411,0.0,0.0,5.8,5.52,0.0
20050203:0511,0.0,0.0,5.94,5.45,0.0
20050203:0611,0.0,0.0,6.17,5.59,0.0
20050203:0711,0.0,0.0,6.46,6.0,0.0
20050203:0811,0.0,0.0,6.73,6.34,0.0
20050203:0911,9.75,8.34,6.89,6.41,0.0
20050203:1011,44.32,12.4,7.03,5.31,0.0
20050203:1111,74.53,14.67,7.02,5.1,0.0
20050203:1211,138.32,14.96,6.98,4.34,0.0
20050203:1311,136.84,13.22,6.91,3.66,0.0
20050203:1411,104.45,9.63,6.83,3.38,0.0
20050203:1511,128.14,4.47,6.7,3.17,0.0
20050203:1611,0.0,0.0,6.55,2.55,0.0
20050203:1711,0.0,0.0,6.39,2.69,0.0
20050203:1811,0.0,0.0,6.42,2.9,0.0
20050203:1911,0.0,0.0,6.44,2.69,0.0
20050203:2011,0.0,0.0,6.45,2.55,0.0
20050203:2111,0.0,0.0,6.38,3.1,0.0
20050203:2211,0.0,0.0,6.29,4.69,0.0
20050203:2311,0.0,0.0,6.33,5.31,0.0
20050204:0011,0.0,0.0,6.46,4.97,0.0
20050204:0111,0.0,0.0,6.68,5.59,0.0
20050204:0211,0.0,0.0,6.89,6.07,0.0
20050204:0311,0.0,0.0,6.9,6.07,0.0
20050204:0411,0.0,0.0,6.78,5.79,0.0
20050204:0511,0.0,0.0,6.64,5.59,0.0
20050204:0611,0.0,0.0,6.55,5.31,0.0
20050204:0711,0.0,0.0,6.54,5.17,0.0
20050204:0811,0.0,0.0,6.58,5.24,0.0
20050204:0911,7.09,8.61,6.57,5.52,0.0
20050204:1011,19.5,12.69,6.54,5.86,0.0
20050204:1111,29.25,14.97,6.58,5.66,0.0
20050204:1211,32.8,15.25,6.56,5.24,0.0
20050204:1311,19.5,13.52,6.55,4.97,0.0
20050204:1411,12.41,9.92,6.52,5.24,0.0
20050204:1511,6.21,4.75,6.51,5.66,0.0
20050204:1611,0.0,0.0,6.49,5.93,0.0
20050204:1711,0.0,0.0,6.48,6.14,0.0
20050204:1811,0.0,0.0,6.48,6.34,0.0
20050204:1911,0.0,0.0,6.45,6.62,0.0
20050204:2011,0.0,0.0,6.42,7.31,0.0
20050204:2111,0.0,0.0,6.32,8.14,0.0
20050204:2211,0.0,0.0,6.35,8.48,0.0
20050204:2311,0.0,0.0,6.34,8.14,0.0
20050205:0011,0.0,0.0,6.35,0.0,0.0
20050205:0111,0.0,0.0,6.48,0.0,0.0
20050205:0211,0.0,0.0,6.58,8.28,0.0
20050205:0311,0.0,0.0,6.62,8.28,0.0
20050205:0411,0.0,0.0,6.65,7.59,0.0
20050205:0511,0.0,0.0,6.48,7.59,0.0
20050205:0611,0.0,0.0,6.36,7.52,0.0
20050205:0711,0.0,0.0,6.19,7.72,0.0
20050205:0811,0.0,0.0,6.19,8.41,0.0
20050205:0911,35.43,8.89,6.39,8.83,0.0
20050205:1011,15.07,12.97,6.21,8.07,0.0
20050205:1111,22.16,15.27,6.14,8.69,0.0
20050205:1211,30.14,15.56,6.11,8.34,0.0
20050205:1311,20.39,13.82,6.09,8.14,0.0
20050205:1411,23.05,10.22,5.97,8.48,0.0
20050205:1511,13.3,5.04,5.87,8.69,0.0
20050205:1611,0.0,0.0,5.65,8.48,0.0
20050205:1711,0.0,0.0,5.52,7.93,0.0
20050205:1811,0.0,0.0,5.31,7.86,0.0
20050205:1911,0.0,0.0,5.1,7.72,0.0
20050205:2011,0.0,0.0,4.9,7.86,0.0
20050205:2111,0.0,0.0,4.76,8.0,0.0
20050205:2211,0.0,0.0,4.82,7.72,0.0
20050205:2311,0.0,0.0,4.85,7.86,0.0
20050206:0011,0.0,0.0,4.79,8.0,0.0
20050206:0111,0.0,0.0,4.6,8.21,0.0
20050206:0211,0.0,0.0,4.25,8.48,0.0
20050206:0311,0.0,0.0,3.89,8.9,0.0
20050206:0411,0.0,0.0,3.6,9.03,0.0
20050206:0511,0.0,0.0,3.37,9.59,0.0
20050206:0611,0.0,0.0,3.19,9.45,0.0
20050206:0711,0.0,0.0,3.06,9.59,0.0
20050206:0811,0.89,3.59,3.09,9.66,0.0
20050206:0911,7.98,9.17,3.01,9.66,0.0
20050206:1011,14.18,13.27,3.1,9.31,0.0
20050206:1111,17.73,15.57,3.17,10.28,0.0
20050206:1211,27.48,15.86,3.27,10.62,0.0
20050206:1311,17.73,14.13,3.26,10.76,0.0
20050206:1411,13.3,10.52,3.21,10.76,0.0
20050206:1511,7.09,5.33,3.23,10.76,0.0
20050206:1611,0.0,0.0,3.19,10.55,0.0
20050206:1711,0.0,0.0,3.25,10.21,0.0
20050206:1811,0.0,0.0,3.22,10.07,0.0
20050206:1911,0.0,0.0,3.14,9.79,0.0
20050206:2011,0.0,0.0,3.1,9.59,0.0
20050206:2111,0.0,0.0,2.98,9.17,0.0
20050206:2211,0.0,0.0,2.81,9.24,0.0
20050206:2311,0.0,0.0,2.71,9.31,0.0
20050207:0011,0.0,0.0,2.55,9.17,0.0
20050207:0111,0.0,0.0,2.37,9.17,0.0
20050207:0211,0.0,0.0,2.25,9.17,0.0
20050207:0311,0.0,0.0,2.15,9.17,0.0
20050207:0411,0.0,0.0,2.1,9.24,0.0
20050207:0511,0.0,0.0,2.02,9.38,0.0
20050207:0611,0.0,0.0,2.02,9.24,0.0
20050207:0711,0.0,0.0,1.97,9.03,0.0
20050207:0811,0.89,3.86,1.91,9.03,0.0
20050207:0911,26.59,9.45,1.92,9.1,0.0
20050207:1011,19.5,13.56,1.86,8.69,0.0
20050207:1111,18.62,15.88,1.89,8.9,0.0
20050207:1211,19.5,16.17,1.99,9.24,0.0
20050207:1311,18.62,14.44,2.01,9.72,0.0
20050207:1411,13.3,10.82,2.01,10.14,0.0
20050207:1511,7.09,5.62,2.02,10.41,0.0
20050207:1611,0.0,0.0,2.0,10.62,0.0
20050207:1711,0.0,0.0,1.96,10.69,0.0
20050207:1811,0.0,0.0,1.94,10.55,0.0
20050207:1911,0.0,0.0,1.99,10.21,0.0
20050207:2011,0.0,0.0,2.12,10.07,0.0
20050207:2111,0.0,0.0,2.26,10.07,0.0
20050207:2211,0.0,0.0,2.36,10.21,0.0
20050207:2311,0.0,0.0,2.54,9.86,0.0
20050208:0011,0.0,0.0,2.73,9.45,0.0
20050208:0111,0.0,0.0,2.83,9.1,0.0
20050208:0211,0.0,0.0,2.88,8.76,0.0
20050208:0311,0.0,0.0,3.0,8.55,0.0
20050208:0411,0.0,0.0,3.01,8.69,0.0
20050208:0511,0.0,0.0,2.94,9.17,0.0
20050208:0611,0.0,0.0,2.92,9.59,0.0
20050208:0711,0.0,0.0,2.83,9.66,0.0
20050208:0811,0.89,4.14,2.7,9.79,0.0
20050208:0911,11.52,9.74,2.64,9.93,0.0
20050208:1011,15.96,13.87,2.25,10.0,0.0
20050208:1111,18.62,16.19,2.1,10.34,0.0
20050208:1211,20.39,16.49,2.04,10.41,0.0
20050208:1311,23.05,14.75,1.95,10.0,0.0
20050208:1411,30.14,11.12,1.89,10.14,0.0
20050208:1511,8.86,5.92,1.76,10.41,0.0
20050208:1611,0.0,0.0,1.63,10.9,0.0
20050208:1711,0.0,0.0,1.47,11.24,0.0
20050208:1811,0.0,0.0,1.46,11.45,0.0
20050208:1911,0.0,0.0,1.65,11.52,0.0
20050208:2011,0.0,0.0,1.88,11.52,0.0
20050208:2111,0.0,0.0,2.25,11.59,0.0
20050208:2211,0.0,0.0,2.27,12.34,0.0
20050208:2311,0.0,0.0,2.74,12.07,0.0
20050209:0011,0.0,0.0,3.18,10.97,0.0
20050209:0111,0.0,0.0,3.86,11.38,0.0
20050209:0211,0.0,0.0,4.44,10.97,0.0
20050209:0311,0.0,0.0,4.71,9.52,0.0
20050209:0411,0.0,0.0,4.99,9.1,0.0
20050209:0511,0.0,0.0,5.2,9.59,0.0
20050209:0611,0.0,0.0,5.4,10.48,0.0
20050209:0711,0.0,0.0,5.52,11.31,0.0
20050209:0811,1.77,4.42,5.6,11.86,0.0
20050209:0911,9.75,10.04,5.66,10.97,0.0
20050209:1011,27.48,14.18,5.98,10.28,0.0
20050209:1111,30.14,16.5,6.03,9.79,0.0
20050209:1211,20.39,16.81,6.04,9.93,0.0
20050209:1311,21.28,15.06,6.04,9.93,0.0
20050209:1411,14.18,11.43,6.07,9.59,0.0
20050209:1511,8.86,6.22,6.14,9.24,0.0
20050209:1611,0.0,-0.21,6.19,9.03,0.0
20050209:1711,0.0,0.0,6.25,9.52,0.0
20050209:1811,0.0,0.0,6.26,9.72,0.0
20050209:1911,0.0,0.0,6.28,9.86,0.0
20050209:2011,0.0,0.0,6.33,10.21,0.0
20050209:2111,0.0,0.0,6.4,10.76,0.0
20050209:2211,0.0,0.0,6.58,10.62,0.0
20050209:2311,0.0,0.0,6.74,11.17,0.0
20050210:0011,0.0,0.0,6.76,11.45,0.0
20050210:0111,0.0,0.0,6.75,11.72,0.0
20050210:0211,0.0,0.0,6.67,12.14,0.0
20050210:0311,0.0,0.0,6.58,13.31,0.0
20050210:0411,0.0,0.0,5.56,12.41,0.0
20050210:0511,0.0,0.0,4.74,9.72,0.0
20050210:0611,0.0,0.0,4.4,10.97,0.0
20050210:0711,0.0,0.0,4.12,12.55,0.0
20050210:0811,32.67,4.71,3.51,12.83,0.0
20050210:0911,181.97,10.34,3.09,12.76,0.0
20050210:1011,81.22,14.49,3.19,12.28,0.0
20050210:1111,24.82,16.82,2.73,12.9,0.0
20050210:1211,327.79,17.13,2.9,12.34,0.0
20050210:1311,41.66,15.38,2.84,12.62,0.0
20050210:1411,21.28,11.74,3.59,13.31,0.0
20050210:1511,13.3,6.52,3.63,13.66,0.0
20050210:1611,0.89,0.08,3.47,14.0,0.0
20050210:1711,0.0,0.0,3.29,12.83,0.0
20050210:1811,0.0,0.0,4.12,12.55,0.0
20050210:1911,0.0,0.0,3.97,12.28,0.0
20050210:2011,0.0,0.0,3.63,11.59,0.0
20050210:2111,0.0,0.0,3.61,10.76,0.0
20050210:2211,0.0,0.0,4.18,9.66,0.0
20050210:2311,0.0,0.0,4.13,9.24,0.0
20050211:0011,0.0,0.0,3.9,9.86,0.0
20050211:0111,0.0,0.0,3.49,10.41,0.0
20050211:0211,0.0,0.0,3.39,9.79,0.0
20050211:0311,0.0,0.0,3.29,9.1,0.0
20050211:0411,0.0,0.0,3.12,8.83,0.0
20050211:0511,0.0,0.0,3.02,8.76,0.0
20050211:0611,0.0,0.0,3.07,8.41,0.0
20050211:0711,0.0,0.0,3.35,7.93,0.0
20050211:0811,27.69,5.0,3.77,7.17,0.0
20050211:0911,225.71,10.64,4.22,6.41,0.0
20050211:1011,420.0,14.8,4.44,4.76,0.0
20050211:1111,332.7,17.15,4.81,5.03,0.0
20050211:1211,444.8,17.46,4.91,6.55,0.0
20050211:1311,385.3,15.71,5.03,6.97,0.0
20050211:1411,21.28,12.06,5.19,6.28,0.0
20050211:1511,118.83,6.82,5.11,6.14,0.0
20050211:1611,1.77,0.37,4.96,5.79,0.0
20050211:1711,0.0,0.0,4.97,5.38,0.0
20050211:1811,0.0,0.0,4.95,4.97,0.0
20050211:1911,0.0,0.0,4.82,4.76,0.0
20050211:2011,0.0,0.0,4.62,5.1,0.0
20050211:2111,0.0,0.0,4.66,4.76,0.0
20050211:2211,0.0,0.0,4.63,4.41,0.0
20050211:2311,0.0,0.0,4.68,3.86,0.0
20050212:0011,0.0,0.0,4.67,3.17,0.0
20050212:0111,0.0,0.0,4.58,2.62,0.0
20050212:0211,0.0,0.0,4.42,2.21,0.0
20050212:0311,0.0,0.0,4.23,2.83,0.0
20050212:0411,0.0,0.0,3.88,3.38,0.0
20050212:0511,0.0,0.0,3.58,4.0,0.0
20050212:0611,0.0,0.0,3.3,5.1,0.0
20050212:0711,0.0,0.0,3.03,5.93,0.0
20050212:0811,2.66,5.3,2.78,6.48,0.0
20050212:0911,9.75,10.95,2.44,6.97,0.0
20050212:1011,55.85,15.13,2.85,6.83,0.0
20050212:1111,46.1,17.48,2.75,5.79,0.0
20050212:1211,31.03,17.79,2.72,5.38,0.0
20050212:1311,28.37,16.03,2.88,4.83,0.0
20050212:1411,30.14,12.37,2.86,4.41,0.0
20050212:1511,16.84,7.12,2.82,4.83,0.0
20050212:1611,2.66,0.66,2.83,6.14,0.0
20050212:1711,0.0,0.0,2.85,6.69,0.0
20050212:1811,0.0,0.0,2.92,6.62,0.0
20050212:1911,0.0,0.0,3.02,6.62,0.0
20050212:2011,0.0,0.0,3.03,6.69,0.0
20050212:2111,0.0,0.0,3.02,6.55,0.0
20050212:2211,0.0,0.0,3.07,6.07,0.0
20050212:2311,0.0,0.0,3.02,5.31,0.0
20050213:0011,0.0,0.0,2.97,4.69,0.0
20050213:0111,0.0,0.0,2.97,4.48,0.0
20050213:0211,0.0,0.0,2.94,4.34,0.0
20050213:0311,0.0,0.0,2.88,4.21,0.0
20050213:0411,0.0,0.0,2.78,4.34,0.0
20050213:0511,0.0,0.0,2.72,4.55,0.0
20050213:0611,0.0,0.0,2.7,4.83,0.0
20050213:0711,0.0,0.0,2.74,5.17,0.0
20050213:0811,22.11,5.6,2.88,5.45,0.0
20050213:0911,88.56,11.27,3.15,5.86,0.0
20050213:1011,361.53,15.45,3.73,6.97,0.0
20050213:1111,589.86,17.81,4.25,7.03,0.0
20050213:1211,631.63,18.13,4.73,7.38,0.0
20050213:1311,664.32,16.36,5.05,8.0,0.0
20050213:1411,663.13,12.69,5.05,8.76,0.0
20050213:1511,441.66,7.43,4.74,9.17,0.0
20050213:1611,12.41,0.96,4.24,9.86,0.0
20050213:1711,0.0,0.0,3.66,10.76,0.0
20050213:1811,0.0,0.0,3.28,11.24,0.0
20050213:1911,0.0,0.0,2.99,11.24,0.0
20050213:2011,0.0,0.0,2.87,10.69,0.0
20050213:2111,0.0,0.0,2.73,10.34,0.0
20050213:2211,0.0,0.0,2.5,10.28,0.0
20050213:2311,0.0,0.0,2.39,10.07,0.0
20050214:0011,0.0,0.0,2.33,9.66,0.0
20050214:0111,0.0,0.0,2.39,9.38,0.0
20050214:0211,0.0,0.0,2.51,8.55,0.0
20050214:0311,0.0,0.0,2.52,7.1,0.0
20050214:0411,0.0,0.0,2.37,5.79,0.0
20050214:0511,0.0,0.0,1.93,5.03,0.0
20050214:0611,0.0,0.0,1.43,4.69,0.0
20050214:0711,0.0,0.0,1.12,4.48,0.0
20050214:0811,67.58,5.91,1.1,4.28,0.0
20050214:0911,280.9,11.58,1.35,4.34,0.0
20050214:1011,443.88,15.78,2.26,4.41,0.0
20050214:1111,684.2,18.15,2.61,4.34,0.0
20050214:1211,701.37,18.46,2.73,4.69,0.0
20050214:1311,786.3,16.7,2.86,5.1,0.0
20050214:1411,702.9,13.01,3.0,5.72,0.0
20050214:1511,422.21,7.74,2.96,6.28,0.0
20050214:1611,14.18,1.25,2.67,6.0,0.0
20050214:1711,0.0,0.0,2.3,5.79,0.0
20050214:1811,0.0,0.0,2.0,5.72,0.0
20050214:1911,0.0,0.0,1.75,5.45,0.0
20050214:2011,0.0,0.0,1.48,4.69,0.0
20050214:2111,0.0,0.0,1.2,4.07,0.0
20050214:2211,0.0,0.0,1.41,3.52,0.0
20050214:2311,0.0,0.0,1.15,3.03,0.0
20050215:0011,0.0,0.0,0.91,3.24,0.0
20050215:0111,0.0,0.0,0.73,3.17,0.0
20050215:0211,0.0,0.0,0.57,3.17,0.0
20050215:0311,0.0,0.0,0.38,3.03,0.0
20050215:0411,0.0,0.0,0.15,2.97,0.0
20050215:0511,0.0,0.0,-0.01,2.34,0.0
20050215:0611,0.0,0.0,-0.14,2.0,0.0
20050215:0711,0.0,0.0,-0.18,2.0,0.0
20050215:0811,59.65,6.22,-0.15,1.86,0.0
20050215:0911,266.38,11.91,0.05,1.93,0.0
20050215:1011,459.21,16.12,0.6,1.24,0.0
20050215:1111,598.26,18.49,0.84,1.03,0.0
20050215:1211,679.49,18.81,1.01,0.62,0.0
20050215:1311,591.8,17.03,1.18,0.41,0.0
20050215:1411,669.44,13.34,1.34,0.9,0.0
20050215:1511,439.86,8.05,1.43,1.1,0.0
20050215:1611,17.73,1.55,1.52,0.76,0.0
20050215:1711,0.0,0.0,1.54,0.69,0.0
20050215:1811,0.0,0.0,1.49,0.76,0.0
20050215:1911,0.0,0.0,1.34,1.93,0.0
20050215:2011,0.0,0.0,1.11,2.97,0.0
20050215:2111,0.0,0.0,0.74,3.52,0.0
20050215:2211,0.0,0.0,0.79,3.93,0.0
20050215:2311,0.0,0.0,0.57,3.79,0.0
20050216:0011,0.0,0.0,0.31,3.45,0.0
20050216:0111,0.0,0.0,0.18,3.03,0.0
20050216:0211,0.0,0.0,0.08,3.03,0.0
20050216:0311,0.0,0.0,0.02,2.97,0.0
20050216:0411,0.0,0.0,-0.14,2.97,0.0
20050216:0511,0.0,0.0,-0.16,2.83,0.0
20050216:0611,0.0,0.0,-0.17,2.97,0.0
20050216:0711,0.0,0.0,-0.11,3.45,0.0
20050216:0811,52.43,6.53,-0.03,3.93,0.0
20050216:0911,223.98,12.23,0.15,4.62,0.0
20050216:1011,328.06,16.45,-0.16,3.79,0.0
20050216:1111,332.78,18.84,0.08,3.45,0.0
20050216:1211,26.59,19.15,0.39,2.97,0.0
20050216:1311,62.94,17.37,0.67,2.83,0.0
20050216:1411,84.7,13.66,0.87,3.24,0.0
20050216:1511,17.73,8.36,1.02,2.97,0.0
20050216:1611,9.75,1.85,1.12,2.76,0.0
20050216:1711,0.0,0.0,1.35,3.38,0.0
20050216:1811,0.0,0.0,1.57,4.21,0.0
20050216:1911,0.0,0.0,1.81,4.97,0.0
20050216:2011,0.0,0.0,2.11,5.38,0.0
20050216:2111,0.0,0.0,2.5,5.31,0.0
20050216:2211,0.0,0.0,2.41,5.1,0.0
20050216:2311,0.0,0.0,2.96,5.38,0.0
20050217:0011,0.0,0.0,3.33,5.03,0.0
20050217:0111,0.0,0.0,3.59,4.9,0.0
20050217:0211,0.0,0.0,3.81,4.55,0.0
20050217:0311,0.0,0.0,3.93,4.48,0.0
20050217:0411,0.0,0.0,4.01,4.69,0.0
20050217:0511,0.0,0.0,4.16,4.41,0.0
20050217:0611,0.0,0.0,4.41,4.34,0.0
20050217:0711,0.0,0.0,4.62,3.86,0.0
20050217:0811,34.82,6.85,4.7,2.34,0.0
20050217:0911,50.5,12.57,4.68,1.31,0.0
20050217:1011,31.91,16.79,4.53,1.59,0.0
20050217:1111,63.83,19.18,4.57,2.0,0.0
20050217:1211,55.85,19.5,4.76,2.62,0.0
20050217:1311,61.17,17.71,4.89,3.24,0.0
20050217:1411,55.85,13.99,4.86,3.24,0.0
20050217:1511,50.87,8.68,4.79,3.17,0.0
20050217:1611,8.86,2.16,4.61,3.17,0.0
20050217:1711,0.0,0.0,4.51,3.38,0.0
20050217:1811,0.0,0.0,4.46,3.86,0.0
20050217:1911,0.0,0.0,4.41,3.86,0.0
20050217:2011,0.0,0.0,4.37,3.45,0.0
20050217:2111,0.0,0.0,4.4,3.31,0.0
20050217:2211,0.0,0.0,4.49,3.31,0.0
20050217:2311,0.0,0.0,4.56,3.66,0.0
20050218:0011,0.0,0.0,4.69,4.41,0.0
20050218:0111,0.0,0.0,4.8,6.14,0.0
20050218:0211,0.0,0.0,4.92,6.76,0.0
20050218:0311,0.0,0.0,5.02,7.52,0.0
20050218:0411,0.0,0.0,5.03,7.52,0.0
20050218:0511,0.0,0.0,4.98,8.48,0.0
20050218:0611,0.0,0.0,5.15,9.03,0.0
20050218:0711,0.0,0.0,5.14,10.34,0.0
20050218:0811,4.43,7.17,5.27,10.9,0.0
20050218:0911,14.18,12.9,5.44,10.07,0.0
20050218:1011,29.25,17.14,5.07,8.76,0.0
20050218:1111,45.21,19.54,4.84,7.31,0.0
20050218:1211,205.99,19.85,4.8,7.79,0.0
20050218:1311,378.1,18.05,4.46,8.34,0.0
20050218:1411,516.15,14.32,4.21,9.17,0.0
20050218:1511,28.37,8.99,4.24,9.1,0.0
20050218:1611,92.64,2.46,4.13,9.31,0.0
20050218:1711,0.0,0.0,3.86,10.0,0.0
20050218:1811,0.0,0.0,3.56,9.72,0.0
20050218:1911,0.0,0.0,3.41,9.03,0.0
20050218:2011,0.0,0.0,3.28,9.03,0.0
20050218:2111,0.0,0.0,3.08,8.76,0.0
20050218:2211,0.0,0.0,2.51,7.38,0.0
20050218:2311,0.0,0.0,2.3,6.76,0.0
20050219:0011,0.0,0.0,2.17,6.21,0.0
20050219:0111,0.0,0.0,1.92,5.86,0.0
20050219:0211,0.0,0.0,1.84,6.0,0.0
20050219:0311,0.0,0.0,1.82,6.76,0.0
20050219:0411,0.0,0.0,1.79,7.72,0.0
20050219:0511,0.0,0.0,1.77,8.41,0.0
20050219:0611,0.0,0.0,1.7,8.76,0.0
20050219:0711,0.0,0.0,1.6,8.69,0.0
20050219:0811,89.36,7.5,1.61,8.14,0.0
20050219:0911,123.28,13.24,1.79,7.38,0.0
20050219:1011,211.73,17.49,2.17,6.28,0.0
20050219:1111,378.0,19.89,2.44,6.07,0.0
20050219:1211,135.25,20.2,2.71,6.48,0.0
20050219:1311,270.87,18.4,2.88,6.76,0.0
20050219:1411,175.58,14.66,2.95,6.62,0.0
20050219:1511,129.64,9.31,2.95,6.21,0.0
20050219:1611,128.86,2.76,2.88,5.72,0.0
20050219:1711,0.0,0.0,2.65,5.52,0.0
20050219:1811,0.0,0.0,2.42,5.52,0.0
20050219:1911,0.0,0.0,2.23,5.72,0.0
20050219:2011,0.0,0.0,2.04,5.93,0.0
20050219:2111,0.0,0.0,1.81,5.72,0.0
20050219:2211,0.0,0.0,2.16,5.31,0.0
20050219:2311,0.0,0.0,1.87,4.97,0.0
20050220:0011,0.0,0.0,1.55,4.62,0.0
20050220:0111,0.0,0.0,1.29,4.34,0.0
20050220:0211,0.0,0.0,1.11,4.07,0.0
20050220:0311,0.0,0.0,1.02,3.79,0.0
20050220:0411,0.0,0.0,0.9,3.52,0.0
20050220:0511,0.0,0.0,0.82,3.24,0.0
20050220:0611,0.0,0.0,0.8,3.1,0.0
20050220:0711,0.0,0.0,0.87,3.03,0.0
20050220:0811,21.28,7.83,1.08,2.55,0.0
20050220:0911,233.9,13.58,1.58,2.0,0.0
20050220:1011,553.66,17.84,2.22,1.72,0.0
20050220:1111,731.47,20.25,2.87,1.45,0.0
20050220:1211,818.5,20.56,3.21,2.0,0.0
20050220:1311,841.09,18.75,3.33,2.62,0.0
20050220:1411,810.67,14.99,3.37,2.76,0.0
20050220:1511,623.57,9.63,3.31,2.76,0.0
20050220:1611,371.66,3.07,3.23,3.03,0.0
20050220:1711,0.0,0.0,3.05,3.72,0.0
20050220:1811,0.0,0.0,2.55,3.86,0.0
20050220:1911,0.0,0.0,2.24,3.59,0.0
20050220:2011,0.0,0.0,1.96,3.45,0.0
20050220:2111,0.0,0.0,2.03,3.66,0.0
20050220:2211,0.0,0.0,1.99,5.1,0.0
20050220:2311,0.0,0.0,2.08,5.31,0.0
20050221:0011,0.0,0.0,2.03,5.1,0.0
20050221:0111,0.0,0.0,1.81,4.9,0.0
20050221:0211,0.0,0.0,1.5,4.97,0.0
20050221:0311,0.0,0.0,1.12,4.83,0.0
20050221:0411,0.0,0.0,0.82,5.03,0.0
20050221:0511,0.0,0.0,0.71,5.38,0.0
20050221:0611,0.0,0.0,0.73,5.93,0.0
20050221:0711,0.0,0.0,0.82,6.48,0.0
20050221:0811,41.42,8.17,1.09,6.97,0.0
20050221:0911,338.71,13.93,1.51,7.52,0.0
20050221:1011,47.87,18.2,2.12,7.79,0.0
20050221:1111,339.04,20.61,2.72,8.14,0.0
20050221:1211,497.93,20.92,3.14,8.28,0.0
20050221:1311,771.39,19.1,3.17,8.07,0.0
20050221:1411,733.63,15.33,3.19,8.0,0.0
20050221:1511,468.42,9.95,3.12,7.1,0.0
20050221:1611,297.0,3.38,2.86,6.41,0.0
20050221:1711,0.0,0.0,2.44,6.28,0.0
20050221:1811,0.0,0.0,2.1,6.07,0.0
20050221:1911,0.0,0.0,1.82,5.79,0.0
20050221:2011,0.0,0.0,1.66,5.52,0.0
20050221:2111,0.0,0.0,1.57,5.24,0.0
20050221:2211,0.0,0.0,1.66,5.52,0.0
20050221:2311,0.0,0.0,1.51,5.17,0.0
20050222:0011,0.0,0.0,1.37,4.55,0.0
20050222:0111,0.0,0.0,1.22,3.93,0.0
20050222:0211,0.0,0.0,1.08,3.66,0.0
20050222:0311,0.0,0.0,0.94,3.45,0.0
20050222:0411,0.0,0.0,0.81,3.45,0.0
20050222:0511,0.0,0.0,0.73,3.66,0.0
20050222:0611,0.0,0.0,0.62,3.72,0.0
20050222:0711,0.0,0.0,0.54,3.59,0.0
20050222:0811,109.65,8.51,0.64,3.45,0.0
20050222:0911,49.64,14.28,0.68,3.93,0.0
20050222:1011,29.25,18.56,0.87,5.72,0.0
20050222:1111,215.02,20.97,0.92,6.14,0.0
20050222:1211,549.86,21.28,1.1,6.62,0.0
20050222:1311,608.66,19.45,1.2,6.83,0.0
20050222:1411,347.71,15.66,1.16,7.17,0.0
20050222:1511,391.67,10.27,1.0,6.62,0.0
20050222:1611,337.17,3.69,0.68,6.48,0.0
20050222:1711,0.0,0.0,0.17,6.83,0.0
20050222:1811,0.0,0.0,-0.53,7.52,0.0
20050222:1911,0.0,0.0,-1.21,8.28,0.0
20050222:2011,0.0,0.0,-1.81,8.9,0.0
20050222:2111,0.0,0.0,-2.3,9.24,0.0
20050222:2211,0.0,0.0,-2.04,9.72,0.0
20050222:2311,0.0,0.0,-2.45,9.86,0.0
20050223:0011,0.0,0.0,-2.85,9.93,0.0
20050223:0111,0.0,0.0,-3.22,9.93,0.0
20050223:0211,0.0,0.0,-3.62,9.86,0.0
20050223:0311,0.0,0.0,-3.98,9.52,0.0
20050223:0411,0.0,0.0,-4.32,9.1,0.0
20050223:0511,0.0,0.0,-4.55,8.9,0.0
20050223:0611,0.0,0.0,-4.75,9.38,0.0
20050223:0711,0.0,0.0,-4.81,10.21,0.0
20050223:0811,145.24,8.85,-4.77,10.48,0.0
20050223:0911,370.53,14.63,-4.46,10.0,0.0
20050223:1011,570.36,18.92,-3.44,8.9,0.0
20050223:1111,713.41,21.34,-3.12,8.48,0.0
20050223:1211,801.03,21.65,-2.73,8.07,0.0
20050223:1311,858.47,19.8,-2.36,7.24,0.0
20050223:1411,787.43,16.0,-2.09,6.62,0.0
20050223:1511,639.98,10.6,-1.94,6.21,0.0
20050223:1611,403.68,3.99,-2.03,6.41,0.0
20050223:1711,0.0,0.0,-2.24,6.07,0.0
20050223:1811,0.0,0.0,-2.49,6.14,0.0
20050223:1911,0.0,0.0,-2.7,6.14,0.0
20050223:2011,0.0,0.0,-2.86,6.21,0.0
20050223:2111,0.0,0.0,-2.97,6.34,0.0
20050223:2211,0.0,0.0,-2.05,6.07,0.0
20050223:2311,0.0,0.0,-2.18,6.28,0.0
20050224:0011,0.0,0.0,-2.25,6.0,0.0
20050224:0111,0.0,0.0,-2.16,6.28,0.0
20050224:0211,0.0,0.0,-1.95,6.34,0.0
20050224:0311,0.0,0.0,-1.7,5.93,0.0
20050224:0411,0.0,0.0,-1.49,5.45,0.0
20050224:0511,0.0,0.0,-1.31,5.03,0.0
20050224:0611,0.0,0.0,-1.15,4.83,0.0
20050224:0711,0.0,0.0,-0.96,4.97,0.0
20050224:0811,115.25,9.19,-0.65,5.31,0.0
20050224:0911,307.54,14.99,-0.01,5.52,0.0
20050224:1011,87.56,19.29,0.7,6.14,0.0
20050224:1111,433.89,21.71,1.31,6.97,0.0
20050224:1211,63.83,22.01,1.61,7.03,0.0
20050224:1311,186.53,20.16,1.72,6.97,0.0
20050224:1411,172.09,16.34,1.76,7.1,0.0
20050224:1511,52.3,10.92,1.74,7.17,0.0
20050224:1611,179.21,4.3,1.63,7.1,0.0
20050224:1711,0.0,0.0,1.47,6.48,0.0
20050224:1811,0.0,0.0,1.37,5.86,0.0
20050224:1911,0.0,0.0,1.28,4.97,0.0
20050224:2011,0.0,0.0,1.23,4.28,0.0
20050224:2111,0.0,0.0,1.19,3.66,0.0
20050224:2211,0.0,0.0,1.63,3.45,0.0
20050224:2311,0.0,0.0,1.64,2.83,0.0
20050225:0011,0.0,0.0,1.53,2.62,0.0
20050225:0111,0.0,0.0,1.44,2.69,0.0
20050225:0211,0.0,0.0,1.28,2.9,0.0
20050225:0311,0.0,0.0,1.16,2.97,0.0
20050225:0411,0.0,0.0,1.07,2.83,0.0
20050225:0511,0.0,0.0,1.09,2.55,0.0
20050225:0611,0.0,0.0,1.23,2.41,0.0
20050225:0711,0.0,0.0,1.36,2.69,0.0
20050225:0811,164.38,9.54,1.65,3.38,0.0
20050225:0911,387.62,15.35,2.17,4.62,0.0
20050225:1011,581.19,19.66,3.26,5.24,0.0
20050225:1111,750.43,22.08,3.57,6.21,0.0
20050225:1211,870.97,22.38,3.75,6.55,0.0
20050225:1311,866.07,20.52,3.82,6.28,0.0
20050225:1411,799.01,16.68,3.87,5.31,0.0
20050225:1511,600.83,11.24,3.85,3.93,0.0
20050225:1611,105.08,4.61,3.69,2.76,0.0
20050225:1711,0.0,0.0,3.4,2.0,0.0
20050225:1811,0.0,0.0,3.14,1.93,0.0
20050225:1911,0.0,0.0,2.97,2.34,0.0
20050225:2011,0.0,0.0,2.91,2.28,0.0
20050225:2111,0.0,0.0,2.75,1.93,0.0
20050225:2211,0.0,0.0,2.41,2.21,0.0
20050225:2311,0.0,0.0,2.14,2.28,0.0
20050226:0011,0.0,0.0,2.07,2.69,0.0
20050226:0111,0.0,0.0,1.99,2.97,0.0
20050226:0211,0.0,0.0,1.78,3.31,0.0
20050226:0311,0.0,0.0,1.53,3.38,0.0
20050226:0411,0.0,0.0,1.32,3.45,0.0
20050226:0511,0.0,0.0,1.14,3.79,0.0
20050226:0611,0.0,0.0,1.01,3.72,0.0
20050226:0711,0.0,0.0,0.91,3.52,0.0
20050226:0811,57.66,9.89,1.02,3.31,0.0
20050226:0911,62.94,15.71,1.51,3.1,0.0
20050226:1011,50.53,20.03,2.22,2.83,0.0
20050226:1111,222.8,22.46,2.74,3.79,0.0
20050226:1211,249.17,22.75,3.07,4.07,0.0
20050226:1311,895.73,20.87,3.21,3.93,0.0
20050226:1411,862.9,17.03,3.27,3.79,0.0
20050226:1511,691.46,11.57,3.27,3.45,0.0
20050226:1611,497.15,4.92,2.96,3.24,0.0
20050226:1711,0.0,0.0,2.57,3.17,0.0
20050226:1811,0.0,0.0,2.04,3.38,0.0
20050226:1911,0.0,0.0,1.51,3.38,0.0
20050226:2011,0.0,0.0,1.07,3.31,0.0
20050226:2111,0.0,0.0,0.66,3.03,0.0
20050226:2211,0.0,0.0,0.4,3.59,0.0
20050226:2311,0.0,0.0,0.12,3.31,0.0
20050227:0011,0.0,0.0,-0.09,3.45,0.0
20050227:0111,0.0,0.0,-0.23,3.86,0.0
20050227:0211,0.0,0.0,-0.42,4.14,0.0
20050227:0311,0.0,0.0,-0.66,4.14,0.0
20050227:0411,0.0,0.0,-0.87,4.21,0.0
20050227:0511,0.0,0.0,-1.01,4.34,0.0
20050227:0611,0.0,0.0,-1.12,4.34,0.0
20050227:0711,0.0,0.0,-1.16,4.21,0.0
20050227:0811,181.24,10.25,-0.96,3.79,0.0
20050227:0911,426.99,16.08,-0.52,3.17,0.0
20050227:1011,646.09,20.4,-1.01,2.0,0.0
20050227:1111,803.29,22.84,-0.51,1.45,0.0
20050227:1211,871.42,23.13,-0.08,2.21,0.0
20050227:1311,923.42,21.24,0.23,3.59,0.0
20050227:1411,887.22,17.37,0.49,4.9,0.0
20050227:1511,719.24,11.9,0.62,6.0,0.0
20050227:1611,529.92,5.24,0.63,6.9,0.0
20050227:1711,0.0,0.0,0.69,7.38,0.0
20050227:1811,0.0,0.0,0.98,7.24,0.0
20050227:1911,0.0,0.0,1.35,7.17,0.0
20050227:2011,0.0,0.0,1.73,7.03,0.0
20050227:2111,0.0,0.0,2.04,7.1,0.0
20050227:2211,0.0,0.0,2.04,7.45,0.0
20050227:2311,0.0,0.0,2.26,7.38,0.0
20050228:0011,0.0,0.0,2.33,7.1,0.0
20050228:0111,0.0,0.0,2.49,6.97,0.0
20050228:0211,0.0,0.0,2.62,6.62,0.0
20050228:0311,0.0,0.0,2.68,6.14,0.0
20050228:0411,0.0,0.0,2.73,6.14,0.0
20050228:0511,0.0,0.0,2.7,6.41,0.0
20050228:0611,0.0,0.0,2.77,6.9,0.0
20050228:0711,0.0,0.0,3.19,6.48,0.0
20050228:0811,33.69,10.61,3.62,5.86,0.0
20050228:0911,62.94,16.44,3.73,6.07,0.0
20050228:1011,109.32,20.78,3.33,7.45,0.0
20050228:1111,57.62,23.22,3.04,7.45,0.0
20050228:1211,57.62,23.5,3.08,7.03,0.0
20050228:1311,111.09,21.6,2.66,6.0,0.0
20050228:1411,39.01,17.72,2.06,4.9,0.0
20050228:1511,18.62,12.22,2.02,3.72,0.0
20050228:1611,7.09,5.55,1.83,3.1,0.0
20050228:1711,0.0,0.0,1.73,4.0,0.0
20050228:1811,0.0,0.0,1.61,5.45,0.0
20050228:1911,0.0,0.0,1.91,6.62,0.0
20050228:2011,0.0,0.0,2.04,6.34,0.0
20050228:2111,0.0,0.0,1.89,6.48,0.0
20050228:2211,0.0,0.0,1.58,5.79,0.0
20050228:2311,0.0,0.0,1.41,5.93,0.0
20050301:0011,0.0,0.0,1.21,5.72,0.0
20050301:0111,0.0,0.0,1.03,5.03,0.0
20050301:0211,0.0,0.0,1.0,4.76,0.0
20050301:0311,0.0,0.0,0.56,5.79,0.0
20050301:0411,0.0,0.0,-0.27,6.76,0.0
20050301:0511,0.0,0.0,-1.05,7.31,0.0
20050301:0611,0.0,0.0,-1.65,7.93,0.0
20050301:0711,1.77,4.05,-2.11,8.62,0.0
20050301:0811,73.4,10.97,-2.37,9.31,0.0
20050301:0911,244.1,16.81,-2.49,9.72,0.0
20050301:1011,394.74,21.16,-2.24,9.86,0.0
20050301:1111,375.63,23.6,-2.22,9.45,0.0
20050301:1211,334.12,23.88,-2.17,9.17,0.0
20050301:1311,333.85,21.96,-2.07,8.97,0.0
20050301:1411,343.37,18.06,-2.06,8.76,0.0
20050301:1511,156.04,12.55,-2.18,8.41,0.0
20050301:1611,163.39,5.86,-2.38,8.41,0.0
20050301:1711,0.0,0.0,-2.72,8.83,0.0
20050301:1811,0.0,0.0,-3.12,9.24,0.0
20050301:1911,0.0,0.0,-3.5,9.59,0.0
20050301:2011,0.0,0.0,-3.79,9.59,0.0
20050301:2111,0.0,0.0,-3.92,9.45,0.0
20050301:2211,0.0,0.0,-4.15,9.38,0.0
20050301:2311,0.0,0.0,-4.3,9.31,0.0
20050302:0011,0.0,0.0,-4.47,9.31,0.0
20050302:0111,0.0,0.0,-4.57,9.31,0.0
20050302:0211,0.0,0.0,-4.64,9.17,0.0
20050302:0311,0.0,0.0,-4.75,9.03,0.0
20050302:0411,0.0,0.0,-4.91,8.9,0.0
20050302:0511,0.0,0.0,-5.04,8.76,0.0
20050302:0611,0.0,0.0,-5.12,8.55,0.0
20050302:0711,8.11,4.4,-5.2,8.41,0.0
20050302:0811,155.07,11.33,-5.04,8.14,0.0
20050302:0911,358.77,17.19,-4.69,7.86,0.0
20050302:1011,551.77,21.54,-3.86,7.31,0.0
20050302:1111,752.86,23.98,-3.36,6.21,0.0
20050302:1211,827.77,24.25,-2.9,5.1,0.0
20050302:1311,815.11,22.33,-2.52,4.07,0.0
20050302:1411,675.1,18.41,-2.29,3.31,0.0
20050302:1511,550.37,12.88,-2.18,2.9,0.0
20050302:1611,238.29,6.17,-2.15,2.69,0.0
20050302:1711,0.0,0.0,-2.15,2.28,0.0
20050302:1811,0.0,0.0,-2.22,2.34,0.0
20050302:1911,0.0,0.0,-2.27,2.55,0.0
20050302:2011,0.0,0.0,-2.3,2.55,0.0
20050302:2111,0.0,0.0,-2.41,2.62,0.0
20050302:2211,0.0,0.0,-2.54,3.03,0.0
20050302:2311,0.0,0.0,-2.68,3.03,0.0
20050303:0011,0.0,0.0,-2.8,2.76,0.0
20050303:0111,0.0,0.0,-2.95,2.0,0.0
20050303:0211,0.0,0.0,-3.05,1.38,0.0
20050303:0311,0.0,0.0,-3.12,1.03,0.0
20050303:0411,0.0,0.0,-3.13,0.9,0.0
20050303:0511,0.0,0.0,-3.1,0.76,0.0
20050303:0611,0.0,0.0,-3.0,0.9,0.0
20050303:0711,11.68,4.76,-2.8,1.45,0.0
20050303:0811,158.08,11.7,-2.17,1.86,0.0
20050303:0911,318.19,17.56,-1.42,2.14,0.0
20050303:1011,545.74,21.92,-0.18,2.76,0.0
20050303:1111,454.11,24.37,0.58,2.97,0.0
20050303:1211,471.74,24.63,1.21,4.0,0.0
20050303:1311,433.74,22.69,1.7,4.14,0.0
20050303:1411,52.3,18.75,2.14,4.76,0.0
20050303:1511,55.85,13.21,2.49,5.72,0.0
20050303:1611,164.64,6.48,2.79,6.41,0.0
20050303:1711,0.0,0.0,2.92,7.03,0.0
20050303:1811,0.0,0.0,2.88,7.17,0.0
20050303:1911,0.0,0.0,2.99,7.79,0.0
20050303:2011,0.0,0.0,2.98,8.48,0.0
20050303:2111,0.0,0.0,3.09,9.38,0.0
20050303:2211,0.0,0.0,3.05,9.93,0.0
20050303:2311,0.0,0.0,2.99,10.83,0.0
20050304:0011,0.0,0.0,3.04,11.17,0.0
20050304:0111,0.0,0.0,3.08,11.66,0.0
20050304:0211,0.0,0.0,2.94,11.79,0.0
20050304:0311,0.0,0.0,2.58,11.66,0.0
20050304:0411,0.0,0.0,2.52,12.55,0.0
20050304:0511,0.0,0.0,2.33,13.03,0.0
20050304:0611,0.0,0.0,2.25,13.45,0.0
20050304:0711,2.66,5.12,1.89,13.72,0.0
20050304:0811,16.84,12.07,1.79,13.86,0.0
20050304:0911,24.82,17.94,1.87,12.48,0.0
20050304:1011,41.66,22.31,1.67,9.86,0.0
20050304:1111,39.01,24.76,1.69,7.03,0.0
20050304:1211,56.73,25.02,1.58,3.38,0.0
20050304:1311,46.1,23.06,2.2,2.41,0.0
20050304:1411,429.9,19.1,2.7,4.21,0.0
20050304:1511,361.4,13.53,2.98,5.24,0.0
20050304:1611,55.43,6.8,3.02,5.38,0.0
20050304:1711,0.0,0.0,2.93,4.83,0.0
20050304:1811,0.0,0.0,2.74,4.21,0.0
20050304:1911,0.0,0.0,2.7,3.59,0.0
20050304:2011,0.0,0.0,2.58,2.83,0.0
20050304:2111,0.0,0.0,2.35,1.93,0.0
20050304:2211,0.0,0.0,2.5,1.45,0.0
20050304:2311,0.0,0.0,2.2,2.0,0.0
20050305:0011,0.0,0.0,1.98,2.97,0.0
20050305:0111,0.0,0.0,1.78,3.79,0.0
20050305:0211,0.0,0.0,1.62,4.9,0.0
20050305:0311,0.0,0.0,1.53,7.17,0.0
20050305:0411,0.0,0.0,1.43,8.69,0.0
20050305:0511,0.0,0.0,1.19,9.79,0.0
20050305:0611,0.0,0.0,0.73,9.79,0.0
20050305:0711,5.32,5.48,0.41,9.24,0.0
20050305:0811,45.21,12.44,0.13,9.24,0.0
20050305:0911,65.6,18.32,-0.02,8.9,0.0
20050305:1011,123.65,22.7,0.04,9.17,0.0
20050305:1111,233.69,25.15,0.47,9.24,0.0
20050305:1211,361.3,25.4,0.93,8.21,0.0
20050305:1311,142.28,23.43,1.12,6.9,0.0
20050305:1411,77.12,19.45,1.25,5.66,0.0
20050305:1511,80.87,13.86,1.31,4.34,0.0
20050305:1611,101.78,7.11,1.36,2.48,0.0
20050305:1711,0.0,-0.38,1.28,0.21,0.0
20050305:1811,0.0,0.0,1.15,2.0,0.0
20050305:1911,0.0,0.0,1.03,3.86,0.0
20050305:2011,0.0,0.0,1.06,5.66,0.0
20050305:2111,0.0,0.0,1.33,7.24,0.0
20050305:2211,0.0,0.0,1.33,7.93,0.0
20050305:2311,0.0,0.0,1.35,8.0,0.0
20050306:0011,0.0,0.0,1.4,7.93,0.0
20050306:0111,0.0,0.0,1.5,8.21,0.0
20050306:0211,0.0,0.0,1.61,8.14,0.0
20050306:0311,0.0,0.0,1.64,7.59,0.0
20050306:0411,0.0,0.0,1.54,7.1,0.0
20050306:0511,0.0,0.0,1.37,6.62,0.0
20050306:0611,0.0,0.0,1.25,6.62,0.0
20050306:0711,22.46,5.85,1.3,6.83,0.0
20050306:0811,198.23,12.81,1.51,7.17,0.0
20050306:0911,435.68,18.7,1.83,7.52,0.0
20050306:1011,664.95,23.09,2.05,6.76,0.0
20050306:1111,685.75,25.54,2.51,7.24,0.0
20050306:1211,439.4,25.78,2.9,7.52,0.0
20050306:1311,898.52,23.79,3.18,8.0,0.0
20050306:1411,822.81,19.8,3.3,8.28,0.0
20050306:1511,544.79,14.19,3.32,8.76,0.0
20050306:1611,432.05,7.42,3.23,9.24,0.0
20050306:1711,0.0,-0.07,3.04,8.97,0.0
20050306:1811,0.0,0.0,2.83,9.24,0.0
20050306:1911,0.0,0.0,2.82,9.45,0.0
20050306:2011,0.0,0.0,2.97,9.72,0.0
20050306:2111,0.0,0.0,3.15,9.31,0.0
20050306:2211,0.0,0.0,3.42,0.0,0.0
20050306:2311,0.0,0.0,3.66,0.0,0.0
20050307:0011,0.0,0.0,3.71,9.86,0.0
20050307:0111,0.0,0.0,3.65,9.59,0.0
20050307:0211,0.0,0.0,3.53,9.72,0.0
20050307:0311,0.0,0.0,3.41,10.14,0.0
20050307:0411,0.0,0.0,3.25,10.21,0.0
20050307:0511,0.0,0.0,3.09,9.79,0.0
20050307:0611,0.0,0.0,2.98,9.72,0.0
20050307:0711,23.16,6.21,2.91,10.07,0.0
20050307:0811,174.87,13.18,2.98,10.34,0.0
20050307:0911,400.91,19.09,3.13,10.9,0.0
20050307:1011,661.46,23.48,3.58,10.28,0.0
20050307:1111,797.35,25.93,3.94,10.9,0.0
20050307:1211,870.51,26.17,4.23,11.03,0.0
20050307:1311,888.45,24.16,4.45,10.55,0.0
20050307:1411,779.0,20.15,4.48,10.28,0.0
20050307:1511,580.35,14.52,4.32,10.34,0.0
20050307:1611,257.67,7.74,4.05,10.34,0.0
20050307:1711,3.55,0.23,3.74,10.28,0.0
20050307:1811,0.0,0.0,3.41,10.14,0.0
20050307:1911,0.0,0.0,3.16,9.38,0.0
20050307:2011,0.0,0.0,2.83,9.45,0.0
20050307:2111,0.0,0.0,2.55,9.79,0.0
20050307:2211,0.0,0.0,2.65,10.0,0.0
20050307:2311,0.0,0.0,2.48,10.0,0.0
20050308:0011,0.0,0.0,2.37,10.76,0.0
20050308:0111,0.0,0.0,2.33,9.79,0.0
20050308:0211,0.0,0.0,2.34,9.45,0.0
20050308:0311,0.0,0.0,2.29,8.76,0.0
20050308:0411,0.0,0.0,2.28,8.62,0.0
20050308:0511,0.0,0.0,2.3,8.14,0.0
20050308:0611,0.0,0.0,2.36,8.21,0.0
20050308:0711,31.0,6.58,2.39,8.14,0.0
20050308:0811,195.09,13.56,2.47,7.66,0.0
20050308:0911,393.69,19.47,2.89,7.52,0.0
20050308:1011,603.54,23.87,3.64,6.69,0.0
20050308:1111,778.34,26.32,4.11,7.38,0.0
20050308:1211,855.37,26.55,4.49,8.28,0.0
20050308:1311,865.78,24.53,4.69,9.1,0.0
20050308:1411,560.26,20.5,4.63,9.79,0.0
20050308:1511,266.79,14.85,4.48,10.14,0.0
20050308:1611,129.96,8.05,4.24,9.93,0.0
20050308:1711,1.77,0.53,4.0,9.38,0.0
20050308:1811,0.0,0.0,3.74,8.97,0.0
20050308:1911,0.0,0.0,3.57,8.76,0.0
20050308:2011,0.0,0.0,3.36,8.9,0.0
20050308:2111,0.0,0.0,3.11,9.17,0.0
20050308:2211,0.0,0.0,3.19,9.52,0.0
20050308:2311,0.0,0.0,2.97,9.17,0.0
20050309:0011,0.0,0.0,2.74,7.93,0.0
20050309:0111,0.0,0.0,2.46,6.97,0.0
20050309:0211,0.0,0.0,2.12,6.0,0.0
20050309:0311,0.0,0.0,1.8,5.03,0.0
20050309:0411,0.0,0.0,1.54,3.93,0.0
20050309:0511,0.0,0.0,1.32,3.24,0.0
20050309:0611,0.0,0.0,1.24,3.38,0.0
20050309:0711,36.84,6.95,1.41,3.86,0.0
20050309:0811,207.98,13.94,1.68,3.93,0.0
20050309:0911,395.39,19.86,2.1,3.66,0.0
20050309:1011,130.42,24.26,2.76,3.59,0.0
20050309:1111,104.6,26.72,2.9,4.07,0.0
20050309:1211,100.17,26.94,2.97,4.21,0.0
20050309:1311,82.44,24.9,3.02,4.21,0.0
20050309:1411,56.73,20.85,3.1,4.34,0.0
20050309:1511,34.57,15.18,3.17,4.48,0.0
20050309:1611,25.71,8.36,3.21,4.48,0.0
20050309:1711,6.21,0.84,3.19,4.28,0.0
20050309:1811,0.0,0.0,3.42,4.55,0.0
20050309:1911,0.0,0.0,3.56,4.97,0.0
20050309:2011,0.0,0.0,3.55,4.83,0.0
20050309:2111,0.0,0.0,3.44,4.41,0.0
20050309:2211,0.0,0.0,3.58,4.83,0.0
20050309:2311,0.0,0.0,3.53,4.34,0.0
20050310:0011,0.0,0.0,3.4,4.21,0.0
20050310:0111,0.0,0.0,3.07,4.07,0.0
20050310:0211,0.0,0.0,2.91,4.14,0.0
20050310:0311,0.0,0.0,2.8,4.62,0.0
20050310:0411,0.0,0.0,2.81,4.69,0.0
20050310:0511,0.0,0.0,2.9,4.83,0.0
20050310:0611,0.0,0.0,2.94,5.1,0.0
20050310:0711,7.98,7.32,2.95,5.24,0.0
20050310:0811,25.71,14.32,3.05,5.24,0.0
20050310:0911,65.6,20.25,3.32,5.03,0.0
20050310:1011,319.5,24.66,4.15,5.24,0.0
20050310:1111,231.76,27.11,4.24,4.69,0.0
20050310:1211,304.81,27.33,4.41,3.72,0.0
20050310:1311,107.26,25.27,4.41,4.48,0.0
20050310:1411,68.26,21.19,4.5,5.59,0.0
20050310:1511,63.83,15.51,4.59,6.07,0.0
20050310:1611,25.71,8.67,4.47,6.07,0.0
20050310:1711,2.66,1.14,4.46,6.48,0.0
20050310:1811,0.0,0.0,4.46,7.79,0.0
20050310:1911,0.0,0.0,4.73,9.66,0.0
20050310:2011,0.0,0.0,4.9,10.9,0.0
20050310:2111,0.0,0.0,4.74,11.93,0.0
20050310:2211,0.0,0.0,4.83,12.34,0.0
20050310:2311,0.0,0.0,4.84,12.83,0.0
20050311:0011,0.0,0.0,4.96,13.1,0.0
20050311:0111,0.0,0.0,4.86,12.55,0.0
20050311:0211,0.0,0.0,4.82,11.31,0.0
20050311:0311,0.0,0.0,4.33,10.97,0.0
20050311:0411,0.0,0.0,3.33,11.59,0.0
20050311:0511,0.0,0.0,2.9,10.28,0.0
20050311:0611,0.0,0.0,2.51,10.28,0.0
20050311:0711,4.43,7.7,2.31,10.97,0.0
20050311:0811,60.04,14.7,2.38,11.52,0.0
20050311:0911,159.29,20.64,2.41,12.21,0.0
20050311:1011,117.27,25.06,2.52,12.0,0.0
20050311:1111,550.37,27.51,2.56,11.72,0.0
20050311:1211,770.27,27.71,2.54,11.66,0.0
20050311:1311,79.78,25.64,2.59,11.72,0.0
20050311:1411,628.68,21.54,2.67,12.14,0.0
20050311:1511,282.61,15.84,2.75,12.62,0.0
20050311:1611,223.15,8.99,2.77,12.55,0.0
20050311:1711,2.66,1.44,2.7,12.0,0.0
20050311:1811,0.0,0.0,2.63,11.45,0.0
20050311:1911,0.0,0.0,2.58,11.1,0.0
20050311:2011,0.0,0.0,2.48,10.97,0.0
20050311:2111,0.0,0.0,2.41,11.03,0.0
20050311:2211,0.0,0.0,2.3,10.48,0.0
20050311:2311,0.0,0.0,2.25,9.86,0.0
20050312:0011,0.0,0.0,2.14,8.48,0.0
20050312:0111,0.0,0.0,2.02,7.52,0.0
20050312:0211,0.0,0.0,1.76,6.41,0.0
20050312:0311,0.0,0.0,1.7,5.1,0.0
20050312:0411,0.0,0.0,1.94,4.0,0.0
20050312:0511,0.0,0.0,1.91,3.72,0.0
20050312:0611,0.0,0.0,1.42,4.0,0.0
20050312:0711,0.0,0.0,0.84,4.55,0.0
20050312:0811,43.44,15.08,0.44,4.69,0.0
20050312:0911,235.15,21.03,0.21,4.55,0.0
20050312:1011,260.92,25.46,0.97,4.28,0.0
20050312:1111,671.68,27.91,1.13,2.55,0.0
20050312:1211,351.43,28.1,1.38,0.69,0.0
20050312:1311,274.76,26.01,1.59,1.17,0.0
20050312:1411,396.48,21.89,1.66,2.62,0.0
20050312:1511,402.07,16.16,1.5,4.14,0.0
20050312:1611,244.1,9.3,1.34,5.03,0.0
20050312:1711,4.43,1.74,1.27,5.38,0.0
20050312:1811,0.0,0.0,1.51,5.31,0.0
20050312:1911,0.0,0.0,2.06,4.55,0.0
20050312:2011,0.0,0.0,2.39,4.41,0.0
20050312:2111,0.0,0.0,2.51,4.55,0.0
20050312:2211,0.0,0.0,2.48,3.59,0.0
20050312:2311,0.0,0.0,2.37,4.14,0.0
20050313:0011,0.0,0.0,2.27,4.55,0.0
20050313:0111,0.0,0.0,2.02,5.45,0.0
20050313:0211,0.0,0.0,2.13,6.21,0.0
20050313:0311,0.0,0.0,2.15,6.14,0.0
20050313:0411,0.0,0.0,2.25,6.48,0.0
20050313:0511,0.0,0.0,2.38,6.48,0.0
20050313:0611,0.0,0.0,2.42,6.83,0.0
20050313:0711,41.73,8.45,2.36,7.38,0.0
20050313:0811,49.64,15.47,2.15,7.24,0.0
20050313:0911,52.3,21.43,1.38,6.76,0.0
20050313:1011,55.85,25.85,1.91,7.24,0.0
20050313:1111,91.31,28.31,1.52,6.28,0.0
20050313:1211,54.96,28.49,1.32,4.0,0.0
20050313:1311,39.01,26.38,1.41,1.86,0.0
20050313:1411,71.8,22.24,1.76,0.9,0.0
20050313:1511,22.16,16.49,2.25,3.86,0.0
20050313:1611,12.41,9.61,2.07,6.76,0.0
20050313:1711,17.73,2.04,1.55,7.86,0.0
20050313:1811,0.0,0.0,1.01,7.72,0.0
20050313:1911,0.0,0.0,1.0,7.59,0.0
20050313:2011,0.0,0.0,1.16,7.03,0.0
20050313:2111,0.0,0.0,1.18,7.03,0.0
20050313:2211,0.0,0.0,1.51,6.07,0.0
20050313:2311,0.0,0.0,1.54,6.97,0.0
20050314:0011,0.0,0.0,1.69,6.69,0.0
20050314:0111,0.0,0.0,1.8,5.79,0.0
20050314:0211,0.0,0.0,1.92,5.45,0.0
20050314:0311,0.0,0.0,2.02,4.0,0.0
20050314:0411,0.0,0.0,2.17,3.31,0.0
20050314:0511,0.0,0.0,2.32,5.66,0.0
20050314:0611,0.0,0.0,1.8,7.45,0.0
20050314:0711,22.16,8.83,0.99,8.69,0.0
20050314:0811,22.16,15.85,0.75,8.34,0.0
20050314:0911,46.1,21.82,0.88,7.52,0.0
20050314:1011,62.05,26.25,2.79,7.86,0.0
20050314:1111,74.46,28.71,2.97,11.38,0.0
20050314:1211,720.85,28.88,3.1,11.45,0.0
20050314:1311,269.26,26.76,3.16,10.55,0.0
20050314:1411,462.0,22.59,3.1,9.45,0.0
20050314:1511,308.66,16.82,2.58,10.55,0.0
20050314:1611,409.97,9.92,1.84,11.93,0.0
20050314:1711,8.86,2.35,1.11,11.52,0.0
20050314:1811,0.0,0.0,0.97,9.72,0.0
20050314:1911,0.0,0.0,1.04,7.72,0.0
20050314:2011,0.0,0.0,1.19,6.0,0.0
20050314:2111,0.0,0.0,1.35,5.17,0.0
20050314:2211,0.0,0.0,2.4,3.17,0.0
20050314:2311,0.0,0.0,2.22,2.21,0.0
20050315:0011,0.0,0.0,1.66,1.1,0.0
20050315:0111,0.0,0.0,1.07,0.48,0.0
20050315:0211,0.0,0.0,0.48,0.28,0.0
20050315:0311,0.0,0.0,0.14,0.48,0.0
20050315:0411,0.0,0.0,0.25,1.31,0.0
20050315:0511,0.0,0.0,0.18,2.69,0.0
20050315:0611,0.0,0.0,0.15,4.07,0.0
20050315:0711,18.62,9.2,0.55,5.03,0.0
20050315:0811,67.92,16.24,0.97,5.52,0.0
20050315:0911,133.03,22.22,1.5,5.79,0.0
20050315:1011,245.8,26.66,2.3,6.41,0.0
20050315:1111,299.3,29.11,2.84,6.62,0.0
20050315:1211,322.89,29.27,3.25,7.17,0.0
20050315:1311,265.6,27.13,3.64,7.86,0.0
20050315:1411,64.71,22.94,3.77,8.28,0.0
20050315:1511,55.85,17.15,3.78,9.17,0.0
20050315:1611,15.07,10.23,3.57,9.86,0.0
20050315:1711,8.86,2.65,3.2,9.79,0.0
20050315:1811,0.0,0.0,2.47,10.34,0.0
20050315:1911,0.0,0.0,2.25,10.97,0.0
20050315:2011,0.0,0.0,2.32,12.62,0.0
20050315:2111,0.0,0.0,2.29,12.41,0.0
20050315:2211,0.0,0.0,2.33,11.72,0.0
20050315:2311,0.0,0.0,2.5,10.97,0.0
20050316:0011,0.0,0.0,2.58,10.62,0.0
20050316:0111,0.0,0.0,2.52,10.34,0.0
20050316:0211,0.0,0.0,2.56,9.79,0.0
20050316:0311,0.0,0.0,2.66,9.24,0.0
20050316:0411,0.0,0.0,2.88,9.17,0.0
20050316:0511,0.0,0.0,3.11,9.31,0.0
20050316:0611,0.0,0.0,3.36,8.34,0.0
20050316:0711,6.21,9.58,3.9,7.79,0.0
20050316:0811,20.39,16.62,4.39,6.28,0.0
20050316:0911,28.37,22.61,4.72,4.28,0.0
20050316:1011,31.91,27.06,4.66,3.93,0.0
20050316:1111,36.35,29.51,5.28,3.45,0.0
20050316:1211,38.12,29.66,5.8,3.31,0.0
20050316:1311,35.46,27.5,6.43,3.93,0.0
20050316:1411,30.14,23.29,6.9,5.03,0.0
20050316:1511,26.59,17.47,7.06,7.03,0.0
20050316:1611,20.39,10.54,7.24,8.21,0.0
20050316:1711,4.43,2.95,7.47,8.48,0.0
20050316:1811,0.0,0.0,7.35,8.21,0.0
20050316:1911,0.0,0.0,7.11,7.79,0.0
20050316:2011,0.0,0.0,6.97,7.79,0.0
20050316:2111,0.0,0.0,6.94,8.28,0.0
20050316:2211,0.0,0.0,7.09,8.41,0.0
20050316:2311,0.0,0.0,7.05,8.28,0.0
20050317:0011,0.0,0.0,6.87,7.66,0.0
20050317:0111,0.0,0.0,6.58,6.48,0.0
20050317:0211,0.0,0.0,6.34,5.86,0.0
20050317:0311,0.0,0.0,6.22,6.41,0.0
20050317:0411,0.0,0.0,6.12,7.17,0.0
20050317:0511,0.0,0.0,6.15,7.52,0.0
20050317:0611,0.0,0.0,6.11,8.07,0.0
20050317:0711,7.09,9.96,6.05,8.34,0.0
20050317:0811,55.85,17.01,5.99,7.79,0.0
20050317:0911,102.75,23.01,6.05,7.45,0.0
20050317:1011,101.95,27.46,6.13,7.59,0.0
20050317:1111,101.06,29.91,6.19,7.86,0.0
20050317:1211,173.03,30.05,6.23,8.21,0.0
20050317:1311,116.13,27.87,6.24,8.41,0.0
20050317:1411,70.03,23.63,6.21,9.31,0.0
20050317:1511,41.66,17.8,6.04,9.24,0.0
20050317:1611,53.19,10.85,5.65,8.76,0.0
20050317:1711,20.39,3.25,5.16,8.41,0.0
20050317:1811,0.0,0.0,4.73,8.21,0.0
20050317:1911,0.0,0.0,4.35,8.14,0.0
20050317:2011,0.0,0.0,4.11,8.41,0.0
20050317:2111,0.0,0.0,3.93,7.66,0.0
20050317:2211,0.0,0.0,3.9,6.69,0.0
20050317:2311,0.0,0.0,3.77,4.83,0.0
20050318:0011,0.0,0.0,3.83,3.03,0.0
20050318:0111,0.0,0.0,3.74,1.79,0.0
20050318:0211,0.0,0.0,3.51,1.1,0.0
20050318:0311,0.0,0.0,3.34,0.76,0.0
20050318:0411,0.0,0.0,3.38,1.1,0.0
20050318:0511,0.0,0.0,2.33,2.69,0.0
20050318:0611,0.0,0.0,1.55,3.59,0.0
20050318:0711,34.42,10.34,1.61,4.21,0.0
20050318:0811,139.38,17.4,2.1,4.41,0.0
20050318:0911,172.29,23.4,2.43,3.79,0.0
20050318:1011,164.01,27.86,2.6,3.31,0.0
20050318:1111,108.15,30.31,2.84,3.03,0.0
20050318:1211,71.8,30.44,3.07,2.69,0.0
20050318:1311,109.92,28.24,3.19,2.34,0.0
20050318:1411,61.17,23.98,3.26,2.48,0.0
20050318:1511,38.12,18.12,3.33,2.41,0.0
20050318:1611,36.35,11.16,3.33,2.55,0.0
20050318:1711,8.86,3.55,3.28,2.76,0.0
20050318:1811,0.0,0.0,3.23,2.55,0.0
20050318:1911,0.0,0.0,3.27,2.41,0.0
20050318:2011,0.0,0.0,3.24,2.62,0.0
20050318:2111,0.0,0.0,3.05,3.03,0.0
20050318:2211,0.0,0.0,2.75,4.34,0.0
20050318:2311,0.0,0.0,2.51,5.1,0.0
20050319:0011,0.0,0.0,2.33,5.86,0.0
20050319:0111,0.0,0.0,2.3,6.76,0.0
20050319:0211,0.0,0.0,2.32,6.83,0.0
20050319:0311,0.0,0.0,2.36,6.97,0.0
20050319:0411,0.0,0.0,2.37,7.03,0.0
20050319:0511,0.0,0.0,2.31,7.24,0.0
20050319:0611,0.0,0.0,2.13,7.72,0.0
20050319:0711,52.79,10.72,2.02,8.21,0.0
20050319:0811,174.62,17.79,2.07,8.62,0.0
20050319:0911,210.56,23.8,2.16,9.38,0.0
20050319:1011,219.88,28.26,1.78,9.66,0.0
20050319:1111,210.42,30.71,1.54,9.86,0.0
20050319:1211,168.83,30.83,1.36,9.52,0.0
20050319:1311,254.16,28.61,1.17,8.83,0.0
20050319:1411,125.77,24.33,1.09,8.14,0.0
20050319:1511,143.42,18.45,1.11,7.79,0.0
20050319:1611,181.87,11.47,1.03,7.24,0.0
20050319:1711,49.15,3.85,0.95,6.62,0.0
20050319:1811,0.0,0.0,0.82,6.34,0.0
20050319:1911,0.0,0.0,0.76,6.14,0.0
20050319:2011,0.0,0.0,0.73,5.93,0.0
20050319:2111,0.0,0.0,0.68,5.66,0.0
20050319:2211,0.0,0.0,0.75,6.07,0.0
20050319:2311,0.0,0.0,0.87,5.86,0.0
20050320:0011,0.0,0.0,0.99,5.52,0.0
20050320:0111,0.0,0.0,1.13,5.03,0.0
20050320:0211,0.0,0.0,1.25,4.69,0.0
20050320:0311,0.0,0.0,1.27,4.62,0.0
20050320:0411,0.0,0.0,1.32,4.69,0.0
20050320:0511,0.0,0.0,1.4,4.9,0.0
20050320:0611,0.0,0.0,1.41,5.24,0.0
20050320:0711,30.14,11.11,1.53,5.45,0.0
20050320:0811,74.91,18.18,1.74,5.72,0.0
20050320:0911,198.56,24.2,1.87,5.93,0.0
20050320:1011,75.35,28.67,1.7,5.93,0.0
20050320:1111,61.17,31.11,1.76,6.14,0.0
20050320:1211,80.67,31.22,1.77,6.28,0.0
20050320:1311,54.96,28.98,1.68,5.86,0.0
20050320:1411,72.69,24.67,1.55,5.59,0.0
20050320:1511,87.76,18.77,1.5,5.52,0.0
20050320:1611,74.31,11.78,1.47,5.17,0.0
20050320:1711,42.84,4.15,1.4,4.69,0.0
20050320:1811,0.0,0.0,1.37,4.48,0.0
20050320:1911,0.0,0.0,1.4,4.55,0.0
20050320:2011,0.0,0.0,1.48,4.62,0.0
20050320:2111,0.0,0.0,1.5,4.55,0.0
20050320:2211,0.0,0.0,1.73,4.55,0.0
20050320:2311,0.0,0.0,1.76,4.62,0.0
20050321:0011,0.0,0.0,1.8,4.55,0.0
20050321:0111,0.0,0.0,1.75,4.41,0.0
20050321:0211,0.0,0.0,1.66,3.93,0.0
20050321:0311,0.0,0.0,1.52,3.52,0.0
20050321:0411,0.0,0.0,1.25,3.45,0.0
20050321:0511,0.0,0.0,1.04,3.86,0.0
20050321:0611,0.0,0.0,0.96,4.55,0.0
20050321:0711,59.58,11.49,1.35,4.83,0.0
20050321:0811,148.11,18.57,1.92,5.17,0.0
20050321:0911,314.79,24.59,2.4,5.93,0.0
20050321:1011,373.65,29.07,2.82,6.34,0.0
20050321:1111,388.24,31.51,3.03,6.55,0.0
20050321:1211,711.44,31.61,3.11,0.0,0.0
20050321:1311,840.95,29.34,3.06,0.0,0.0
20050321:1411,726.1,25.02,3.02,6.9,0.0
20050321:1511,633.45,19.09,2.92,7.03,0.0
20050321:1611,386.32,12.08,2.83,6.97,0.0
20050321:1711,128.01,4.44,2.7,6.69,0.0
20050321:1811,0.0,0.0,2.47,6.48,0.0
20050321:1911,0.0,0.0,2.41,6.83,0.0
20050321:2011,0.0,0.0,2.43,6.83,0.0
20050321:2111,0.0,0.0,2.46,6.83,0.0
20050321:2211,0.0,0.0,2.62,7.1,0.0
20050321:2311,0.0,0.0,2.66,6.97,0.0
20050322:0011,0.0,0.0,2.72,7.17,0.0
20050322:0111,0.0,0.0,2.74,7.59,0.0
20050322:0211,0.0,0.0,2.65,7.86,0.0
20050322:0311,0.0,0.0,2.55,7.93,0.0
20050322:0411,0.0,0.0,2.46,8.0,0.0
20050322:0511,0.0,0.0,2.51,8.34,0.0
20050322:0611,0.81,4.2,2.58,8.55,0.0
20050322:0711,73.96,11.87,2.77,8.76,0.0
20050322:0811,128.26,18.95,3.1,9.17,0.0
20050322:0911,258.27,24.99,3.42,9.45,0.0
20050322:1011,432.73,29.47,4.03,9.31,0.0
20050322:1111,810.34,31.91,4.46,9.59,0.0
20050322:1211,857.98,32.0,4.86,9.45,0.0
20050322:1311,760.74,29.71,5.16,9.66,0.0
20050322:1411,526.5,25.36,5.3,9.86,0.0
20050322:1511,415.36,19.41,5.32,10.0,0.0
20050322:1611,399.31,12.39,5.22,10.28,0.0
20050322:1711,219.9,4.74,5.1,10.48,0.0
20050322:1811,0.0,0.0,5.02,10.76,0.0
20050322:1911,0.0,0.0,4.93,10.76,0.0
20050322:2011,0.0,0.0,4.83,10.76,0.0
20050322:2111,0.0,0.0,4.65,10.83,0.0
20050322:2211,0.0,0.0,4.43,10.97,0.0
20050322:2311,0.0,0.0,4.19,10.9,0.0
20050323:0011,0.0,0.0,3.94,10.83,0.0
20050323:0111,0.0,0.0,3.9,10.69,0.0
20050323:0211,0.0,0.0,3.77,10.41,0.0
20050323:0311,0.0,0.0,3.73,9.59,0.0
20050323:0411,0.0,0.0,3.66,9.45,0.0
20050323:0511,0.0,0.0,3.62,9.38,0.0
20050323:0611,1.62,4.57,3.53,8.97,0.0
20050323:0711,19.5,12.25,3.55,8.62,0.0
20050323:0811,70.92,19.34,3.64,7.86,0.0
20050323:0911,187.21,25.39,3.88,6.97,0.0
20050323:1011,134.76,29.87,4.44,6.34,0.0
20050323:1111,194.82,32.31,4.83,5.86,0.0
20050323:1211,168.22,32.38,5.18,5.31,0.0
20050323:1311,219.14,30.08,5.36,4.97,0.0
20050323:1411,96.63,25.7,5.5,4.69,0.0
20050323:1511,105.52,19.74,5.43,4.28,0.0
20050323:1611,166.1,12.69,5.18,3.86,0.0
20050323:1711,75.35,5.04,4.98,3.66,0.0
20050323:1811,0.0,0.0,4.82,3.38,0.0
20050323:1911,0.0,0.0,4.74,3.1,0.0
20050323:2011,0.0,0.0,4.6,2.9,0.0
20050323:2111,0.0,0.0,4.46,2.69,0.0
20050323:2211,0.0,0.0,2.8,2.69,0.0
20050323:2311,0.0,0.0,2.69,2.41,0.0
20050324:0011,0.0,0.0,2.62,2.62,0.0
20050324:0111,0.0,0.0,2.55,2.97,0.0
20050324:0211,0.0,0.0,2.51,2.9,0.0
20050324:0311,0.0,0.0,2.53,2.83,0.0
20050324:0411,0.0,0.0,2.45,2.69,0.0
20050324:0511,0.0,0.0,2.41,2.76,0.0
20050324:0611,1.62,4.95,2.49,2.97,0.0
20050324:0711,71.7,12.63,2.89,3.31,0.0
20050324:0811,163.49,19.73,4.09,3.59,0.0
20050324:0911,249.82,25.78,4.84,3.66,0.0
20050324:1011,279.54,30.27,4.63,3.31,0.0
20050324:1111,349.74,32.71,5.18,3.45,0.0
20050324:1211,514.46,32.77,5.55,3.79,0.0
20050324:1311,370.95,30.44,5.77,4.14,0.0
20050324:1411,249.41,26.04,5.72,4.28,0.0
20050324:1511,272.16,20.06,5.53,4.14,0.0
20050324:1611,195.85,13.0,5.26,4.07,0.0
20050324:1711,57.11,5.33,4.78,4.48,0.0
20050324:1811,0.0,0.0,4.51,4.55,0.0
20050324:1911,0.0,0.0,4.24,4.76,0.0
20050324:2011,0.0,0.0,4.09,5.03,0.0
20050324:2111,0.0,0.0,3.98,5.45,0.0
20050324:2211,0.0,0.0,3.91,5.45,0.0
20050324:2311,0.0,0.0,4.15,5.59,0.0
20050325:0011,0.0,0.0,4.41,5.52,0.0
20050325:0111,0.0,0.0,4.69,5.79,0.0
20050325:0211,0.0,0.0,5.0,6.21,0.0
20050325:0311,0.0,0.0,5.13,6.76,0.0
20050325:0411,0.0,0.0,5.17,7.03,0.0
20050325:0511,0.0,0.0,5.1,7.52,0.0
20050325:0611,1.62,5.33,4.93,8.0,0.0
20050325:0711,44.32,13.01,4.83,8.41,0.0
20050325:0811,39.01,20.12,4.89,9.1,0.0
20050325:0911,185.91,26.18,5.04,9.1,0.0
20050325:1011,121.45,30.68,5.49,8.0,0.0
20050325:1111,148.04,33.11,5.55,7.79,0.0
20050325:1211,87.76,33.16,5.78,7.59,0.0
20050325:1311,61.17,30.81,5.6,7.59,0.0
20050325:1411,62.05,26.38,5.45,7.38,0.0
20050325:1511,27.48,20.37,5.24,6.9,0.0
20050325:1611,31.91,13.3,5.04,6.34,0.0
20050325:1711,22.16,5.63,4.96,5.66,0.0
20050325:1811,0.0,0.0,4.87,5.31,0.0
20050325:1911,0.0,0.0,4.75,5.24,0.0
20050325:2011,0.0,0.0,4.67,5.38,0.0
20050325:2111,0.0,0.0,4.68,5.24,0.0
20050325:2211,0.0,0.0,4.96,4.9,0.0
20050325:2311,0.0,0.0,4.97,4.97,0.0
20050326:0011,0.0,0.0,4.95,5.31,0.0
20050326:0111,0.0,0.0,4.97,5.31,0.0
20050326:0211,0.0,0.0,5.02,5.24,0.0
20050326:0311,0.0,0.0,5.13,5.1,0.0
20050326:0411,0.0,0.0,5.27,5.31,0.0
20050326:0511,0.0,0.0,5.45,5.59,0.0
20050326:0611,2.44,5.7,5.65,5.79,0.0
20050326:0711,19.5,13.39,5.93,6.21,0.0
20050326:0811,37.23,20.51,6.27,6.76,0.0
20050326:0911,87.76,26.57,6.71,7.52,0.0
20050326:1011,200.59,31.08,7.47,7.93,0.0
20050326:1111,281.63,33.51,7.72,7.93,0.0
20050326:1211,124.99,33.54,7.98,7.66,0.0
20050326:1311,175.07,31.17,8.27,7.79,0.0
20050326:1411,438.25,26.72,8.38,7.79,0.0
20050326:1511,224.33,20.69,8.36,7.66,0.0
20050326:1611,373.24,13.6,8.26,7.59,0.0
20050326:1711,233.51,5.92,7.9,7.52,0.0
20050326:1811,0.0,0.0,7.47,7.59,0.0
20050326:1911,0.0,0.0,7.11,7.72,0.0
20050326:2011,0.0,0.0,6.91,7.86,0.0
20050326:2111,0.0,0.0,6.76,8.0,0.0
20050326:2211,0.0,0.0,6.91,7.86,0.0
20050326:2311,0.0,0.0,6.76,7.45,0.0
20050327:0011,0.0,0.0,6.49,7.31,0.0
20050327:0111,0.0,0.0,6.2,7.31,0.0
20050327:0211,0.0,0.0,5.9,7.24,0.0
20050327:0311,0.0,0.0,5.68,7.1,0.0
20050327:0411,0.0,0.0,5.52,7.1,0.0
20050327:0511,0.0,0.0,5.42,7.03,0.0
20050327:0611,12.18,6.08,5.32,6.83,0.0
20050327:0711,100.86,13.77,5.49,6.69,0.0
20050327:0811,263.99,20.89,5.89,0.0,0.0
20050327:0911,447.47,26.97,6.43,0.0,0.0
20050327:1011,636.86,31.48,6.87,5.86,0.0
20050327:1111,722.77,33.91,7.02,5.66,0.0
20050327:1211,757.34,33.93,7.1,5.86,0.0
20050327:1311,232.74,31.54,7.16,5.86,0.0
20050327:1411,513.58,27.06,7.12,5.59,0.0
20050327:1511,710.23,21.01,6.9,4.76,0.0
20050327:1611,504.38,13.9,6.64,4.41,0.0
20050327:1711,291.55,6.21,6.34,4.07,0.0
20050327:1811,0.0,0.0,6.05,4.07,0.0
20050327:1911,0.0,0.0,5.74,4.14,0.0
20050327:2011,0.0,0.0,5.28,4.28,0.0
20050327:2111,0.0,0.0,4.97,4.34,0.0
20050327:2211,0.0,0.0,4.71,4.9,0.0
20050327:2311,0.0,0.0,4.67,4.76,0.0
20050328:0011,0.0,0.0,4.6,4.83,0.0
20050328:0111,0.0,0.0,4.53,4.9,0.0
20050328:0211,0.0,0.0,4.39,4.9,0.0
20050328:0311,0.0,0.0,4.23,4.69,0.0
20050328:0411,0.0,0.0,3.96,4.48,0.0
20050328:0511,0.0,0.0,3.64,4.21,0.0
20050328:0611,17.05,6.46,3.4,4.0,0.0
20050328:0711,121.22,14.15,3.72,3.59,0.0
20050328:0811,326.78,21.28,4.51,2.97,0.0
20050328:0911,545.72,27.36,4.94,2.41,0.0
20050328:1011,726.42,31.88,5.74,2.62,0.0
20050328:1111,922.65,34.3,5.64,2.62,0.0
20050328:1211,975.66,34.31,5.64,2.83,0.0
20050328:1311,979.47,31.9,5.6,3.03,0.0
20050328:1411,732.3,27.4,5.45,3.03,0.0
20050328:1511,585.77,21.32,5.24,2.9,0.0
20050328:1611,388.33,14.2,5.29,2.69,0.0
20050328:1711,275.38,6.51,5.58,2.28,0.0
20050328:1811,0.0,0.0,5.51,2.07,0.0
20050328:1911,0.0,0.0,4.84,2.41,0.0
20050328:2011,0.0,0.0,4.6,3.03,0.0
20050328:2111,0.0,0.0,4.25,3.38,0.0
20050328:2211,0.0,0.0,3.81,4.28,0.0
20050328:2311,0.0,0.0,3.9,4.97,0.0
20050329:0011,0.0,0.0,4.0,5.59,0.0
20050329:0111,0.0,0.0,3.94,6.0,0.0
20050329:0211,0.0,0.0,3.92,6.0,0.0
20050329:0311,0.0,0.0,3.95,5.86,0.0
20050329:0411,0.0,0.0,4.01,5.79,0.0
20050329:0511,0.0,0.0,4.1,5.59,0.0
20050329:0611,19.48,6.83,4.24,5.45,0.0
20050329:0711,125.31,14.53,4.62,5.66,0.0
20050329:0811,332.18,21.66,5.04,6.21,0.0
20050329:0911,551.82,27.76,5.44,6.48,0.0
20050329:1011,771.98,32.27,6.25,6.34,0.0
20050329:1111,921.99,34.7,6.44,6.48,0.0
20050329:1211,1009.91,34.69,6.5,6.62,0.0
20050329:1311,1012.36,32.26,6.59,6.69,0.0
20050329:1411,886.82,27.73,6.61,6.9,0.0
20050329:1511,727.79,21.64,6.45,7.52,0.0
20050329:1611,551.8,14.5,6.27,7.66,0.0
20050329:1711,318.84,6.8,5.99,7.93,0.0
20050329:1811,0.0,0.0,5.52,8.21,0.0
20050329:1911,0.0,0.0,5.06,8.07,0.0
20050329:2011,0.0,0.0,4.8,7.79,0.0
20050329:2111,0.0,0.0,4.66,7.38,0.0
20050329:2211,0.0,0.0,4.63,6.69,0.0
20050329:2311,0.0,0.0,4.62,6.62,0.0
20050330:0011,0.0,0.0,4.59,6.97,0.0
20050330:0111,0.0,0.0,4.46,7.17,0.0
20050330:0211,0.0,0.0,4.27,7.24,0.0
20050330:0311,0.0,0.0,4.02,7.24,0.0
20050330:0411,0.0,0.0,3.76,7.31,0.0
20050330:0511,0.0,0.0,3.61,6.76,0.0
20050330:0611,21.92,7.2,3.53,7.1,0.0
20050330:0711,131.3,14.91,3.79,7.31,0.0
20050330:0811,339.61,22.05,4.28,8.48,0.0
20050330:0911,571.42,28.15,4.8,8.34,0.0
20050330:1011,786.95,32.67,5.45,8.41,0.0
20050330:1111,950.1,35.09,5.7,8.48,0.0
20050330:1211,1039.53,35.07,5.8,8.0,0.0
20050330:1311,1041.78,32.62,5.9,7.38,0.0
20050330:1411,894.77,28.07,5.91,7.03,0.0
20050330:1511,786.95,21.95,5.97,6.55,0.0
20050330:1611,586.94,14.8,5.87,6.14,0.0
20050330:1711,326.97,7.09,5.6,5.72,0.0
20050330:1811,0.0,0.0,5.2,5.66,0.0
20050330:1911,0.0,0.0,4.82,5.72,0.0
20050330:2011,0.0,0.0,4.5,5.66,0.0
20050330:2111,0.0,0.0,4.24,5.52,0.0
20050330:2211,0.0,0.0,4.09,5.38,0.0
20050330:2311,0.0,0.0,3.82,4.97,0.0
20050331:0011,0.0,0.0,3.62,4.83,0.0
20050331:0111,0.0,0.0,3.5,4.62,0.0
20050331:0211,0.0,0.0,3.42,4.62,0.0
20050331:0311,0.0,0.0,3.4,4.62,0.0
20050331:0411,0.0,0.0,3.36,4.55,0.0
20050331:0511,0.0,0.0,3.28,4.28,0.0
20050331:0611,25.16,7.57,3.34,4.14,0.0
20050331:0711,137.0,15.28,3.79,4.14,0.0
20050331:0811,360.11,22.43,4.39,4.34,0.0
20050331:0911,576.97,28.54,4.74,4.62,0.0
20050331:1011,775.8,33.07,5.08,4.0,0.0
20050331:1111,953.17,35.49,5.26,3.86,0.0
20050331:1211,1042.32,35.45,5.36,4.0,0.0
20050331:1311,1030.71,32.98,5.38,4.28,0.0
20050331:1411,952.93,28.4,5.3,4.55,0.0
20050331:1511,802.03,22.26,5.17,4.69,0.0
20050331:1611,576.24,15.09,4.97,4.62,0.0
20050331:1711,342.64,7.38,4.74,4.28,0.0
20050331:1811,0.0,-0.46,4.43,4.0,0.0
20050331:1911,0.0,0.0,4.17,3.86,0.0
20050331:2011,0.0,0.0,4.02,4.0,0.0
20050331:2111,0.0,0.0,3.82,4.21,0.0
20050331:2211,0.0,0.0,3.75,4.41,0.0
20050331:2311,0.0,0.0,3.73,4.69,0.0
20050401:0011,0.0,0.0,3.8,4.76,0.0
20050401:0111,0.0,0.0,3.8,5.1,0.0
20050401:0211,0.0,0.0,3.76,5.52,0.0
20050401:0311,0.0,0.0,3.66,5.79,0.0
20050401:0411,0.0,0.0,3.55,6.0,0.0
20050401:0511,0.0,0.0,3.42,6.21,0.0
20050401:0611,25.97,7.94,3.4,6.48,0.0
20050401:0711,136.68,15.65,3.66,6.97,0.0
20050401:0811,345.33,22.81,4.0,8.0,0.0
20050401:0911,563.96,28.93,4.37,8.28,0.0
20050401:1011,737.19,33.46,4.87,7.45,0.0
20050401:1111,828.06,35.88,5.17,7.66,0.0
20050401:1211,904.35,35.83,5.4,7.93,0.0
20050401:1311,902.12,33.33,5.51,8.0,0.0
20050401:1411,879.38,28.73,5.56,7.93,0.0
20050401:1511,686.71,22.57,5.51,7.59,0.0
20050401:1611,502.59,15.39,5.37,7.17,0.0
20050401:1711,282.62,7.67,5.18,7.03,0.0
20050401:1811,0.0,-0.17,4.88,7.1,0.0
20050401:1911,0.0,0.0,4.62,6.97,0.0
20050401:2011,0.0,0.0,4.53,6.62,0.0
20050401:2111,0.0,0.0,4.47,6.28,0.0
20050401:2211,0.0,0.0,4.85,6.34,0.0
20050401:2311,0.0,0.0,4.82,6.14,0.0
20050402:0011,0.0,0.0,4.75,6.0,0.0
20050402:0111,0.0,0.0,4.73,5.93,0.0
20050402:0211,0.0,0.0,4.64,6.0,0.0
20050402:0311,0.0,0.0,4.51,5.93,0.0
20050402:0411,0.0,0.0,4.37,6.0,0.0
20050402:0511,0.0,0.0,4.3,6.0,0.0
20050402:0611,29.22,8.31,4.33,6.0,0.0
20050402:0711,134.1,16.03,4.76,6.07,0.0
20050402:0811,328.53,23.19,5.27,6.41,0.0
20050402:0911,508.98,29.31,5.67,6.55,0.0
20050402:1011,688.86,33.85,6.11,6.55,0.0
20050402:1111,801.7,36.27,6.31,6.69,0.0
20050402:1211,857.88,36.21,6.39,6.62,0.0
20050402:1311,869.46,33.69,6.37,6.41,0.0
20050402:1411,838.95,29.06,6.29,6.21,0.0
20050402:1511,681.64,22.88,6.17,5.86,0.0
20050402:1611,445.11,15.68,6.0,5.52,0.0
20050402:1711,226.06,7.95,5.71,5.31,0.0
20050402:1811,7.98,0.11,5.37,5.1,0.0
20050402:1911,0.0,0.0,4.99,4.97,0.0
20050402:2011,0.0,0.0,4.65,4.76,0.0
20050402:2111,0.0,0.0,4.41,4.62,0.0
20050402:2211,0.0,0.0,4.73,4.83,0.0
20050402:2311,0.0,0.0,4.57,4.9,0.0
20050403:0011,0.0,0.0,4.48,5.03,0.0
20050403:0111,0.0,0.0,4.5,5.38,0.0
20050403:0211,0.0,0.0,4.53,5.72,0.0
20050403:0311,0.0,0.0,4.68,6.07,0.0
20050403:0411,0.0,0.0,4.82,6.41,0.0
20050403:0511,0.0,0.0,4.91,6.69,0.0
20050403:0611,31.66,8.68,5.11,7.17,0.0
20050403:0711,142.4,16.4,5.63,7.72,0.0
20050403:0811,329.93,23.57,6.13,8.28,0.0
20050403:0911,572.32,29.7,6.45,8.69,0.0
20050403:1011,701.16,34.24,6.96,8.55,0.0
20050403:1111,868.09,36.66,7.2,8.69,0.0
20050403:1211,870.48,36.59,7.33,8.9,0.0
20050403:1311,944.36,34.04,7.34,9.03,0.0
20050403:1411,860.63,29.39,7.2,8.83,0.0
20050403:1511,709.16,23.18,6.95,8.41,0.0
20050403:1611,459.88,15.97,6.76,7.93,0.0
20050403:1711,239.93,8.24,6.5,7.59,0.0
20050403:1811,2.66,0.4,6.15,7.59,0.0
20050403:1911,0.0,0.0,5.88,7.59,0.0
20050403:2011,0.0,0.0,5.8,7.38,0.0
20050403:2111,0.0,0.0,5.74,7.38,0.0
20050403:2211,0.0,0.0,6.09,7.59,0.0
20050403:2311,0.0,0.0,6.05,7.38,0.0
20050404:0011,0.0,0.0,6.11,6.76,0.0
20050404:0111,0.0,0.0,6.05,6.07,0.0
20050404:0211,0.0,0.0,6.16,5.59,0.0
20050404:0311,0.0,0.0,6.3,5.59,0.0
20050404:0411,0.0,0.0,6.4,5.72,0.0
20050404:0511,0.0,0.0,6.44,6.14,0.0
20050404:0611,21.1,9.05,6.51,6.69,0.0
20050404:0711,30.14,16.77,6.7,7.1,0.0
20050404:0811,126.32,23.94,6.95,7.17,0.0
20050404:0911,480.99,30.08,7.16,7.1,0.0
20050404:1011,619.62,34.63,7.46,7.38,0.0
20050404:1111,610.66,37.04,7.37,7.1,0.0
20050404:1211,249.03,36.96,7.11,6.83,0.0
20050404:1311,93.08,34.39,6.69,6.34,0.0
20050404:1411,67.37,29.72,6.42,5.52,0.0
20050404:1511,44.32,23.49,6.0,4.41,0.0
20050404:1611,33.69,16.26,5.77,4.14,0.0
20050404:1711,15.96,8.52,5.69,3.79,0.0
20050404:1811,4.43,0.69,5.62,3.93,0.0
20050404:1911,0.0,0.0,5.59,5.24,0.0
20050404:2011,0.0,0.0,5.5,5.79,0.0
20050404:2111,0.0,0.0,5.44,5.31,0.0
20050404:2211,0.0,0.0,5.41,5.03,0.0
20050404:2311,0.0,0.0,5.47,5.1,0.0
20050405:0011,0.0,0.0,5.56,5.93,0.0
20050405:0111,0.0,0.0,5.65,6.55,0.0
20050405:0211,0.0,0.0,5.76,7.31,0.0
20050405:0311,0.0,0.0,5.64,8.07,0.0
20050405:0411,0.0,0.0,5.54,8.0,0.0
20050405:0511,0.0,0.0,5.47,7.79,0.0
20050405:0611,31.66,9.41,5.3,8.0,0.0
20050405:0711,106.86,17.13,5.34,7.86,0.0
20050405:0811,26.59,24.32,5.49,8.14,0.0
20050405:0911,36.35,30.47,5.21,7.66,0.0
20050405:1011,574.48,35.02,5.4,7.31,0.0
20050405:1111,254.2,37.43,5.73,6.97,0.0
20050405:1211,693.65,37.33,5.71,7.59,0.0
20050405:1311,583.32,34.74,5.84,6.97,0.0
20050405:1411,881.45,30.04,5.79,7.1,0.0
20050405:1511,376.11,23.79,5.66,7.66,0.0
20050405:1611,46.1,16.55,5.85,7.93,0.0
20050405:1711,272.47,8.81,5.45,7.93,0.0
20050405:1811,13.3,0.97,5.43,0.0,0.0
20050405:1911,0.0,0.0,5.26,0.0,0.0
20050405:2011,0.0,0.0,5.16,5.66,0.0
20050405:2111,0.0,0.0,4.99,4.9,0.0
20050405:2211,0.0,0.0,5.26,4.55,0.0
20050405:2311,0.0,0.0,5.28,3.79,0.0
20050406:0011,0.0,0.0,5.36,4.0,0.0
20050406:0111,0.0,0.0,5.36,4.28,0.0
20050406:0211,0.0,0.0,5.28,4.69,0.0
20050406:0311,0.0,0.0,5.15,4.55,0.0
20050406:0411,0.0,0.0,4.87,5.45,0.0
20050406:0511,0.0,0.0,4.81,6.55,0.0
20050406:0611,17.86,9.77,4.94,7.45,0.0
20050406:0711,20.39,17.5,5.31,8.07,0.0
20050406:0811,69.15,24.69,5.78,8.97,0.0
20050406:0911,107.26,30.85,6.01,10.07,0.0
20050406:1011,85.1,35.41,6.03,12.14,0.0
20050406:1111,97.51,37.81,6.03,12.14,0.0
20050406:1211,80.67,37.7,5.97,13.03,0.0
20050406:1311,60.28,35.09,5.88,13.31,0.0
20050406:1411,58.51,30.37,6.03,13.66,0.0
20050406:1511,31.91,24.1,6.18,14.55,0.0
20050406:1611,41.66,16.84,6.38,14.0,0.0
20050406:1711,62.48,9.09,6.4,11.31,0.0
20050406:1811,7.09,1.26,6.3,9.31,0.0
20050406:1911,0.0,0.0,6.31,8.48,0.0
20050406:2011,0.0,0.0,6.23,8.07,0.0
20050406:2111,0.0,0.0,6.2,7.72,0.0
20050406:2211,0.0,0.0,6.11,7.86,0.0
20050406:2311,0.0,0.0,5.9,8.34,0.0
20050407:0011,0.0,0.0,5.85,7.72,0.0
20050407:0111,0.0,0.0,5.86,6.48,0.0
20050407:0211,0.0,0.0,5.8,5.72,0.0
20050407:0311,0.0,0.0,5.65,5.03,0.0
20050407:0411,0.0,0.0,5.35,4.83,0.0
20050407:0511,0.0,0.0,5.13,4.48,0.0
20050407:0611,6.49,10.13,4.87,4.07,0.0
20050407:0711,27.48,17.86,4.16,4.21,0.0
20050407:0811,39.01,25.06,3.45,4.14,0.0
20050407:0911,63.83,31.23,4.02,4.41,0.0
20050407:1011,70.03,35.79,4.04,5.66,0.0
20050407:1111,375.59,38.2,4.04,6.14,0.0
20050407:1211,499.34,38.07,4.42,6.69,0.0
20050407:1311,335.52,35.44,4.56,6.14,0.0
20050407:1411,401.68,30.69,4.44,5.59,0.0
20050407:1511,32.8,24.4,4.45,4.97,0.0
20050407:1611,109.21,17.13,4.4,4.48,0.0
20050407:1711,12.41,9.37,4.12,4.55,0.0
20050407:1811,16.84,1.54,3.89,4.34,0.0
20050407:1911,0.0,0.0,3.81,4.55,0.0
20050407:2011,0.0,0.0,3.66,4.34,0.0
20050407:2111,0.0,0.0,3.76,4.14,0.0
20050407:2211,0.0,0.0,4.48,1.93,0.0
20050407:2311,0.0,0.0,4.36,2.07,0.0
20050408:0011,0.0,0.0,4.28,3.03,0.0
20050408:0111,0.0,0.0,4.2,3.86,0.0
20050408:0211,0.0,0.0,4.31,4.14,0.0
20050408:0311,0.0,0.0,4.42,4.83,0.0
20050408:0411,0.0,0.0,4.66,4.48,0.0
20050408:0511,0.0,0.0,4.87,2.97,0.0
20050408:0611,18.67,10.49,5.0,2.14,0.0
20050408:0711,61.17,18.22,4.87,3.66,0.0
20050408:0811,141.67,25.43,4.62,6.97,0.0
20050408:0911,124.99,31.6,4.37,9.31,0.0
20050408:1011,204.63,36.17,4.73,10.34,0.0
20050408:1111,161.34,38.58,4.37,11.24,0.0
20050408:1211,720.31,38.44,4.49,12.0,0.0
20050408:1311,203.84,35.78,4.34,13.17,0.0
20050408:1411,341.68,31.01,4.14,14.0,0.0
20050408:1511,507.38,24.69,3.96,14.07,0.0
20050408:1611,363.24,17.41,3.66,13.72,0.0
20050408:1711,154.3,9.65,3.38,13.24,0.0
20050408:1811,17.73,1.83,3.04,13.24,0.0
20050408:1911,0.0,0.0,2.84,13.24,0.0
20050408:2011,0.0,0.0,2.65,13.45,0.0
20050408:2111,0.0,0.0,2.46,13.52,0.0
20050408:2211,0.0,0.0,2.67,13.03,0.0
20050408:2311,0.0,0.0,2.66,13.38,0.0
20050409:0011,0.0,0.0,2.57,14.0,0.0
20050409:0111,0.0,0.0,2.55,14.55,0.0
20050409:0211,0.0,0.0,2.49,14.0,0.0
20050409:0311,0.0,0.0,2.36,13.59,0.0
20050409:0411,0.0,0.0,2.25,12.83,0.0
20050409:0511,0.0,0.0,2.19,11.86,0.0
20050409:0611,7.31,10.85,2.18,11.17,0.0
20050409:0711,89.36,18.58,2.33,10.28,0.0
20050409:0811,129.18,25.79,2.68,9.17,0.0
20050409:0911,410.76,31.98,3.04,8.41,0.0
20050409:1011,734.22,36.55,4.08,7.31,0.0
20050409:1111,674.02,38.95,4.22,6.41,0.0
20050409:1211,903.89,38.8,4.27,6.07,0.0
20050409:1311,598.51,36.12,4.43,6.28,0.0
20050409:1411,614.72,31.32,4.19,6.69,0.0
20050409:1511,341.3,24.99,3.9,6.34,0.0
20050409:1611,161.2,17.7,3.74,5.45,0.0
20050409:1711,96.09,9.93,3.66,4.62,0.0
20050409:1811,9.75,2.11,3.72,4.07,0.0
20050409:1911,0.0,0.0,3.9,3.93,0.0
20050409:2011,0.0,0.0,4.24,4.34,0.0
20050409:2111,0.0,0.0,4.51,4.48,0.0
20050409:2211,0.0,0.0,4.71,5.31,0.0
20050409:2311,0.0,0.0,5.48,4.48,0.0
20050410:0011,0.0,0.0,5.66,3.72,0.0
20050410:0111,0.0,0.0,5.89,3.38,0.0
20050410:0211,0.0,0.0,6.12,4.48,0.0
20050410:0311,0.0,0.0,6.09,4.69,0.0
20050410:0411,0.0,0.0,6.05,5.24,0.0
20050410:0511,0.0,0.0,6.07,5.45,0.0
20050410:0611,8.93,11.2,6.16,7.31,0.0
20050410:0711,87.84,18.94,6.1,8.07,0.0
20050410:0811,170.39,26.15,6.15,8.07,0.0
20050410:0911,540.01,32.35,6.24,7.93,0.0
20050410:1011,551.8,36.93,6.67,7.66,0.0
20050410:1111,792.75,39.33,6.7,7.45,0.0
20050410:1211,873.96,39.16,6.79,7.24,0.0
20050410:1311,826.83,36.46,6.73,6.62,0.0
20050410:1411,291.04,31.64,6.77,6.41,0.0
20050410:1511,228.79,25.29,6.72,6.34,0.0
20050410:1611,81.56,17.98,6.65,6.0,0.0
20050410:1711,38.12,10.2,6.6,5.45,0.0
20050410:1811,8.86,2.39,6.58,5.72,0.0
20050410:1911,0.0,0.0,6.66,7.66,0.0
20050410:2011,0.0,0.0,7.07,9.38,0.0
20050410:2111,0.0,0.0,7.73,10.34,0.0
20050410:2211,0.0,0.0,8.1,11.03,0.0
20050410:2311,0.0,0.0,7.94,11.17,0.0
20050411:0011,0.0,0.0,7.85,10.83,0.0
20050411:0111,0.0,0.0,7.81,10.07,0.0
20050411:0211,0.0,0.0,7.62,9.45,0.0
20050411:0311,0.0,0.0,7.54,9.59,0.0
20050411:0411,0.0,0.0,7.42,8.48,0.0
20050411:0511,0.0,0.0,7.27,7.59,0.0
20050411:0611,8.12,11.55,7.21,8.0,0.0
20050411:0711,23.93,19.29,7.5,9.31,0.0
20050411:0811,60.28,26.51,7.8,9.66,0.0
20050411:0911,72.69,32.71,7.84,9.03,0.0
20050411:1011,149.82,37.31,7.73,8.48,0.0
20050411:1111,222.14,39.7,7.67,8.34,0.0
20050411:1211,135.63,39.52,7.59,7.72,0.0
20050411:1311,119.67,36.8,7.51,6.55,0.0
20050411:1411,619.95,31.95,7.48,5.66,0.0
20050411:1511,343.99,25.58,7.36,4.97,0.0
20050411:1611,271.18,18.26,7.23,4.28,0.0
20050411:1711,95.49,10.48,7.01,4.21,0.0
20050411:1811,7.98,2.66,6.88,4.55,0.0
20050411:1911,0.0,0.0,6.79,4.9,0.0
20050411:2011,0.0,0.0,6.8,5.45,0.0
20050411:2111,0.0,0.0,6.86,5.79,0.0
20050411:2211,0.0,0.0,7.28,6.83,0.0
20050411:2311,0.0,0.0,7.38,7.24,0.0
20050412:0011,0.0,0.0,7.51,7.45,0.0
20050412:0111,0.0,0.0,7.63,7.79,0.0
20050412:0211,0.0,0.0,7.75,8.41,0.0
20050412:0311,0.0,0.0,7.71,8.97,0.0
20050412:0411,0.0,0.0,7.54,9.17,0.0
20050412:0511,0.81,4.06,7.29,7.66,0.0
20050412:0611,16.23,11.9,7.02,5.24,0.0
20050412:0711,23.05,19.64,6.88,3.45,0.0
20050412:0811,283.09,26.87,6.88,3.38,0.0
20050412:0911,356.49,33.08,7.14,4.83,0.0
20050412:1011,301.16,37.68,7.11,6.07,0.0
20050412:1111,401.7,40.07,6.7,6.28,0.0
20050412:1211,698.19,39.88,6.89,6.69,0.0
20050412:1311,855.86,37.13,6.93,7.1,0.0
20050412:1411,789.14,32.26,6.9,7.1,0.0
20050412:1511,584.23,25.87,6.87,6.97,0.0
20050412:1611,462.07,18.54,6.76,6.69,0.0
20050412:1711,252.76,10.75,6.64,6.28,0.0
20050412:1811,55.94,2.94,6.46,5.86,0.0
20050412:1911,0.0,0.0,6.38,5.72,0.0
20050412:2011,0.0,0.0,6.32,5.52,0.0
20050412:2111,0.0,0.0,6.23,5.38,0.0
20050412:2211,0.0,0.0,6.24,5.38,0.0
20050412:2311,0.0,0.0,6.26,5.45,0.0
20050413:0011,0.0,0.0,6.11,5.17,0.0
20050413:0111,0.0,0.0,6.08,4.41,0.0
20050413:0211,0.0,0.0,5.96,3.72,0.0
20050413:0311,0.0,0.0,5.92,3.17,0.0
20050413:0411,0.0,0.0,5.78,2.83,0.0
20050413:0511,0.81,4.41,5.68,2.14,0.0
20050413:0611,49.51,12.24,5.83,1.31,0.0
20050413:0711,144.22,19.99,5.92,1.1,0.0
20050413:0811,331.12,27.23,6.05,1.66,0.0
20050413:0911,473.67,33.44,6.06,2.28,0.0
20050413:1011,635.72,38.05,6.51,2.62,0.0
20050413:1111,873.24,40.44,6.62,2.62,0.0
20050413:1211,988.23,40.23,6.64,2.9,0.0
20050413:1311,948.42,37.47,6.54,2.9,0.0
20050413:1411,902.02,32.57,6.46,2.69,0.0
20050413:1511,639.76,26.16,6.35,2.34,0.0
20050413:1611,264.3,18.81,6.3,2.14,0.0
20050413:1711,212.62,11.03,6.16,1.72,0.0
20050413:1811,42.14,3.22,5.96,1.03,0.0
20050413:1911,0.0,0.0,5.75,0.83,0.0
20050413:2011,0.0,0.0,5.68,1.03,0.0
20050413:2111,0.0,0.0,5.61,1.59,0.0
20050413:2211,0.0,0.0,5.67,2.07,0.0
20050413:2311,0.0,0.0,5.37,2.14,0.0
20050414:0011,0.0,0.0,4.88,2.0,0.0
20050414:0111,0.0,0.0,4.42,2.14,0.0
20050414:0211,0.0,0.0,4.05,2.34,0.0
20050414:0311,0.0,0.0,3.81,2.69,0.0
20050414:0411,0.0,0.0,3.79,2.9,0.0
20050414:0511,0.81,4.75,3.78,2.97,0.0
20050414:0611,57.63,12.58,3.88,2.69,0.0
20050414:0711,173.55,20.33,4.39,2.41,0.0
20050414:0811,249.72,27.58,5.15,2.34,0.0
20050414:0911,327.94,33.8,5.67,2.41,0.0
20050414:1011,743.36,38.41,6.25,2.76,0.0
20050414:1111,935.57,40.81,6.57,2.69,0.0
20050414:1211,811.47,40.59,6.5,2.55,0.0
20050414:1311,950.48,37.8,6.18,3.1,0.0
20050414:1411,853.39,32.88,6.08,0.0,0.0
20050414:1511,741.97,26.45,6.18,0.0,0.0
20050414:1611,539.92,19.09,6.31,3.66,0.0
20050414:1711,200.37,11.3,6.29,3.79,0.0
20050414:1811,10.64,3.49,6.03,3.59,0.0
20050414:1911,0.0,0.0,5.82,3.31,0.0
20050414:2011,0.0,0.0,5.82,3.17,0.0
20050414:2111,0.0,0.0,5.89,2.28,0.0
20050414:2211,0.0,0.0,5.74,2.28,0.0
20050414:2311,0.0,0.0,5.42,2.28,0.0
20050415:0011,0.0,0.0,5.33,2.76,0.0
20050415:0111,0.0,0.0,5.29,3.17,0.0
20050415:0211,0.0,0.0,5.3,2.48,0.0
20050415:0311,0.0,0.0,5.37,3.1,0.0
20050415:0411,0.0,0.0,5.38,2.83,0.0
20050415:0511,1.62,5.09,5.43,3.72,0.0
20050415:0611,17.05,12.92,5.84,3.93,0.0
20050415:0711,32.8,20.67,6.37,3.24,0.0
20050415:0811,46.98,27.92,6.77,3.79,0.0
20050415:0911,124.11,34.16,7.03,4.48,0.0
20050415:1011,75.35,38.78,6.85,2.41,0.0
20050415:1111,62.05,41.17,7.0,1.72,0.0
20050415:1211,58.51,40.94,7.7,2.07,0.0
20050415:1311,60.28,38.13,7.43,2.62,0.0
20050415:1411,58.51,33.19,7.49,1.52,0.0
20050415:1511,78.01,26.73,7.82,0.28,0.0
20050415:1611,36.35,19.36,8.72,1.17,0.0
20050415:1711,158.56,11.57,8.2,1.93,0.0
20050415:1811,34.64,3.77,7.71,2.48,0.0
20050415:1911,0.0,0.0,7.51,2.62,0.0
20050415:2011,0.0,0.0,7.3,2.83,0.0
20050415:2111,0.0,0.0,7.16,3.38,0.0
20050415:2211,0.0,0.0,7.16,4.14,0.0
20050415:2311,0.0,0.0,7.3,4.69,0.0
20050416:0011,0.0,0.0,7.52,5.24,0.0
20050416:0111,0.0,0.0,7.71,5.86,0.0
20050416:0211,0.0,0.0,7.83,6.21,0.0
20050416:0311,0.0,0.0,7.89,6.62,0.0
20050416:0411,0.0,0.0,7.92,6.97,0.0
20050416:0511,10.55,5.43,7.97,7.45,0.0
20050416:0611,43.02,13.25,8.2,7.66,0.0
20050416:0711,103.18,21.01,8.63,7.93,0.0
20050416:0811,296.05,28.27,9.09,7.93,0.0
20050416:0911,395.1,34.51,9.37,7.52,0.0
20050416:1011,700.99,39.14,9.91,7.03,0.0
20050416:1111,814.22,41.53,9.95,6.48,0.0
20050416:1211,877.36,41.28,9.88,6.0,0.0
20050416:1311,868.91,38.45,9.67,5.59,0.0
20050416:1411,816.46,33.49,9.36,5.03,0.0
20050416:1511,654.78,27.02,9.04,4.41,0.0
20050416:1611,421.36,19.64,9.65,3.1,0.0
20050416:1711,71.71,11.84,10.69,1.1,0.0
20050416:1811,78.72,4.04,8.81,0.97,0.0
20050416:1911,0.0,0.0,8.95,1.86,0.0
20050416:2011,0.0,0.0,8.61,3.31,0.0
20050416:2111,0.0,0.0,8.08,4.76,0.0
20050416:2211,0.0,0.0,8.48,5.79,0.0
20050416:2311,0.0,0.0,8.81,6.83,0.0
20050417:0011,0.0,0.0,8.69,7.45,0.0
20050417:0111,0.0,0.0,8.62,7.86,0.0
20050417:0211,0.0,0.0,8.6,8.14,0.0
20050417:0311,0.0,0.0,8.49,8.28,0.0
20050417:0411,0.0,0.0,8.34,8.28,0.0
20050417:0511,11.36,5.76,8.2,8.21,0.0
20050417:0611,43.83,13.59,8.16,8.14,0.0
20050417:0711,185.46,21.35,8.48,8.0,0.0
20050417:0811,366.97,28.61,8.88,7.86,0.0
20050417:0911,542.23,34.86,9.16,7.86,0.0
20050417:1011,454.54,39.5,9.6,7.93,0.0
20050417:1111,886.99,41.88,9.74,8.07,0.0
20050417:1211,1029.56,41.63,9.99,8.21,0.0
20050417:1311,1023.23,38.78,10.18,8.21,0.0
20050417:1411,934.63,33.79,10.23,8.07,0.0
20050417:1511,771.81,27.3,10.16,7.86,0.0
20050417:1611,593.78,19.91,10.07,7.66,0.0
20050417:1711,351.47,12.1,9.99,8.07,0.0
20050417:1811,101.05,4.31,9.83,8.69,0.0
20050417:1911,0.0,0.0,9.51,9.24,0.0
20050417:2011,0.0,0.0,9.2,9.79,0.0
20050417:2111,0.0,0.0,8.94,10.14,0.0
20050417:2211,0.0,0.0,9.0,10.28,0.0
20050417:2311,0.0,0.0,8.78,10.34,0.0
20050418:0011,0.0,0.0,8.55,10.48,0.0
20050418:0111,0.0,0.0,8.29,10.55,0.0
20050418:0211,0.0,0.0,7.98,10.41,0.0
20050418:0311,0.0,0.0,7.66,10.21,0.0
20050418:0411,0.0,0.0,7.34,10.21,0.0
20050418:0511,0.0,0.0,7.07,10.48,0.0
20050418:0611,0.0,0.0,7.02,10.83,0.0
20050418:0711,0.0,0.0,7.19,11.03,0.0
20050418:0811,0.0,0.0,7.58,10.97,0.0
20050418:0911,0.0,0.0,8.1,10.97,0.0
20050418:1011,0.0,0.0,8.69,10.48,0.0
20050418:1111,0.0,0.0,9.05,10.55,0.0
20050418:1211,0.0,0.0,9.29,10.41,0.0
20050418:1311,1029.24,39.1,9.45,10.28,0.0
20050418:1411,976.15,34.09,9.52,10.14,0.0
20050418:1511,799.04,27.58,9.45,9.86,0.0
20050418:1611,587.12,20.17,9.26,9.52,0.0
20050418:1711,346.11,12.37,8.98,9.38,0.0
20050418:1811,94.57,4.58,8.62,9.72,0.0
20050418:1911,0.0,0.0,8.2,10.14,0.0
20050418:2011,0.0,0.0,7.9,10.28,0.0
20050418:2111,0.0,0.0,7.69,10.41,0.0
20050418:2211,0.0,0.0,7.5,10.34,0.0
20050418:2311,0.0,0.0,7.3,10.21,0.0
20050419:0011,0.0,0.0,7.08,10.07,0.0
20050419:0111,0.0,0.0,6.87,9.79,0.0
20050419:0211,0.0,0.0,6.68,9.52,0.0
20050419:0311,0.0,0.0,6.53,9.31,0.0
20050419:0411,0.0,0.0,6.36,8.97,0.0
20050419:0511,2.44,6.42,6.2,8.48,0.0
20050419:0611,38.96,14.24,6.22,7.79,0.0
20050419:0711,110.23,22.0,6.49,7.1,0.0
20050419:0811,217.72,29.28,6.89,6.34,0.0
20050419:0911,396.86,35.55,7.21,5.79,0.0
20050419:1011,633.08,40.2,7.43,6.07,0.0
20050419:1111,841.65,42.59,7.52,5.03,0.0
20050419:1211,809.71,42.31,7.48,4.21,0.0
20050419:1311,896.57,39.41,7.25,3.38,0.0
20050419:1411,820.94,34.38,6.93,2.69,0.0
20050419:1511,760.55,27.86,6.55,2.41,0.0
20050419:1611,561.36,20.44,6.24,3.52,0.0
20050419:1711,320.05,12.63,6.12,4.76,0.0
20050419:1811,101.69,4.84,6.09,4.55,0.0
20050419:1911,0.0,0.0,6.07,3.52,0.0
20050419:2011,0.0,0.0,6.09,2.21,0.0
20050419:2111,0.0,0.0,5.9,0.62,0.0
20050419:2211,0.0,0.0,5.68,1.79,0.0
20050419:2311,0.0,0.0,5.51,2.62,0.0
20050420:0011,0.0,0.0,5.34,2.62,0.0
20050420:0111,0.0,0.0,5.04,2.34,0.0
20050420:0211,0.0,0.0,4.76,2.0,0.0
20050420:0311,0.0,0.0,4.54,1.86,0.0
20050420:0411,0.0,0.0,4.37,1.79,0.0
20050420:0511,17.86,6.74,4.35,1.52,0.0
20050420:0611,45.46,14.56,4.88,1.1,0.0
20050420:0711,203.72,22.33,5.88,0.9,0.0
20050420:0811,426.85,29.61,6.5,0.62,0.0
20050420:0911,659.51,35.89,6.88,1.79,0.0
20050420:1011,843.51,40.55,7.22,2.76,0.0
20050420:1111,957.78,42.94,7.09,3.45,0.0
20050420:1211,1018.2,42.65,6.75,4.07,0.0
20050420:1311,995.66,39.73,6.48,4.9,0.0
20050420:1411,942.29,34.67,6.27,4.83,0.0
20050420:1511,780.25,28.13,6.28,3.66,0.0
20050420:1611,567.18,20.7,6.26,3.52,0.0
20050420:1711,322.14,12.89,6.19,4.0,0.0
20050420:1811,83.08,5.11,6.19,4.41,0.0
20050420:1911,0.0,0.0,6.0,4.69,0.0
20050420:2011,0.0,0.0,5.92,4.83,0.0
20050420:2111,0.0,0.0,5.83,4.76,0.0
20050420:2211,0.0,0.0,5.68,4.76,0.0
20050420:2311,0.0,0.0,5.58,5.1,0.0
20050421:0011,0.0,0.0,5.49,5.66,0.0
20050421:0111,0.0,0.0,5.38,5.93,0.0
20050421:0211,0.0,0.0,5.23,5.93,0.0
20050421:0311,0.0,0.0,5.15,5.79,0.0
20050421:0411,0.0,0.0,5.01,5.59,0.0
20050421:0511,21.1,7.06,4.87,5.38,0.0
20050421:0611,54.38,14.88,5.05,5.17,0.0
20050421:0711,203.04,22.65,5.27,5.38,0.0
20050421:0811,395.73,29.94,5.43,5.59,0.0
20050421:0911,622.91,36.23,5.68,5.72,0.0
20050421:1011,763.2,40.89,5.72,5.86,0.0
20050421:1111,922.92,43.28,5.75,6.41,0.0
20050421:1211,1009.59,42.98,5.73,6.83,0.0
20050421:1311,985.92,40.04,5.77,7.24,0.0
20050421:1411,905.61,34.97,5.79,7.45,0.0
20050421:1511,735.86,28.4,5.81,7.45,0.0
20050421:1611,525.11,20.97,5.79,7.45,0.0
20050421:1711,332.4,13.15,5.74,7.45,0.0
20050421:1811,99.45,5.37,5.52,7.38,0.0
20050421:1911,0.0,0.0,5.44,7.45,0.0
20050421:2011,0.0,0.0,5.53,7.17,0.0
20050421:2111,0.0,0.0,5.6,6.62,0.0
20050421:2211,0.0,0.0,5.31,6.0,0.0
20050421:2311,0.0,0.0,5.28,5.1,0.0
20050422:0011,0.0,0.0,5.05,3.86,0.0
20050422:0111,0.0,0.0,4.64,2.69,0.0
20050422:0211,0.0,0.0,4.78,2.76,0.0
20050422:0311,0.0,0.0,5.28,4.48,0.0
20050422:0411,0.0,0.0,5.42,6.07,0.0
20050422:0511,20.29,7.37,5.55,6.62,0.0
20050422:0611,50.33,15.19,5.94,6.62,0.0
20050422:0711,213.04,22.96,6.32,6.69,0.0
20050422:0811,429.46,30.26,6.69,6.9,0.0
20050422:0911,642.98,36.56,6.88,6.55,0.0
20050422:1011,843.39,41.23,6.79,6.14,0.0
20050422:1111,991.83,43.62,6.75,6.0,0.0
20050422:1211,1049.03,43.31,6.52,6.0,0.0
20050422:1311,1041.4,40.35,6.26,5.79,0.0
20050422:1411,964.24,35.25,6.19,5.24,0.0
20050422:1511,804.13,28.67,6.25,4.69,0.0
20050422:1611,589.12,21.23,6.29,4.0,0.0
20050422:1711,350.83,13.41,6.25,3.31,0.0
20050422:1811,113.15,5.63,6.24,2.48,0.0
20050422:1911,0.0,0.0,6.15,1.79,0.0
20050422:2011,0.0,0.0,6.16,1.52,0.0
20050422:2111,0.0,0.0,6.18,1.31,0.0
20050422:2211,0.0,0.0,6.11,1.38,0.0
20050422:2311,0.0,0.0,6.07,1.45,0.0
20050423:0011,0.0,0.0,6.01,1.66,0.0
20050423:0111,0.0,0.0,5.92,1.79,0.0
20050423:0211,0.0,0.0,5.3,1.79,0.0
20050423:0311,0.0,0.0,4.73,1.93,0.0
20050423:0411,0.0,0.0,4.51,2.28,0.0
20050423:0511,21.92,7.68,4.66,2.48,0.0
20050423:0611,74.68,15.5,5.3,2.41,0.0
20050423:0711,171.38,23.27,6.28,2.41,0.0
20050423:0811,349.06,30.58,6.85,2.62,0.0
20050423:0911,637.9,36.89,7.24,2.76,0.0
20050423:1011,826.34,41.57,7.8,2.83,0.0
20050423:1111,582.06,43.96,7.93,3.1,0.0
20050423:1211,691.7,43.63,7.78,3.31,0.0
20050423:1311,845.98,40.66,7.68,3.03,0.0
20050423:1411,903.39,35.54,7.49,2.83,0.0
20050423:1511,789.62,28.94,7.36,2.28,0.0
20050423:1611,290.71,21.48,7.21,1.52,0.0
20050423:1711,259.73,13.66,7.17,1.45,0.0
20050423:1811,75.75,5.89,7.12,1.86,0.0
20050423:1911,0.0,0.0,7.09,2.34,0.0
20050423:2011,0.0,0.0,7.08,2.69,0.0
20050423:2111,0.0,0.0,7.11,2.76,0.0
20050423:2211,0.0,0.0,6.92,3.17,0.0
20050423:2311,0.0,0.0,6.78,2.9,0.0
20050424:0011,0.0,0.0,6.52,2.83,0.0
20050424:0111,0.0,0.0,6.14,2.83,0.0
20050424:0211,0.0,0.0,5.73,2.76,0.0
20050424:0311,0.0,0.0,5.32,2.69,0.0
20050424:0411,0.0,0.0,5.06,2.9,0.0
20050424:0511,23.54,7.99,5.05,3.03,0.0
20050424:0611,59.25,15.8,5.71,3.1,0.0
20050424:0711,207.25,23.58,6.38,3.52,0.0
20050424:0811,340.45,30.89,6.74,4.07,0.0
20050424:0911,620.63,37.21,7.01,4.28,0.0
20050424:1011,805.4,41.9,7.41,4.62,0.0
20050424:1111,973.06,44.29,7.45,4.62,0.0
20050424:1211,987.66,43.96,7.38,4.55,0.0
20050424:1311,896.07,40.96,7.28,4.34,0.0
20050424:1411,906.0,35.82,7.2,3.93,0.0
20050424:1511,797.78,29.21,7.18,3.31,0.0
20050424:1611,583.73,21.74,7.2,2.69,0.0
20050424:1711,357.0,13.92,7.12,1.93,0.0
20050424:1811,122.62,6.15,6.95,1.17,0.0
20050424:1911,0.0,0.0,7.0,1.86,0.0
20050424:2011,0.0,0.0,7.07,2.55,0.0
20050424:2111,0.0,0.0,6.82,2.83,0.0
20050424:2211,0.0,0.0,6.53,3.38,0.0
20050424:2311,0.0,0.0,6.11,3.59,0.0
20050425:0011,0.0,0.0,5.86,3.66,0.0
20050425:0111,0.0,0.0,5.82,3.72,0.0
20050425:0211,0.0,0.0,5.84,3.79,0.0
20050425:0311,0.0,0.0,5.83,4.0,0.0
20050425:0411,0.0,0.0,5.68,4.21,0.0
20050425:0511,26.79,8.29,5.62,4.55,0.0
20050425:0611,53.57,16.1,6.19,4.62,0.0
20050425:0711,221.89,23.88,7.06,4.83,0.0
20050425:0811,437.66,31.2,7.67,5.03,0.0
20050425:0911,660.12,37.53,7.97,5.24,0.0
20050425:1011,867.98,42.23,8.38,4.69,0.0
20050425:1111,981.17,44.62,8.5,4.28,0.0
20050425:1211,1088.29,44.28,8.56,3.52,0.0
20050425:1311,1060.67,41.26,8.64,2.83,0.0
20050425:1411,982.33,36.1,8.75,2.48,0.0
20050425:1511,788.17,29.47,8.8,2.07,0.0
20050425:1611,556.1,21.99,8.73,1.59,0.0
20050425:1711,336.15,14.17,8.45,1.1,0.0
20050425:1811,77.88,6.41,9.19,1.1,0.0
20050425:1911,0.0,0.0,8.33,1.72,0.0
20050425:2011,0.0,0.0,8.1,2.48,0.0
20050425:2111,0.0,0.0,7.86,2.97,0.0
20050425:2211,0.0,0.0,7.62,3.72,0.0
20050425:2311,0.0,0.0,7.14,4.0,0.0
20050426:0011,0.0,0.0,6.87,4.07,0.0
20050426:0111,0.0,0.0,6.57,3.86,0.0
20050426:0211,0.0,0.0,6.18,3.52,0.0
20050426:0311,0.0,0.0,5.84,3.24,0.0
20050426:0411,0.0,0.0,5.61,3.24,0.0
20050426:0511,26.79,8.59,5.62,3.24,0.0
20050426:0611,59.25,16.4,6.35,3.17,0.0
20050426:0711,223.97,24.18,7.26,3.31,0.0
20050426:0811,446.41,31.51,7.7,4.21,0.0
20050426:0911,661.43,37.85,7.91,5.52,0.0
20050426:1011,825.63,42.55,8.33,5.1,0.0
20050426:1111,962.45,44.95,8.32,5.45,0.0
20050426:1211,1026.87,44.59,8.38,6.07,0.0
20050426:1311,1059.41,41.56,8.67,6.76,0.0
20050426:1411,980.91,36.38,8.82,7.45,0.0
20050426:1511,820.16,29.73,8.84,7.86,0.0
20050426:1611,607.14,22.25,8.79,8.0,0.0
20050426:1711,368.39,14.42,8.67,8.07,0.0
20050426:1811,131.98,6.66,8.47,8.0,0.0
20050426:1911,0.0,0.0,8.16,8.0,0.0
20050426:2011,0.0,0.0,7.82,8.0,0.0
20050426:2111,0.0,0.0,7.45,8.14,0.0
20050426:2211,0.0,0.0,7.3,8.48,0.0
20050426:2311,0.0,0.0,7.02,8.0,0.0
20050427:0011,0.0,0.0,6.89,8.07,0.0
20050427:0111,0.0,0.0,6.83,8.28,0.0
20050427:0211,0.0,0.0,6.74,8.41,0.0
20050427:0311,0.0,0.0,6.67,8.48,0.0
20050427:0411,0.0,0.0,6.66,8.41,0.0
20050427:0511,26.79,8.88,6.74,8.21,0.0
20050427:0611,52.76,16.69,7.07,7.93,0.0
20050427:0711,227.18,24.48,7.69,8.55,0.0
20050427:0811,431.04,31.81,8.29,8.69,0.0
20050427:0911,671.08,38.16,8.71,8.83,0.0
20050427:1011,815.92,42.87,9.23,8.0,0.0
20050427:1111,988.88,45.27,9.23,7.86,0.0
20050427:1211,955.47,44.91,9.3,7.93,0.0
20050427:1311,959.76,41.85,9.35,8.28,0.0
20050427:1411,484.57,36.65,9.33,8.48,0.0
20050427:1511,500.43,29.99,9.37,8.41,0.0
20050427:1611,388.9,22.5,9.34,8.14,0.0
20050427:1711,71.8,14.67,9.27,7.66,0.0
20050427:1811,56.8,6.91,9.14,7.03,0.0
20050427:1911,0.0,-0.39,8.97,6.69,0.0
20050427:2011,0.0,0.0,8.74,6.41,0.0
20050427:2111,0.0,0.0,8.5,6.07,0.0
20050427:2211,0.0,0.0,8.37,6.07,0.0
20050427:2311,0.0,0.0,8.23,5.17,0.0
20050428:0011,0.0,0.0,8.07,4.14,0.0
20050428:0111,0.0,0.0,7.88,3.1,0.0
20050428:0211,0.0,0.0,7.7,2.34,0.0
20050428:0311,0.0,0.0,7.49,1.79,0.0
20050428:0411,0.0,0.0,7.25,1.93,0.0
20050428:0511,32.47,9.17,7.18,2.76,0.0
20050428:0611,58.44,16.98,7.58,3.59,0.0
20050428:0711,223.62,24.77,8.16,4.21,0.0
20050428:0811,429.06,32.11,8.64,5.03,0.0
20050428:0911,640.36,38.47,8.9,5.86,0.0
20050428:1011,822.36,43.19,9.23,5.31,0.0
20050428:1111,962.95,45.59,9.06,5.66,0.0
20050428:1211,974.94,45.22,8.83,6.0,0.0
20050428:1311,915.9,42.15,8.69,6.48,0.0
20050428:1411,736.21,36.92,8.88,6.76,0.0
20050428:1511,572.59,30.25,9.04,7.24,0.0
20050428:1611,244.04,22.74,9.03,8.0,0.0
20050428:1711,102.68,14.91,8.96,8.34,0.0
20050428:1811,106.99,7.16,8.88,8.69,0.0
20050428:1911,0.0,-0.13,8.73,8.97,0.0
20050428:2011,0.0,0.0,8.52,9.45,0.0
20050428:2111,0.0,0.0,8.4,9.86,0.0
20050428:2211,0.0,0.0,8.18,10.0,0.0
20050428:2311,0.0,0.0,7.98,10.14,0.0
20050429:0011,0.0,0.0,7.96,10.34,0.0
20050429:0111,0.0,0.0,8.03,10.62,0.0
20050429:0211,0.0,0.0,8.12,10.76,0.0
20050429:0311,0.0,0.0,8.25,10.76,0.0
20050429:0411,0.0,0.0,8.36,10.14,0.0
20050429:0511,5.68,9.46,8.36,9.17,0.0
20050429:0611,22.73,17.26,8.3,7.86,0.0
20050429:0711,110.18,25.05,8.3,7.1,0.0
20050429:0811,130.31,32.4,8.25,6.62,0.0
20050429:0911,108.15,38.77,8.3,5.72,0.0
20050429:1011,317.58,43.5,8.45,4.69,0.0
20050429:1111,478.33,45.9,8.47,4.14,0.0
20050429:1211,264.8,45.52,8.32,4.0,0.0
20050429:1311,277.92,42.43,8.57,3.72,0.0
20050429:1411,819.85,37.19,8.73,3.45,0.0
20050429:1511,770.17,30.5,8.75,3.24,0.0
20050429:1611,563.46,22.99,8.59,3.03,0.0
20050429:1711,362.96,15.15,8.29,2.9,0.0
20050429:1811,126.13,7.41,7.97,3.03,0.0
20050429:1911,1.62,0.13,7.77,3.24,0.0
20050429:2011,0.0,0.0,7.57,3.38,0.0
20050429:2111,0.0,0.0,7.38,3.31,0.0
20050429:2211,0.0,0.0,7.28,3.52,0.0
20050429:2311,0.0,0.0,7.19,3.38,0.0
20050430:0011,0.0,0.0,7.19,3.45,0.0
20050430:0111,0.0,0.0,7.2,3.79,0.0
20050430:0211,0.0,0.0,7.13,4.28,0.0
20050430:0311,0.0,0.0,6.93,4.62,0.0
20050430:0411,0.0,0.0,6.9,5.1,0.0
20050430:0511,22.73,9.74,6.95,5.38,0.0
20050430:0611,81.17,17.54,7.29,6.28,0.0
20050430:0711,151.19,25.33,7.48,6.28,0.0
20050430:0811,148.99,32.69,7.76,6.14,0.0
20050430:0911,283.34,39.07,8.02,6.07,0.0
20050430:1011,588.0,43.81,8.17,6.41,0.0
20050430:1111,204.5,46.21,8.41,6.21,0.0
20050430:1211,101.95,45.82,8.64,6.07,0.0
20050430:1311,148.93,42.72,8.64,5.93,0.0
20050430:1411,100.17,37.46,8.56,5.1,0.0
20050430:1511,110.81,30.75,8.34,4.14,0.0
20050430:1611,112.58,23.23,8.18,3.31,0.0
20050430:1711,84.1,15.39,8.04,2.97,0.0
20050430:1811,44.62,7.65,7.83,2.97,0.0
20050430:1911,5.68,0.38,7.58,2.83,0.0
20050430:2011,0.0,0.0,7.39,2.76,0.0
20050430:2111,0.0,0.0,7.3,2.48,0.0
20050430:2211,0.0,0.0,7.36,2.76,0.0
20050430:2311,0.0,0.0,7.24,2.48,0.0
20050501:0011,0.0,0.0,7.16,1.93,0.0
20050501:0111,0.0,0.0,7.04,2.0,0.0
20050501:0211,0.0,0.0,6.64,2.14,0.0
20050501:0311,0.0,0.0,6.46,2.14,0.0
20050501:0411,0.0,0.0,6.16,2.14,0.0
20050501:0511,39.77,10.01,5.71,2.14,0.0
20050501:0611,73.05,17.81,5.77,2.21,0.0
20050501:0711,105.17,25.61,6.2,2.41,0.0
20050501:0811,272.84,32.97,6.9,2.34,0.0
20050501:0911,365.46,39.36,7.52,2.34,0.0
20050501:1011,337.42,44.11,7.71,2.41,0.0
20050501:1111,391.72,46.52,7.75,3.1,0.0
20050501:1211,366.21,46.12,7.85,2.55,0.0
20050501:1311,175.52,43.0,8.07,2.62,0.0
20050501:1411,222.41,37.72,8.31,2.55,0.0
20050501:1511,337.05,31.0,8.46,2.97,0.0
20050501:1611,165.92,23.47,8.44,3.31,0.0
20050501:1711,74.46,15.63,8.59,4.21,0.0
20050501:1811,14.18,7.9,9.14,5.59,0.0
20050501:1911,1.62,0.64,9.5,7.17,0.0
20050501:2011,0.0,0.0,9.66,9.45,0.0
20050501:2111,0.0,0.0,9.68,10.28,0.0
20050501:2211,0.0,0.0,9.75,10.34,0.0
20050501:2311,0.0,0.0,9.79,9.93,0.0
20050502:0011,0.0,0.0,9.55,9.72,0.0
20050502:0111,0.0,0.0,9.34,8.41,0.0
20050502:0211,0.0,0.0,9.11,6.41,0.0
20050502:0311,0.0,0.0,8.88,4.62,0.0
20050502:0411,0.0,0.0,8.73,3.79,0.0
20050502:0511,6.49,10.28,8.71,3.86,0.0
20050502:0611,40.78,18.08,8.79,4.0,0.0
20050502:0711,71.8,25.88,8.96,4.14,0.0
20050502:0811,231.78,33.25,9.16,4.0,0.0
20050502:0911,318.52,39.65,9.42,3.52,0.0
20050502:1011,374.49,44.41,9.16,3.86,0.0
20050502:1111,485.93,46.82,9.14,3.72,0.0
20050502:1211,284.45,46.41,9.19,3.31,0.0
20050502:1311,345.3,43.28,9.04,2.9,0.0
20050502:1411,210.83,37.98,8.73,2.34,0.0
20050502:1511,106.38,31.24,8.72,2.14,0.0
20050502:1611,43.44,23.71,8.96,1.79,0.0
20050502:1711,130.61,15.87,9.22,1.86,0.0
20050502:1811,22.16,8.14,8.8,0.0,0.0
20050502:1911,3.25,0.88,8.37,0.0,0.0
20050502:2011,0.0,0.0,8.04,2.0,0.0
20050502:2111,0.0,0.0,7.81,1.31,0.0
20050502:2211,0.0,0.0,7.6,1.17,0.0
20050502:2311,0.0,0.0,7.54,1.45,0.0
20050503:0011,0.0,0.0,7.41,1.79,0.0
20050503:0111,0.0,0.0,7.2,1.72,0.0
20050503:0211,0.0,0.0,6.9,0.97,0.0
20050503:0311,0.0,0.0,6.67,0.69,0.0
20050503:0411,0.0,0.0,6.58,0.9,0.0
20050503:0511,8.93,10.55,6.7,1.72,0.0
20050503:0611,17.73,18.34,7.0,2.41,0.0
20050503:0711,101.06,26.14,7.55,3.03,0.0
20050503:0811,94.85,33.52,7.87,3.59,0.0
20050503:0911,412.86,39.93,8.08,4.55,0.0
20050503:1011,656.68,44.7,8.3,3.79,0.0
20050503:1111,835.08,47.12,8.47,4.28,0.0
20050503:1211,199.46,46.7,8.66,4.69,0.0
20050503:1311,222.18,43.55,8.76,4.97,0.0
20050503:1411,246.17,38.24,8.7,4.97,0.0
20050503:1511,288.66,31.49,8.73,3.72,0.0
20050503:1611,367.09,23.94,8.72,2.9,0.0
20050503:1711,189.17,16.1,8.52,2.55,0.0
20050503:1811,119.67,8.38,8.3,2.48,0.0
20050503:1911,11.36,1.13,8.13,2.62,0.0
20050503:2011,0.0,0.0,8.04,2.34,0.0
20050503:2111,0.0,0.0,7.9,1.79,0.0
20050503:2211,0.0,0.0,7.74,1.31,0.0
20050503:2311,0.0,0.0,7.79,1.03,0.0
20050504:0011,0.0,0.0,7.87,1.24,0.0
20050504:0111,0.0,0.0,7.83,1.72,0.0
20050504:0211,0.0,0.0,7.75,2.34,0.0
20050504:0311,0.0,0.0,7.56,3.1,0.0
20050504:0411,0.0,0.0,7.63,4.34,0.0
20050504:0511,11.36,10.81,7.78,7.03,0.0
20050504:0611,44.32,18.6,7.76,8.34,0.0
20050504:0711,0.0,0.0,7.65,9.59,0.0
20050504:0811,404.55,33.79,7.41,10.28,0.0
20050504:0911,621.79,40.21,7.33,10.55,0.0
20050504:1011,773.87,44.99,7.42,11.1,0.0
20050504:1111,888.12,47.41,7.44,11.86,0.0
20050504:1211,1004.37,46.99,7.35,12.34,0.0
20050504:1311,886.2,43.82,7.11,13.03,0.0
20050504:1411,884.76,38.49,6.82,13.24,0.0
20050504:1511,763.05,31.73,6.65,13.45,0.0
20050504:1611,164.56,24.17,6.53,13.17,0.0
20050504:1711,177.89,16.33,6.36,12.76,0.0
20050504:1811,137.47,8.61,6.14,12.62,0.0
20050504:1911,1.62,1.38,5.94,11.79,0.0
20050504:2011,0.0,0.0,5.78,11.31,0.0
20050504:2111,0.0,0.0,5.62,11.03,0.0
20050504:2211,0.0,0.0,5.64,10.21,0.0
20050504:2311,0.0,0.0,5.63,9.24,0.0
20050505:0011,0.0,0.0,5.73,8.21,0.0
20050505:0111,0.0,0.0,5.93,7.45,0.0
20050505:0211,0.0,0.0,6.03,6.97,0.0
20050505:0311,0.0,0.0,6.09,5.59,0.0
20050505:0411,0.0,0.0,6.32,4.83,0.0
20050505:0511,16.23,11.06,6.71,5.45,0.0
20050505:0611,32.8,18.85,7.1,5.45,0.0
20050505:0711,57.62,26.66,7.41,6.0,0.0
20050505:0811,145.42,34.05,7.53,6.28,0.0
20050505:0911,171.98,40.48,7.78,6.14,0.0
20050505:1011,252.91,45.27,8.01,6.14,0.0
20050505:1111,230.78,47.7,8.01,5.79,0.0
20050505:1211,101.06,47.27,8.01,6.21,0.0
20050505:1311,176.41,44.09,7.85,6.69,0.0
20050505:1411,140.06,38.74,7.78,6.48,0.0
20050505:1511,302.98,31.96,7.8,5.72,0.0
20050505:1611,319.16,24.4,7.76,5.59,0.0
20050505:1711,301.21,16.56,7.46,6.07,0.0
20050505:1811,127.72,8.84,7.4,6.0,0.0
20050505:1911,14.61,1.62,7.31,5.66,0.0
20050505:2011,0.0,0.0,7.17,5.24,0.0
20050505:2111,0.0,0.0,7.06,5.03,0.0
20050505:2211,0.0,0.0,7.0,5.03,0.0
20050505:2311,0.0,0.0,6.78,5.03,0.0
20050506:0011,0.0,0.0,6.65,5.38,0.0
20050506:0111,0.0,0.0,6.52,5.66,0.0
20050506:0211,0.0,0.0,6.46,6.0,0.0
20050506:0311,0.0,0.0,6.33,6.48,0.0
20050506:0411,0.81,3.91,6.17,6.41,0.0
20050506:0511,44.64,11.31,6.14,6.0,0.0
20050506:0611,105.15,19.1,6.26,5.93,0.0
20050506:0711,186.6,26.91,6.46,5.86,0.0
20050506:0811,408.6,34.3,6.59,6.14,0.0
20050506:0911,465.08,40.75,6.78,6.76,0.0
20050506:1011,780.75,45.55,6.64,6.97,0.0
20050506:1111,950.56,47.98,6.74,7.66,0.0
20050506:1211,1017.6,47.55,6.68,8.21,0.0
20050506:1311,984.67,44.35,6.53,8.83,0.0
20050506:1411,872.78,38.98,6.48,9.31,0.0
20050506:1511,782.02,32.2,6.65,9.24,0.0
20050506:1611,556.44,24.63,6.7,8.9,0.0
20050506:1711,356.59,16.79,6.76,8.9,0.0
20050506:1811,139.05,9.07,6.77,8.83,0.0
20050506:1911,16.23,1.86,6.71,8.55,0.0
20050506:2011,0.0,0.0,6.73,7.93,0.0
20050506:2111,0.0,0.0,6.7,7.52,0.0
20050506:2211,0.0,0.0,6.44,7.1,0.0
20050506:2311,0.0,0.0,6.32,6.97,0.0
20050507:0011,0.0,0.0,6.18,6.76,0.0
20050507:0111,0.0,0.0,6.17,6.41,0.0
20050507:0211,0.0,0.0,6.1,6.14,0.0
20050507:0311,0.0,0.0,5.97,5.93,0.0
20050507:0411,0.81,4.16,5.78,6.0,0.0
20050507:0511,49.51,11.56,5.6,5.66,0.0
20050507:0611,100.34,19.34,5.54,5.79,0.0
20050507:0711,197.79,27.15,5.66,5.66,0.0
20050507:0811,406.68,34.56,5.95,5.59,0.0
20050507:0911,596.31,41.01,5.97,5.79,0.0
20050507:1011,270.23,45.82,6.15,5.86,0.0
20050507:1111,532.0,48.26,6.14,6.07,0.0
20050507:1211,997.56,47.82,6.33,6.48,0.0
20050507:1311,980.04,44.61,6.18,7.1,0.0
20050507:1411,907.17,39.23,6.36,7.45,0.0
20050507:1511,752.72,32.43,6.58,7.79,0.0
20050507:1611,461.84,24.85,6.61,8.14,0.0
20050507:1711,327.43,17.01,6.42,8.21,0.0
20050507:1811,141.93,9.3,6.27,8.34,0.0
20050507:1911,17.86,2.09,6.26,8.0,0.0
20050507:2011,0.0,0.0,6.02,7.79,0.0
20050507:2111,0.0,0.0,5.79,7.24,0.0
20050507:2211,0.0,0.0,5.7,6.97,0.0
20050507:2311,0.0,0.0,5.75,6.83,0.0
20050508:0011,0.0,0.0,5.61,6.69,0.0
20050508:0111,0.0,0.0,5.36,6.14,0.0
20050508:0211,0.0,0.0,5.26,5.17,0.0
20050508:0311,0.0,0.0,5.28,4.83,0.0
20050508:0411,1.62,4.41,5.22,4.83,0.0
20050508:0511,51.95,11.8,5.25,4.69,0.0
20050508:0611,19.5,19.58,5.15,4.14,0.0
20050508:0711,184.94,27.39,5.25,3.66,0.0
20050508:0811,248.83,34.8,5.35,2.48,0.0
20050508:0911,401.63,41.26,5.57,1.59,0.0
20050508:1011,442.49,46.09,5.95,1.72,0.0
20050508:1111,577.42,48.53,6.18,2.62,0.0
20050508:1211,664.96,48.09,6.35,3.38,0.0
20050508:1311,530.75,44.86,6.39,4.28,0.0
20050508:1411,156.91,39.47,6.75,5.1,0.0
20050508:1511,561.74,32.65,7.13,5.79,0.0
20050508:1611,401.52,25.08,7.05,6.34,0.0
20050508:1711,273.19,17.23,6.84,6.76,0.0
20050508:1811,144.73,9.53,6.4,6.28,0.0
20050508:1911,17.05,2.32,6.5,6.0,0.0
20050508:2011,0.0,0.0,6.83,5.59,0.0
20050508:2111,0.0,0.0,6.91,5.24,0.0
20050508:2211,0.0,0.0,6.92,5.17,0.0
20050508:2311,0.0,0.0,6.65,4.21,0.0
20050509:0011,0.0,0.0,6.29,3.79,0.0
20050509:0111,0.0,0.0,5.88,3.24,0.0
20050509:0211,0.0,0.0,5.57,2.83,0.0
20050509:0311,0.0,0.0,5.42,2.76,0.0
20050509:0411,8.12,4.65,5.31,2.62,0.0
20050509:0511,37.34,12.03,5.44,2.28,0.0
20050509:0611,59.1,19.81,6.03,1.86,0.0
20050509:0711,249.32,27.63,6.73,1.38,0.0
20050509:0811,446.37,35.04,7.07,1.38,0.0
20050509:0911,657.94,41.52,7.54,2.21,0.0
20050509:1011,110.81,46.35,7.83,0.0,0.0
20050509:1111,632.94,48.8,7.97,0.0,0.0
20050509:1211,779.98,48.36,8.09,4.62,0.0
20050509:1311,475.68,45.12,8.19,5.93,0.0
20050509:1411,106.38,39.7,8.27,5.17,0.0
20050509:1511,98.4,32.88,8.14,3.93,0.0
20050509:1611,578.67,25.29,7.95,2.76,0.0
20050509:1711,380.33,17.45,7.62,2.76,0.0
20050509:1811,118.43,9.75,7.53,3.59,0.0
20050509:1911,3.25,2.55,7.8,4.41,0.0
20050509:2011,0.0,0.0,7.71,4.34,0.0
20050509:2111,0.0,0.0,7.42,4.41,0.0
20050509:2211,0.0,0.0,7.28,4.28,0.0
20050509:2311,0.0,0.0,6.9,4.28,0.0
20050510:0011,0.0,0.0,6.57,4.55,0.0
20050510:0111,0.0,0.0,6.27,4.55,0.0
20050510:0211,0.0,0.0,5.98,4.62,0.0
20050510:0311,0.0,0.0,5.71,4.69,0.0
20050510:0411,7.31,4.88,5.51,4.62,0.0
20050510:0511,41.4,12.26,5.76,4.28,0.0
20050510:0611,59.91,20.04,6.42,3.86,0.0
20050510:0711,252.97,27.85,7.23,3.59,0.0
20050510:0811,467.36,35.28,7.79,3.59,0.0
20050510:0911,677.51,41.76,8.23,3.86,0.0
20050510:1011,851.14,46.61,8.81,3.17,0.0
20050510:1111,970.93,49.07,8.9,4.48,0.0
20050510:1211,986.67,48.62,8.99,5.45,0.0
20050510:1311,859.32,45.36,9.08,5.79,0.0
20050510:1411,58.51,39.94,9.03,5.93,0.0
20050510:1511,44.32,33.1,9.01,6.48,0.0
20050510:1611,34.57,25.51,8.82,7.1,0.0
20050510:1711,23.05,17.66,8.65,7.31,0.0
20050510:1811,19.5,9.97,8.39,7.24,0.0
20050510:1911,21.1,2.78,8.05,8.76,0.0
20050510:2011,0.0,0.0,7.6,9.1,0.0
20050510:2111,0.0,0.0,7.26,9.31,0.0
20050510:2211,0.0,0.0,7.05,8.62,0.0
20050510:2311,0.0,0.0,6.76,9.03,0.0
20050511:0011,0.0,0.0,6.51,9.72,0.0
20050511:0111,0.0,0.0,6.27,10.14,0.0
20050511:0211,0.0,0.0,6.09,10.28,0.0
20050511:0311,0.0,0.0,5.98,10.28,0.0
20050511:0411,1.62,5.11,5.87,9.93,0.0
20050511:0511,49.51,12.48,5.97,9.45,0.0
20050511:0611,71.82,20.26,6.27,9.38,0.0
20050511:0711,251.88,28.08,6.7,9.1,0.0
20050511:0811,464.73,35.51,7.14,9.52,0.0
20050511:0911,679.24,42.0,7.48,9.59,0.0
20050511:1011,861.9,46.86,7.91,9.03,0.0
20050511:1111,995.95,49.32,8.11,8.97,0.0
20050511:1211,1077.16,48.87,8.36,8.97,0.0
20050511:1311,1066.98,45.61,8.29,8.83,0.0
20050511:1411,970.49,40.16,8.26,8.62,0.0
20050511:1511,805.29,33.32,8.31,8.28,0.0
20050511:1611,580.82,25.72,8.26,7.93,0.0
20050511:1711,263.25,17.87,8.21,7.79,0.0
20050511:1811,151.24,10.18,8.09,7.52,0.0
20050511:1911,21.92,3.0,7.93,7.31,0.0
20050511:2011,0.0,0.0,7.74,6.69,0.0
20050511:2111,0.0,0.0,7.58,6.62,0.0
20050511:2211,0.0,0.0,7.5,6.97,0.0
20050511:2311,0.0,0.0,7.29,7.38,0.0
20050512:0011,0.0,0.0,7.02,7.45,0.0
20050512:0111,0.0,0.0,6.81,7.72,0.0
20050512:0211,0.0,0.0,6.74,7.79,0.0
20050512:0311,0.0,0.0,6.73,7.86,0.0
20050512:0411,8.12,5.34,6.68,7.79,0.0
20050512:0511,46.27,12.7,6.81,7.59,0.0
20050512:0611,65.64,20.48,7.15,7.93,0.0
20050512:0711,256.39,28.29,7.53,8.34,0.0
20050512:0811,461.06,35.73,7.87,8.34,0.0
20050512:0911,687.38,42.24,8.18,8.69,0.0
20050512:1011,861.83,47.11,8.65,8.07,0.0
20050512:1111,968.68,49.58,8.91,8.41,0.0
20050512:1211,1043.58,49.12,8.98,8.76,0.0
20050512:1311,1052.92,45.84,9.03,9.1,0.0
20050512:1411,982.37,40.39,9.09,9.52,0.0
20050512:1511,831.46,33.53,8.98,9.79,0.0
20050512:1611,603.81,25.93,8.71,9.93,0.0
20050512:1711,391.55,18.08,8.39,9.66,0.0
20050512:1811,156.39,10.4,8.07,9.1,0.0
20050512:1911,23.54,3.22,7.8,8.48,0.0
20050512:2011,0.0,0.0,7.57,8.14,0.0
20050512:2111,0.0,0.0,7.39,7.86,0.0
20050512:2211,0.0,0.0,7.31,7.45,0.0
20050512:2311,0.0,0.0,7.08,7.45,0.0
20050513:0011,0.0,0.0,6.85,7.38,0.0
20050513:0111,0.0,0.0,6.66,7.31,0.0
20050513:0211,0.0,0.0,6.46,7.38,0.0
20050513:0311,0.0,0.0,6.25,7.24,0.0
20050513:0411,10.55,5.55,6.07,7.1,0.0
20050513:0511,41.4,12.91,6.26,6.69,0.0
20050513:0611,65.67,20.69,6.87,6.28,0.0
20050513:0711,257.15,28.51,7.73,6.0,0.0
20050513:0811,483.61,35.95,8.61,6.14,0.0
20050513:0911,703.77,42.46,9.24,6.28,0.0
20050513:1011,863.56,47.35,9.58,5.52,0.0
20050513:1111,1018.31,49.83,9.86,5.31,0.0
20050513:1211,1070.25,49.37,9.98,5.86,0.0
20050513:1311,1079.92,46.08,9.95,6.34,0.0
20050513:1411,970.76,40.61,9.9,7.03,0.0
20050513:1511,816.27,33.74,9.63,7.17,0.0
20050513:1611,581.62,26.14,9.55,7.45,0.0
20050513:1711,371.71,18.29,9.24,7.72,0.0
20050513:1811,148.16,10.61,8.87,7.86,0.0
20050513:1911,13.8,3.44,8.35,8.28,0.0
20050513:2011,0.0,0.0,7.82,8.21,0.0
20050513:2111,0.0,0.0,7.4,8.62,0.0
20050513:2211,0.0,0.0,7.32,8.62,0.0
20050513:2311,0.0,0.0,7.06,8.48,0.0
20050514:0011,0.0,0.0,6.85,7.86,0.0
20050514:0111,0.0,0.0,6.73,7.24,0.0
20050514:0211,0.0,0.0,6.67,6.41,0.0
20050514:0311,0.0,0.0,6.58,5.59,0.0
20050514:0411,12.18,5.77,6.48,4.9,0.0
20050514:0511,41.4,13.12,6.79,4.41,0.0
20050514:0611,67.23,20.89,7.71,3.93,0.0
20050514:0711,257.18,28.71,8.72,3.52,0.0
20050514:0811,473.48,36.16,9.33,3.38,0.0
20050514:0911,687.72,42.69,9.53,3.93,0.0
20050514:1011,840.39,47.59,9.8,4.28,0.0
20050514:1111,969.94,50.07,9.87,4.14,0.0
20050514:1211,1055.19,49.61,10.02,4.28,0.0
20050514:1311,1064.01,46.31,10.07,4.9,0.0
20050514:1411,980.57,40.83,9.85,5.72,0.0
20050514:1511,831.06,33.95,9.6,6.21,0.0
20050514:1611,599.75,26.34,9.5,6.21,0.0
20050514:1711,388.86,18.49,9.41,5.86,0.0
20050514:1811,156.8,10.81,9.15,5.59,0.0
20050514:1911,22.73,3.65,8.74,5.72,0.0
20050514:2011,0.0,0.0,8.27,5.59,0.0
20050514:2111,0.0,0.0,7.9,4.97,0.0
20050514:2211,0.0,0.0,7.73,0.0,0.0
20050514:2311,0.0,0.0,7.51,0.0,0.0
20050515:0011,0.0,0.0,7.31,4.9,0.0
20050515:0111,0.0,0.0,7.15,4.69,0.0
20050515:0211,0.0,0.0,7.03,4.62,0.0
20050515:0311,0.0,0.0,6.95,4.76,0.0
20050515:0411,10.55,5.97,6.97,4.76,0.0
20050515:0511,47.08,13.32,7.2,5.1,0.0
20050515:0611,101.61,21.09,7.54,4.83,0.0
20050515:0711,134.93,28.91,7.91,4.76,0.0
20050515:0811,196.83,36.37,8.24,4.76,0.0
20050515:0911,216.37,42.9,8.44,4.9,0.0
20050515:1011,279.42,47.82,8.4,4.83,0.0
20050515:1111,298.5,50.31,8.47,5.24,0.0
20050515:1211,687.35,49.84,8.5,5.52,0.0
20050515:1311,311.65,46.54,8.46,5.86,0.0
20050515:1411,169.32,41.04,8.5,6.07,0.0
20050515:1511,211.77,34.16,8.48,6.41,0.0
20050515:1611,624.76,26.54,8.34,6.48,0.0
20050515:1711,98.89,18.69,8.16,6.14,0.0
20050515:1811,48.76,11.01,8.1,6.14,0.0
20050515:1911,27.6,3.86,8.02,5.79,0.0
20050515:2011,0.0,0.0,7.97,5.59,0.0
20050515:2111,0.0,0.0,7.92,5.38,0.0
20050515:2211,0.0,0.0,7.98,5.52,0.0
20050515:2311,0.0,0.0,7.87,6.28,0.0
20050516:0011,0.0,0.0,7.77,6.48,0.0
20050516:0111,0.0,0.0,7.09,8.28,0.0
20050516:0211,0.0,0.0,5.96,9.86,0.0
20050516:0311,0.0,0.0,5.55,10.62,0.0
20050516:0411,9.74,6.17,5.3,11.38,0.0
20050516:0511,50.33,13.52,5.17,11.93,0.0
20050516:0611,101.69,21.28,5.2,12.28,0.0
20050516:0711,248.26,29.1,5.4,12.62,0.0
20050516:0811,405.34,36.57,5.62,13.38,0.0
20050516:0911,652.24,43.11,5.81,13.66,0.0
20050516:1011,629.89,48.04,6.14,13.52,0.0
20050516:1111,713.53,50.54,6.43,13.31,0.0
20050516:1211,250.95,50.08,6.64,13.72,0.0
20050516:1311,513.87,46.76,6.71,13.72,0.0
20050516:1411,749.23,41.25,6.84,13.66,0.0
20050516:1511,693.68,34.36,6.86,13.59,0.0
20050516:1611,589.67,26.73,6.6,13.24,0.0
20050516:1711,383.06,18.89,6.77,12.83,0.0
20050516:1811,157.05,11.21,6.74,12.69,0.0
20050516:1911,25.97,4.07,6.67,11.93,0.0
20050516:2011,0.0,0.0,6.57,11.17,0.0
20050516:2111,0.0,0.0,6.5,10.41,0.0
20050516:2211,0.0,0.0,6.46,9.66,0.0
20050516:2311,0.0,0.0,6.31,8.83,0.0
20050517:0011,0.0,0.0,6.19,8.48,0.0
20050517:0111,0.0,0.0,6.05,8.28,0.0
20050517:0211,0.0,0.0,5.83,7.93,0.0
20050517:0311,0.0,0.0,5.58,7.66,0.0
20050517:0411,8.93,6.37,5.44,7.79,0.0
20050517:0511,44.64,13.7,5.53,7.52,0.0
20050517:0611,118.61,21.47,5.68,7.1,0.0
20050517:0711,259.55,29.29,5.89,6.69,0.0
20050517:0811,476.14,36.76,5.99,6.21,0.0
20050517:0911,672.53,43.32,6.07,5.93,0.0
20050517:1011,776.29,48.26,6.3,5.45,0.0
20050517:1111,996.69,50.77,6.38,6.0,0.0
20050517:1211,1076.59,50.3,6.44,6.62,0.0
20050517:1311,1027.61,46.97,6.47,6.76,0.0
20050517:1411,940.47,41.46,6.49,6.76,0.0
20050517:1511,764.04,34.55,6.4,6.83,0.0
20050517:1611,562.19,26.93,6.28,7.03,0.0
20050517:1711,379.18,19.08,6.18,6.55,0.0
20050517:1811,150.8,11.41,5.98,6.0,0.0
20050517:1911,29.22,4.27,5.84,5.24,0.0
20050517:2011,0.0,0.0,5.77,4.83,0.0
20050517:2111,0.0,0.0,5.68,4.55,0.0
20050517:2211,0.0,0.0,5.23,4.55,0.0
20050517:2311,0.0,0.0,5.1,5.45,0.0
20050518:0011,0.0,0.0,4.99,6.14,0.0
20050518:0111,0.0,0.0,4.9,6.21,0.0
20050518:0211,0.0,0.0,4.82,6.14,0.0
20050518:0311,0.0,0.0,4.84,5.86,0.0
20050518:0411,7.31,6.56,4.83,5.93,0.0
20050518:0511,64.94,13.89,4.85,6.07,0.0
20050518:0611,117.93,21.65,5.24,6.21,0.0
20050518:0711,105.49,29.47,5.56,6.21,0.0
20050518:0811,454.11,36.95,6.01,6.14,0.0
20050518:0911,692.02,43.52,6.33,6.14,0.0
20050518:1011,854.76,48.47,6.71,6.28,0.0
20050518:1111,971.97,50.99,6.87,6.48,0.0
20050518:1211,738.47,50.52,7.02,6.69,0.0
20050518:1311,1041.24,47.19,7.08,6.9,0.0
20050518:1411,926.9,41.66,7.1,6.9,0.0
20050518:1511,809.01,34.75,7.13,7.17,0.0
20050518:1611,587.05,27.12,7.23,7.17,0.0
20050518:1711,391.69,19.27,7.17,7.24,0.0
20050518:1811,133.12,11.6,7.07,6.9,0.0
20050518:1911,26.79,4.47,7.04,6.34,0.0
20050518:2011,0.0,0.0,7.01,5.72,0.0
20050518:2111,0.0,0.0,6.93,5.66,0.0
20050518:2211,0.0,0.0,6.79,5.31,0.0
20050518:2311,0.0,0.0,6.76,5.03,0.0
20050519:0011,0.0,0.0,6.71,4.76,0.0
20050519:0111,0.0,0.0,6.63,4.48,0.0
20050519:0211,0.0,0.0,6.67,4.21,0.0
20050519:0311,0.0,0.0,6.69,3.86,0.0
20050519:0411,6.49,6.74,6.65,2.97,0.0
20050519:0511,64.94,14.07,6.71,1.93,0.0
20050519:0611,106.65,21.82,6.85,1.59,0.0
20050519:0711,251.19,29.65,6.97,1.66,0.0
20050519:0811,372.94,37.13,7.17,2.07,0.0
20050519:0911,414.69,43.71,7.36,3.03,0.0
20050519:1011,397.95,48.67,8.31,3.72,0.0
20050519:1111,210.1,51.2,8.42,4.9,0.0
20050519:1211,169.32,50.74,8.33,5.79,0.0
20050519:1311,140.95,47.4,8.11,6.55,0.0
20050519:1411,121.45,41.86,7.98,6.9,0.0
20050519:1511,173.54,34.94,8.1,7.52,0.0
20050519:1611,107.26,27.3,8.23,7.59,0.0
20050519:1711,39.01,19.45,8.28,8.0,0.0
20050519:1811,23.93,11.79,8.19,8.41,0.0
20050519:1911,4.87,4.67,8.02,8.97,0.0
20050519:2011,0.0,0.0,7.86,9.24,0.0
20050519:2111,0.0,0.0,7.73,9.72,0.0
20050519:2211,0.0,0.0,8.19,9.59,0.0
20050519:2311,0.0,0.0,8.27,9.59,0.0
20050520:0011,0.0,0.0,8.43,8.69,0.0
20050520:0111,0.0,0.0,8.58,7.66,0.0
20050520:0211,0.0,0.0,8.72,6.9,0.0
20050520:0311,0.0,0.0,8.85,6.14,0.0
20050520:0411,3.25,6.92,8.9,5.52,0.0
20050520:0511,16.23,14.24,8.91,5.31,0.0
20050520:0611,40.78,21.99,8.94,5.52,0.0
20050520:0711,54.08,29.82,8.98,5.66,0.0
20050520:0811,126.77,37.31,9.13,5.93,0.0
20050520:0911,130.31,43.9,9.24,5.93,0.0
20050520:1011,127.65,48.87,9.47,6.41,0.0
20050520:1111,129.43,51.41,9.46,6.9,0.0
20050520:1211,123.22,50.95,9.55,7.17,0.0
20050520:1311,95.74,47.6,9.56,7.31,0.0
20050520:1411,105.49,42.05,9.55,7.45,0.0
20050520:1511,101.06,35.12,9.56,7.52,0.0
20050520:1611,67.37,27.48,9.58,7.79,0.0
20050520:1711,28.37,19.64,9.5,7.79,0.0
20050520:1811,31.03,11.98,9.29,7.1,0.0
20050520:1911,18.67,4.86,9.14,6.83,0.0
20050520:2011,0.0,0.0,9.09,6.55,0.0
20050520:2111,0.0,0.0,9.07,6.48,0.0
20050520:2211,0.0,0.0,9.22,6.76,0.0
20050520:2311,0.0,0.0,9.27,7.24,0.0
20050521:0011,0.0,0.0,9.33,7.24,0.0
20050521:0111,0.0,0.0,9.33,7.17,0.0
20050521:0211,0.0,0.0,9.3,7.45,0.0
20050521:0311,0.0,0.0,9.28,7.31,0.0
20050521:0411,3.25,7.09,9.26,6.21,0.0
20050521:0511,44.64,14.4,9.2,5.66,0.0
20050521:0611,98.34,22.15,9.24,5.31,0.0
20050521:0711,226.86,29.99,9.36,4.34,0.0
20050521:0811,257.6,37.48,9.42,3.17,0.0
20050521:0911,629.56,44.08,9.46,2.62,0.0
20050521:1011,768.72,49.07,9.98,3.24,0.0
20050521:1111,899.26,51.62,9.93,3.59,0.0
20050521:1211,1043.26,51.15,10.2,3.72,0.0
20050521:1311,964.44,47.8,10.01,3.66,0.0
20050521:1411,688.31,42.24,9.83,3.66,0.0
20050521:1511,813.79,35.31,9.71,3.93,0.0
20050521:1611,597.85,27.66,9.61,4.0,0.0
20050521:1711,384.97,19.81,9.58,3.45,0.0
20050521:1811,132.76,12.16,9.53,3.66,0.0
20050521:1911,31.66,5.04,9.39,4.07,0.0
20050521:2011,0.0,0.0,9.13,4.34,0.0
20050521:2111,0.0,0.0,8.94,4.48,0.0
20050521:2211,0.0,0.0,8.92,4.69,0.0
20050521:2311,0.0,0.0,8.89,5.1,0.0
20050522:0011,0.0,0.0,8.83,5.86,0.0
20050522:0111,0.0,0.0,8.91,6.76,0.0
20050522:0211,0.0,0.0,9.0,7.66,0.0
20050522:0311,0.0,0.0,9.06,8.14,0.0
20050522:0411,4.06,7.26,9.16,7.66,0.0
20050522:0511,68.18,14.56,9.31,7.52,0.0
20050522:0611,47.87,22.31,9.46,7.66,0.0
20050522:0711,117.9,30.14,9.63,7.66,0.0
20050522:0811,266.3,37.64,10.01,7.45,0.0
20050522:0911,319.53,44.25,10.15,6.97,0.0
20050522:1011,640.82,49.26,10.54,6.55,0.0
20050522:1111,265.79,51.81,10.45,6.9,0.0
20050522:1211,521.44,51.35,10.83,7.31,0.0
20050522:1311,414.67,47.99,11.01,7.93,0.0
20050522:1411,252.9,42.43,10.82,8.48,0.0
20050522:1511,171.74,35.48,10.58,8.62,0.0
20050522:1611,226.86,27.84,10.59,8.48,0.0
20050522:1711,38.12,19.99,10.31,8.76,0.0
20050522:1811,58.51,12.34,10.29,8.83,0.0
20050522:1911,13.8,5.23,10.23,8.34,0.0
20050522:2011,0.0,0.0,10.08,7.38,0.0
20050522:2111,0.0,0.0,9.89,6.41,0.0
20050522:2211,0.0,0.0,9.59,5.93,0.0
20050522:2311,0.0,0.0,9.45,5.17,0.0
20050523:0011,0.0,0.0,9.32,4.55,0.0
20050523:0111,0.0,0.0,9.28,4.14,0.0
20050523:0211,0.0,0.0,9.24,4.07,0.0
20050523:0311,0.0,0.0,9.15,4.41,0.0
20050523:0411,4.06,7.42,9.15,4.83,0.0
20050523:0511,54.38,14.72,9.19,5.72,0.0
20050523:0611,81.56,22.46,9.43,6.69,0.0
20050523:0711,197.92,30.3,9.76,6.69,0.0
20050523:0811,293.35,37.8,9.96,7.31,0.0
20050523:0911,346.23,44.42,10.18,7.86,0.0
20050523:1011,300.05,49.44,10.25,6.76,0.0
20050523:1111,192.37,52.0,10.25,7.03,0.0
20050523:1211,241.38,51.55,10.55,7.1,0.0
20050523:1311,75.35,48.18,10.65,7.38,0.0
20050523:1411,125.88,42.61,10.3,7.24,0.0
20050523:1511,88.65,35.66,10.38,7.1,0.0
20050523:1611,130.31,28.01,10.25,6.21,0.0
20050523:1711,41.66,20.16,9.72,6.48,0.0
20050523:1811,133.93,12.51,9.38,6.14,0.0
20050523:1911,32.47,5.41,9.13,5.59,0.0
20050523:2011,0.0,0.0,9.03,5.17,0.0
20050523:2111,0.0,0.0,8.98,4.9,0.0
20050523:2211,0.0,0.0,9.18,4.69,0.0
20050523:2311,0.0,0.0,9.14,4.97,0.0
20050524:0011,0.0,0.0,9.17,5.52,0.0
20050524:0111,0.0,0.0,9.11,6.14,0.0
20050524:0211,0.0,0.0,9.27,6.97,0.0
20050524:0311,0.0,0.0,9.37,7.59,0.0
20050524:0411,4.06,7.57,9.48,7.86,0.0
20050524:0511,22.73,14.86,9.54,8.14,0.0
20050524:0611,51.42,22.61,9.87,8.0,0.0
20050524:0711,258.82,30.44,10.04,8.14,0.0
20050524:0811,281.82,37.95,10.16,9.24,0.0
20050524:0911,165.77,44.58,10.02,9.59,0.0
20050524:1011,374.27,49.61,10.25,8.34,0.0
20050524:1111,286.4,52.19,10.2,8.83,0.0
20050524:1211,242.26,51.74,10.22,8.41,0.0
20050524:1311,312.78,48.36,10.08,7.52,0.0
20050524:1411,376.45,42.78,10.23,6.55,0.0
20050524:1511,186.58,35.83,10.16,6.48,0.0
20050524:1611,293.5,28.18,10.26,6.07,0.0
20050524:1711,184.39,20.33,10.22,5.38,0.0
20050524:1811,46.98,12.68,9.87,5.31,0.0
20050524:1911,8.12,5.58,9.68,5.31,0.0
20050524:2011,0.0,0.0,9.62,4.48,0.0
20050524:2111,0.0,0.0,9.57,3.86,0.0
20050524:2211,0.0,0.0,9.76,3.72,0.0
20050524:2311,0.0,0.0,9.69,3.72,0.0
20050525:0011,0.0,0.0,9.82,4.0,0.0
20050525:0111,0.0,0.0,9.82,3.66,0.0
20050525:0211,0.0,0.0,9.77,3.59,0.0
20050525:0311,0.0,0.0,9.78,3.52,0.0
20050525:0411,4.06,7.72,9.81,3.93,0.0
20050525:0511,13.8,15.0,9.89,3.52,0.0
20050525:0611,51.42,22.74,10.01,3.72,0.0
20050525:0711,81.56,30.58,10.08,3.66,0.0
20050525:0811,93.97,38.09,10.29,3.52,0.0
20050525:0911,151.59,44.74,10.32,3.45,0.0
20050525:1011,148.93,49.78,10.11,3.38,0.0
20050525:1111,153.36,52.37,10.22,3.79,0.0
20050525:1211,136.52,51.92,10.13,4.21,0.0
20050525:1311,233.5,48.54,10.12,4.41,0.0
20050525:1411,122.33,42.95,10.09,4.34,0.0
20050525:1511,539.68,35.99,10.07,4.34,0.0
20050525:1611,460.13,28.34,9.89,4.55,0.0
20050525:1711,127.01,20.49,9.7,3.93,0.0
20050525:1811,65.5,12.85,9.74,4.07,0.0
20050525:1911,7.31,5.75,9.93,4.97,0.0
20050525:2011,0.0,0.0,10.01,5.66,0.0
20050525:2111,0.0,0.0,10.1,5.79,0.0
20050525:2211,0.0,0.0,10.21,6.14,0.0
20050525:2311,0.0,0.0,10.4,6.34,0.0
20050526:0011,0.0,0.0,10.64,6.28,0.0
20050526:0111,0.0,0.0,10.86,6.14,0.0
20050526:0211,0.0,0.0,10.95,6.0,0.0
20050526:0311,0.0,0.0,11.01,5.79,0.0
20050526:0411,4.06,7.86,11.01,5.93,0.0
20050526:0511,49.51,15.14,11.04,6.83,0.0
20050526:0611,46.1,22.88,11.09,7.38,0.0
20050526:0711,84.22,30.71,11.11,7.59,0.0
20050526:0811,80.67,38.23,11.21,7.93,0.0
20050526:0911,83.33,44.89,11.29,7.93,0.0
20050526:1011,86.88,49.94,11.52,7.59,0.0
20050526:1111,99.29,52.54,11.3,5.93,0.0
20050526:1211,72.69,52.1,11.18,4.9,0.0
20050526:1311,78.9,48.72,11.04,4.55,0.0
20050526:1411,85.1,43.12,10.93,4.41,0.0
20050526:1511,84.22,36.16,10.85,4.55,0.0
20050526:1611,86.88,28.5,10.8,4.69,0.0
20050526:1711,285.21,20.65,10.77,4.62,0.0
20050526:1811,164.28,13.01,10.64,4.55,0.0
20050526:1911,33.28,5.92,10.45,4.34,0.0
20050526:2011,0.0,0.0,10.23,3.93,0.0
20050526:2111,0.0,0.0,10.03,3.79,0.0
20050526:2211,0.0,0.0,9.98,3.59,0.0
20050526:2311,0.0,0.0,10.0,3.31,0.0
20050527:0011,0.0,0.0,10.01,3.17,0.0
20050527:0111,0.0,0.0,9.83,2.9,0.0
20050527:0211,0.0,0.0,9.61,2.62,0.0
20050527:0311,0.0,0.0,9.17,2.48,0.0
20050527:0411,4.06,7.99,8.97,2.55,0.0
20050527:0511,30.03,15.27,9.3,2.83,0.0
20050527:0611,105.41,23.0,9.6,2.76,0.0
20050527:0711,187.74,30.84,9.82,2.55,0.0
20050527:0811,343.01,38.37,9.91,3.1,0.0
20050527:0911,614.23,45.03,9.96,4.21,0.0
20050527:1011,598.51,50.1,10.2,4.55,0.0
20050527:1111,603.42,52.71,10.21,5.17,0.0
20050527:1211,789.83,52.27,10.27,5.38,0.0
20050527:1311,605.59,48.89,10.41,5.45,0.0
20050527:1411,476.25,43.28,10.35,5.38,0.0
20050527:1511,576.12,36.31,10.26,5.38,0.0
20050527:1611,301.5,28.65,10.31,5.45,0.0
20050527:1711,231.46,20.81,10.26,5.86,0.0
20050527:1811,53.19,13.17,10.15,5.79,0.0
20050527:1911,7.31,6.08,10.01,5.31,0.0
20050527:2011,0.0,-0.12,9.75,5.03,0.0
20050527:2111,0.0,0.0,9.51,4.76,0.0
20050527:2211,0.0,0.0,9.41,4.48,0.0
20050527:2311,0.0,0.0,9.22,3.72,0.0
20050528:0011,0.0,0.0,9.2,4.07,0.0
20050528:0111,0.0,0.0,9.2,3.03,0.0
20050528:0211,0.0,0.0,9.24,2.62,0.0
20050528:0311,0.0,0.0,9.28,2.97,0.0
20050528:0411,15.42,8.12,9.36,3.31,0.0
20050528:0511,31.66,15.39,9.62,4.0,0.0
20050528:0611,29.25,23.12,9.96,5.1,0.0
20050528:0711,93.08,30.96,10.6,6.69,0.0
20050528:0811,273.38,38.49,11.09,8.69,0.0
20050528:0911,439.79,45.17,11.67,10.14,0.0
20050528:1011,346.08,50.25,11.68,10.9,0.0
20050528:1111,757.87,52.87,12.04,11.31,0.0
20050528:1211,941.85,52.44,12.53,11.72,0.0
20050528:1311,739.23,49.05,13.08,11.59,0.0
20050528:1411,819.35,43.44,13.17,11.03,0.0
20050528:1511,214.86,36.47,13.15,10.69,0.0
20050528:1611,101.95,28.8,12.88,9.72,0.0
20050528:1711,57.62,20.96,12.22,8.28,0.0
20050528:1811,31.91,13.32,11.6,7.1,0.0
20050528:1911,29.22,6.23,11.11,6.07,0.0
20050528:2011,0.81,0.04,10.88,6.0,0.0
20050528:2111,0.0,0.0,10.79,6.0,0.0
20050528:2211,0.0,0.0,10.88,6.07,0.0
20050528:2311,0.0,0.0,10.91,5.86,0.0
20050529:0011,0.0,0.0,10.97,6.41,0.0
20050529:0111,0.0,0.0,10.99,6.69,0.0
20050529:0211,0.0,0.0,10.86,6.62,0.0
20050529:0311,0.0,0.0,10.73,6.55,0.0
20050529:0411,4.87,8.24,10.65,6.55,0.0
20050529:0511,12.99,15.51,10.64,6.9,0.0
20050529:0611,46.98,23.24,10.61,7.31,0.0
20050529:0711,94.85,31.08,10.58,7.59,0.0
20050529:0811,160.45,38.61,10.45,7.86,0.0
20050529:0911,120.56,45.3,10.39,8.0,0.0
20050529:1011,115.24,50.39,10.33,7.45,0.0
20050529:1111,179.96,53.03,10.26,7.03,0.0
20050529:1211,162.23,52.6,10.15,6.62,0.0
20050529:1311,137.4,49.21,10.06,5.79,0.0
20050529:1411,154.25,43.6,9.94,5.45,0.0
20050529:1511,189.18,36.62,9.84,5.86,0.0
20050529:1611,124.99,28.95,9.65,6.76,0.0
20050529:1711,257.22,21.1,9.46,7.31,0.0
20050529:1811,154.68,13.47,9.36,7.52,0.0
20050529:1911,9.74,6.39,9.32,8.14,0.0
20050529:2011,0.81,0.19,9.28,8.41,0.0
20050529:2111,0.0,0.0,9.17,8.69,0.0
20050529:2211,0.0,0.0,9.02,9.03,0.0
20050529:2311,0.0,0.0,9.02,9.17,0.0
20050530:0011,0.0,0.0,9.03,8.76,0.0
20050530:0111,0.0,0.0,8.93,8.62,0.0
20050530:0211,0.0,0.0,8.86,8.97,0.0
20050530:0311,0.0,0.0,8.71,8.41,0.0
20050530:0411,4.87,8.36,8.88,7.66,0.0
20050530:0511,17.86,15.62,8.99,7.03,0.0
20050530:0611,58.51,23.35,9.07,7.1,0.0
20050530:0711,172.54,31.19,9.17,6.62,0.0
20050530:0811,273.25,38.73,9.17,6.21,0.0
20050530:0911,241.53,45.42,9.2,5.79,0.0
20050530:1011,232.93,50.53,9.55,5.24,0.0
20050530:1111,242.92,53.18,9.64,4.83,0.0
20050530:1211,220.73,52.75,9.8,4.9,0.0
20050530:1311,215.41,49.36,9.85,4.48,0.0
20050530:1411,380.78,43.74,9.92,4.41,0.0
20050530:1511,171.09,36.76,9.88,4.76,0.0
20050530:1611,120.56,29.09,9.92,4.21,0.0
20050530:1711,65.6,21.25,9.89,4.07,0.0
20050530:1811,16.84,13.61,9.78,4.14,0.0
20050530:1911,43.83,6.53,9.69,4.34,0.0
20050530:2011,0.81,0.34,9.61,4.28,0.0
20050530:2111,0.0,0.0,9.6,4.07,0.0
20050530:2211,0.0,0.0,9.73,4.0,0.0
20050530:2311,0.0,0.0,9.67,4.41,0.0
20050531:0011,0.0,0.0,9.54,5.52,0.0
20050531:0111,0.0,0.0,9.39,6.14,0.0
20050531:0211,0.0,0.0,9.3,6.28,0.0
20050531:0311,0.0,0.0,9.19,6.48,0.0
20050531:0411,26.79,8.47,9.24,6.28,0.0
20050531:0511,59.25,15.72,9.41,5.86,0.0
20050531:0611,112.45,23.45,9.63,5.66,0.0
20050531:0711,135.25,31.29,10.01,5.24,0.0
20050531:0811,258.47,38.83,10.2,5.45,0.0
20050531:0911,454.23,45.54,10.3,5.59,0.0
20050531:1011,740.84,50.66,10.77,5.79,0.0
20050531:1111,780.47,53.32,10.83,5.59,0.0
20050531:1211,977.13,52.9,10.89,5.31,0.0
20050531:1311,974.8,49.51,11.07,5.52,0.0
20050531:1411,805.63,43.89,10.64,6.21,0.0
20050531:1511,575.65,36.9,10.41,6.9,0.0
20050531:1611,547.0,29.23,9.86,7.38,0.0
20050531:1711,385.68,21.38,9.62,7.59,0.0
20050531:1811,173.02,13.75,9.79,7.03,0.0
20050531:1911,34.9,6.68,9.58,7.24,0.0
20050531:2011,2.44,0.49,9.2,8.28,0.0
20050531:2111,0.0,0.0,8.96,8.97,0.0
20050531:2211,0.0,0.0,9.03,9.1,0.0
20050531:2311,0.0,0.0,8.74,9.38,0.0
20050601:0011,0.0,0.0,8.55,0.0,0.0
20050601:0111,0.0,0.0,8.39,0.0,0.0
20050601:0211,0.0,0.0,8.28,8.97,0.0
20050601:0311,0.0,0.0,8.25,8.76,0.0
20050601:0411,8.93,8.57,8.19,8.48,0.0
20050601:0511,38.96,15.82,8.22,8.21,0.0
20050601:0611,85.1,23.54,8.35,7.93,0.0
20050601:0711,162.05,31.39,8.65,7.59,0.0
20050601:0811,304.83,38.93,8.97,7.59,0.0
20050601:0911,588.63,45.65,9.17,7.72,0.0
20050601:1011,805.7,50.78,9.26,6.9,0.0
20050601:1111,937.73,53.45,9.43,6.97,0.0
20050601:1211,977.35,53.04,9.57,7.1,0.0
20050601:1311,1013.09,49.65,9.44,6.76,0.0
20050601:1411,968.87,44.03,9.39,6.41,0.0
20050601:1511,822.07,37.03,9.39,6.0,0.0
20050601:1611,639.19,29.36,9.32,5.93,0.0
20050601:1711,403.87,21.52,9.12,5.52,0.0
20050601:1811,179.89,13.89,9.0,4.83,0.0
20050601:1911,34.9,6.81,8.89,4.41,0.0
20050601:2011,2.44,0.63,8.69,4.21,0.0
20050601:2111,0.0,0.0,8.48,3.59,0.0
20050601:2211,0.0,0.0,8.38,2.14,0.0
20050601:2311,0.0,0.0,8.41,1.31,0.0
20050602:0011,0.0,0.0,8.41,2.21,0.0
20050602:0111,0.0,0.0,8.2,2.34,0.0
20050602:0211,0.0,0.0,7.97,1.72,0.0
20050602:0311,0.0,0.0,7.69,1.03,0.0
20050602:0411,4.87,8.67,7.43,2.14,0.0
20050602:0511,15.42,15.92,7.39,3.66,0.0
20050602:0611,50.53,23.63,7.42,4.76,0.0
20050602:0711,75.35,31.48,7.59,5.31,0.0
20050602:0811,98.4,39.03,7.73,6.0,0.0
20050602:0911,120.56,45.75,7.88,6.55,0.0
20050602:1011,135.63,50.89,8.49,7.45,0.0
20050602:1111,136.52,53.58,8.82,7.93,0.0
20050602:1211,181.73,53.18,9.5,7.59,0.0
20050602:1311,127.65,49.79,9.8,6.62,0.0
20050602:1411,80.67,44.16,10.16,6.07,0.0
20050602:1511,93.08,37.16,10.35,4.83,0.0
20050602:1611,70.03,29.49,10.58,4.21,0.0
20050602:1711,46.1,21.65,10.62,3.86,0.0
20050602:1811,77.75,14.02,10.62,3.17,0.0
20050602:1911,7.31,6.95,10.66,2.69,0.0
20050602:2011,0.81,0.77,10.48,2.76,0.0
20050602:2111,0.0,0.0,10.31,2.97,0.0
20050602:2211,0.0,0.0,10.54,3.24,0.0
20050602:2311,0.0,0.0,10.43,4.28,0.0
20050603:0011,0.0,0.0,10.36,5.1,0.0
20050603:0111,0.0,0.0,10.3,5.45,0.0
20050603:0211,0.0,0.0,10.22,5.79,0.0
20050603:0311,0.0,0.0,10.19,5.86,0.0
20050603:0411,4.87,8.76,10.11,6.21,0.0
20050603:0511,15.42,16.0,10.08,6.83,0.0
20050603:0611,40.78,23.72,10.15,7.17,0.0
20050603:0711,141.95,31.56,10.43,7.52,0.0
20050603:0811,124.99,39.12,10.64,7.38,0.0
20050603:0911,112.58,45.85,10.82,7.03,0.0
20050603:1011,162.23,51.0,10.78,5.79,0.0
20050603:1111,118.79,53.7,10.87,5.45,0.0
20050603:1211,397.34,53.31,11.03,4.9,0.0
20050603:1311,266.9,49.92,11.06,4.41,0.0
20050603:1411,347.22,44.29,11.16,3.93,0.0
20050603:1511,165.77,37.29,11.21,4.41,0.0
20050603:1611,118.79,29.62,11.09,4.14,0.0
20050603:1711,61.17,21.77,11.0,3.66,0.0
20050603:1811,40.78,14.14,10.85,3.52,0.0
20050603:1911,22.73,7.08,10.71,2.55,0.0
20050603:2011,1.62,0.9,10.49,2.21,0.0
20050603:2111,0.0,0.0,10.35,2.28,0.0
20050603:2211,0.0,0.0,10.04,1.79,0.0
20050603:2311,0.0,0.0,10.01,1.86,0.0
20050604:0011,0.0,0.0,9.97,1.72,0.0
20050604:0111,0.0,0.0,9.96,1.86,0.0
20050604:0211,0.0,0.0,9.86,1.86,0.0
20050604:0311,0.0,0.0,9.76,1.59,0.0
20050604:0411,5.68,8.85,9.85,1.72,0.0
20050604:0511,31.66,16.08,10.09,2.0,0.0
20050604:0611,41.66,23.79,10.4,1.93,0.0
20050604:0711,177.35,31.64,10.73,1.72,0.0
20050604:0811,200.93,39.2,11.17,1.93,0.0
20050604:0911,345.99,45.94,11.06,2.97,0.0
20050604:1011,504.92,51.11,11.25,4.14,0.0
20050604:1111,486.32,53.82,10.97,5.03,0.0
20050604:1211,815.16,53.43,11.13,6.14,0.0
20050604:1311,681.38,50.04,11.1,6.21,0.0
20050604:1411,841.17,44.41,10.96,6.48,0.0
20050604:1511,529.42,37.41,10.97,6.48,0.0
20050604:1611,325.9,29.74,10.88,6.62,0.0
20050604:1711,357.39,21.89,10.75,6.76,0.0
20050604:1811,143.02,14.26,10.45,7.03,0.0
20050604:1911,16.23,7.2,10.04,6.83,0.0
20050604:2011,1.62,1.02,9.71,6.62,0.0
20050604:2111,0.0,0.0,9.48,6.07,0.0
20050604:2211,0.0,0.0,9.61,5.79,0.0
20050604:2311,0.0,0.0,9.5,5.79,0.0
20050605:0011,0.0,0.0,9.47,5.79,0.0
20050605:0111,0.0,0.0,9.44,6.07,0.0
20050605:0211,0.0,0.0,9.47,6.55,0.0
20050605:0311,0.0,0.0,9.39,6.83,0.0
20050605:0411,5.68,8.93,9.46,7.45,0.0
20050605:0511,38.96,16.16,9.54,8.07,0.0
20050605:0611,107.21,23.87,9.5,8.62,0.0
20050605:0711,172.82,31.71,9.63,9.52,0.0
20050605:0811,320.05,39.28,9.85,10.28,0.0
20050605:0911,348.72,46.02,9.88,11.24,0.0
20050605:1011,534.96,51.2,10.0,11.03,0.0
20050605:1111,547.14,53.93,10.06,11.31,0.0
20050605:1211,546.58,53.55,10.02,11.72,0.0
20050605:1311,638.95,50.16,9.74,12.34,0.0
20050605:1411,574.54,44.53,9.42,12.62,0.0
20050605:1511,789.46,37.53,9.14,12.83,0.0
20050605:1611,559.21,29.85,8.91,13.17,0.0
20050605:1711,396.31,22.01,8.63,13.38,0.0
20050605:1811,179.66,14.38,8.28,13.66,0.0
20050605:1911,43.83,7.32,8.06,13.59,0.0
20050605:2011,6.49,1.14,7.83,13.45,0.0
20050605:2111,0.0,0.0,7.61,13.45,0.0
20050605:2211,0.0,0.0,7.4,13.31,0.0
20050605:2311,0.0,0.0,7.3,13.24,0.0
20050606:0011,0.0,0.0,7.29,13.1,0.0
20050606:0111,0.0,0.0,7.27,12.97,0.0
20050606:0211,0.0,0.0,7.25,12.76,0.0
20050606:0311,0.0,0.0,7.21,12.69,0.0
20050606:0411,27.6,9.0,7.26,12.62,0.0
20050606:0511,51.95,16.22,7.36,12.76,0.0
20050606:0611,82.3,23.93,7.56,12.83,0.0
20050606:0711,271.43,31.77,7.91,12.76,0.0
20050606:0811,475.74,39.35,8.37,12.76,0.0
20050606:0911,682.86,46.1,8.83,13.03,0.0
20050606:1011,693.62,51.29,8.83,12.83,0.0
20050606:1111,865.51,54.03,8.78,12.69,0.0
20050606:1211,716.61,53.66,8.84,12.83,0.0
20050606:1311,617.87,50.27,9.02,13.03,0.0
20050606:1411,689.48,44.64,9.22,13.38,0.0
20050606:1511,809.91,37.64,9.38,13.59,0.0
20050606:1611,615.34,29.96,9.27,13.59,0.0
20050606:1711,409.14,22.12,9.28,13.59,0.0
20050606:1811,189.79,14.49,9.07,13.38,0.0
20050606:1911,43.83,7.43,8.74,13.24,0.0
20050606:2011,11.36,1.25,8.44,13.24,0.0
20050606:2111,0.0,0.0,8.22,12.76,0.0
20050606:2211,0.0,0.0,7.86,12.28,0.0
20050606:2311,0.0,0.0,7.68,12.07,0.0
20050607:0011,0.0,0.0,7.51,11.52,0.0
20050607:0111,0.0,0.0,7.34,10.83,0.0
20050607:0211,0.0,0.0,7.2,10.28,0.0
20050607:0311,0.0,0.0,7.07,10.21,0.0
20050607:0411,34.09,9.07,7.08,10.14,0.0
20050607:0511,78.73,16.28,7.24,9.59,0.0
20050607:0611,89.03,23.99,7.69,9.1,0.0
20050607:0711,267.77,31.83,8.2,9.66,0.0
20050607:0811,451.43,39.41,8.59,10.34,0.0
20050607:0911,543.69,46.17,9.05,10.07,0.0
20050607:1011,658.57,51.38,9.2,8.9,0.0
20050607:1111,836.8,54.13,9.3,9.24,0.0
20050607:1211,773.28,53.76,9.39,9.79,0.0
20050607:1311,731.9,50.38,9.47,10.28,0.0
20050607:1411,640.91,44.75,9.5,10.41,0.0
20050607:1511,465.97,37.75,9.4,10.69,0.0
20050607:1611,386.35,30.07,9.19,10.62,0.0
20050607:1711,260.85,22.22,9.11,10.07,0.0
20050607:1811,133.96,14.6,9.04,9.59,0.0
20050607:1911,51.14,7.54,8.96,9.24,0.0
20050607:2011,1.62,1.36,8.89,8.9,0.0
20050607:2111,0.0,0.0,8.71,8.48,0.0
20050607:2211,0.0,0.0,8.81,7.79,0.0
20050607:2311,0.0,0.0,8.67,7.52,0.0
20050608:0011,0.0,0.0,8.55,7.38,0.0
20050608:0111,0.0,0.0,8.46,7.1,0.0
20050608:0211,0.0,0.0,8.4,6.55,0.0
20050608:0311,0.0,0.0,8.38,5.86,0.0
20050608:0411,11.36,9.13,8.47,5.66,0.0
20050608:0511,81.17,16.34,8.74,5.66,0.0
20050608:0611,114.61,24.04,9.08,5.31,0.0
20050608:0711,264.62,31.89,9.49,5.38,0.0
20050608:0811,440.7,39.47,9.88,5.45,0.0
20050608:0911,649.06,46.24,10.21,5.59,0.0
20050608:1011,818.89,51.45,10.38,5.03,0.0
20050608:1111,916.86,54.22,10.49,5.24,0.0
20050608:1211,853.11,53.86,10.54,5.17,0.0
20050608:1311,878.91,50.48,10.57,5.31,0.0
20050608:1411,541.69,44.85,10.64,5.03,0.0
20050608:1511,495.78,37.85,10.62,4.55,0.0
20050608:1611,450.77,30.17,10.68,3.93,0.0
20050608:1711,340.49,22.32,10.72,3.45,0.0
20050608:1811,166.04,14.7,10.67,3.38,0.0
20050608:1911,51.14,7.64,10.65,3.31,0.0
20050608:2011,2.44,1.46,10.45,3.1,0.0
20050608:2111,0.0,0.0,10.19,2.83,0.0
20050608:2211,0.0,0.0,9.92,2.55,0.0
20050608:2311,0.0,0.0,9.81,2.62,0.0
20050609:0011,0.0,0.0,9.74,2.97,0.0
20050609:0111,0.0,0.0,9.67,2.97,0.0
20050609:0211,0.0,0.0,9.65,2.62,0.0
20050609:0311,0.0,0.0,9.65,2.55,0.0
20050609:0411,35.71,9.18,9.71,2.9,0.0
20050609:0511,46.27,16.39,9.96,2.97,0.0
20050609:0611,117.7,24.09,10.26,2.69,0.0
20050609:0711,197.57,31.93,10.43,2.48,0.0
20050609:0811,220.85,39.52,10.46,2.55,0.0
20050609:0911,219.42,46.3,10.62,2.69,0.0
20050609:1011,512.24,51.52,10.78,2.9,0.0
20050609:1111,393.28,54.3,10.85,2.9,0.0
20050609:1211,603.36,53.95,11.06,2.97,0.0
20050609:1311,455.94,50.58,11.27,3.79,0.0
20050609:1411,450.44,44.95,11.29,5.1,0.0
20050609:1511,377.46,37.94,11.06,5.86,0.0
20050609:1611,296.34,30.26,11.08,6.21,0.0
20050609:1711,69.15,22.42,10.98,6.62,0.0
20050609:1811,56.73,14.8,10.93,7.45,0.0
20050609:1911,39.77,7.73,10.66,7.59,0.0
20050609:2011,1.62,1.56,10.34,7.59,0.0
20050609:2111,0.0,0.0,10.1,7.93,0.0
20050609:2211,0.0,0.0,10.05,8.21,0.0
20050609:2311,0.0,0.0,9.91,9.45,0.0
20050610:0011,0.0,0.0,9.52,9.93,0.0
20050610:0111,0.0,0.0,8.87,10.9,0.0
20050610:0211,0.0,0.0,8.37,11.03,0.0
20050610:0311,0.0,0.0,8.26,10.9,0.0
20050610:0411,12.99,9.23,8.22,10.69,0.0
20050610:0511,32.47,16.43,8.41,11.1,0.0
20050610:0611,136.35,24.13,8.79,11.24,0.0
20050610:0711,249.93,31.98,9.32,11.31,0.0
20050610:0811,305.35,39.56,9.58,11.17,0.0
20050610:0911,638.9,46.35,9.61,11.03,0.0
20050610:1011,392.47,51.59,9.77,11.1,0.0
20050610:1111,520.47,54.37,9.63,11.45,0.0
20050610:1211,998.64,54.04,9.41,12.0,0.0
20050610:1311,925.61,50.67,9.24,12.14,0.0
20050610:1411,761.56,45.04,9.23,12.0,0.0
20050610:1511,763.1,38.03,9.42,12.28,0.0
20050610:1611,564.33,30.36,9.5,12.0,0.0
20050610:1711,384.41,22.51,9.66,11.72,0.0
20050610:1811,187.43,14.89,9.67,11.66,0.0
20050610:1911,53.57,7.83,9.39,11.38,0.0
20050610:2011,12.18,1.65,9.05,11.52,0.0
20050610:2111,0.0,0.0,8.71,11.38,0.0
20050610:2211,0.0,0.0,8.55,11.45,0.0
20050610:2311,0.0,0.0,8.37,11.45,0.0
20050611:0011,0.0,0.0,8.14,11.38,0.0
20050611:0111,0.0,0.0,7.93,11.31,0.0
20050611:0211,0.0,0.0,7.74,11.1,0.0
20050611:0311,0.0,0.0,7.58,10.76,0.0
20050611:0411,30.84,9.27,7.47,10.48,0.0
20050611:0511,52.76,16.47,7.54,10.21,0.0
20050611:0611,76.18,24.16,7.9,10.07,0.0
20050611:0711,267.93,32.01,8.47,10.0,0.0
20050611:0811,451.34,39.6,8.92,9.86,0.0
20050611:0911,684.32,46.39,9.48,9.31,0.0
20050611:1011,848.68,51.64,10.24,8.28,0.0
20050611:1111,987.87,54.44,10.45,8.07,0.0
20050611:1211,1026.37,54.12,10.74,8.21,0.0
20050611:1311,1020.06,50.75,10.83,8.76,0.0
20050611:1411,952.45,45.12,10.86,9.52,0.0
20050611:1511,841.53,38.12,10.91,9.59,0.0
20050611:1611,594.57,30.44,10.86,9.17,0.0
20050611:1711,392.86,22.6,10.79,8.83,0.0
20050611:1811,71.8,14.97,10.63,8.0,0.0
20050611:1911,51.95,7.91,10.48,7.03,0.0
20050611:2011,6.49,1.74,10.2,6.69,0.0
20050611:2111,0.0,0.0,9.9,6.48,0.0
20050611:2211,0.0,0.0,9.73,6.0,0.0
20050611:2311,0.0,0.0,9.6,5.52,0.0
20050612:0011,0.0,0.0,9.45,5.17,0.0
20050612:0111,0.0,0.0,9.24,5.24,0.0
20050612:0211,0.0,0.0,9.05,4.55,0.0
20050612:0311,0.0,0.0,8.83,4.62,0.0
20050612:0411,5.68,9.3,8.87,4.62,0.0
20050612:0511,77.92,16.5,9.25,4.69,0.0
20050612:0611,75.94,24.19,9.76,4.83,0.0
20050612:0711,208.64,32.04,10.27,5.31,0.0
20050612:0811,337.6,39.63,10.81,5.93,0.0
20050612:0911,574.37,46.43,11.18,6.28,0.0
20050612:1011,633.27,51.69,11.65,6.28,0.0
20050612:1111,843.02,54.5,11.7,7.24,0.0
20050612:1211,820.61,54.19,11.72,7.93,0.0
20050612:1311,722.93,50.83,11.55,8.14,0.0
20050612:1411,409.67,45.2,11.31,7.38,0.0
20050612:1511,478.8,38.2,11.19,6.34,0.0
20050612:1611,278.59,30.52,11.03,5.66,0.0
20050612:1711,256.66,22.68,10.88,4.9,0.0
20050612:1811,44.32,15.05,10.72,4.48,0.0
20050612:1911,11.36,7.99,10.56,3.59,0.0
20050612:2011,2.44,1.81,10.4,2.83,0.0
20050612:2111,0.0,0.0,10.24,2.34,0.0
20050612:2211,0.0,0.0,10.01,2.34,0.0
20050612:2311,0.0,0.0,9.9,3.79,0.0
20050613:0011,0.0,0.0,9.77,4.14,0.0
20050613:0111,0.0,0.0,9.67,3.79,0.0
20050613:0211,0.0,0.0,9.62,3.31,0.0
20050613:0311,0.0,0.0,9.53,3.03,0.0
20050613:0411,5.68,9.33,9.56,2.83,0.0
20050613:0511,24.35,16.52,9.63,3.38,0.0
20050613:0611,94.85,24.22,9.8,3.93,0.0
20050613:0711,253.57,32.06,10.08,3.93,0.0
20050613:0811,349.39,39.66,10.23,4.14,0.0
20050613:0911,627.66,46.46,10.23,4.28,0.0
20050613:1011,794.09,51.73,10.58,4.9,0.0
20050613:1111,904.82,54.56,10.98,4.34,0.0
20050613:1211,694.09,54.25,11.31,3.72,0.0
20050613:1311,811.12,50.9,11.61,3.86,0.0
20050613:1411,221.02,45.28,11.52,3.59,0.0
20050613:1511,169.32,38.28,11.27,3.24,0.0
20050613:1611,77.12,30.6,10.48,3.03,0.0
20050613:1711,69.15,22.75,10.44,4.41,0.0
20050613:1811,19.5,15.13,10.56,4.83,0.0
20050613:1911,16.23,8.07,10.65,4.34,0.0
20050613:2011,12.18,1.89,10.63,5.03,0.0
20050613:2111,0.0,0.0,10.45,5.31,0.0
20050613:2211,0.0,0.0,10.33,6.0,0.0
20050613:2311,0.0,0.0,10.2,6.14,0.0
20050614:0011,0.0,0.0,10.03,6.76,0.0
20050614:0111,0.0,0.0,10.06,7.17,0.0
20050614:0211,0.0,0.0,10.04,7.24,0.0
20050614:0311,0.0,0.0,10.06,7.24,0.0
20050614:0411,5.68,9.36,10.05,7.31,0.0
20050614:0511,19.48,16.54,10.1,7.52,0.0
20050614:0611,58.51,24.23,10.12,8.76,0.0
20050614:0711,78.9,32.08,10.16,7.52,0.0
20050614:0811,93.97,39.68,10.46,7.24,0.0
20050614:0911,197.82,46.49,10.88,7.93,0.0
20050614:1011,136.52,51.77,11.42,7.24,0.0
20050614:1111,144.5,54.61,11.46,8.14,0.0
20050614:1211,134.75,54.31,11.34,8.0,0.0
20050614:1311,264.38,50.97,11.42,8.83,0.0
20050614:1411,523.51,45.35,11.57,8.55,0.0
20050614:1511,125.88,38.35,11.62,8.41,0.0
20050614:1611,239.35,30.67,11.65,8.48,0.0
20050614:1711,140.78,22.82,11.72,8.28,0.0
20050614:1811,85.71,15.2,11.58,8.55,0.0
20050614:1911,14.61,8.13,11.59,8.21,0.0
20050614:2011,2.44,1.96,11.41,7.93,0.0
20050614:2111,0.0,0.0,11.38,7.66,0.0
20050614:2211,0.0,0.0,11.37,7.45,0.0
20050614:2311,0.0,0.0,11.39,7.31,0.0
20050615:0011,0.0,0.0,11.39,7.45,0.0
20050615:0111,0.0,0.0,11.24,7.59,0.0
20050615:0211,0.0,0.0,11.38,7.52,0.0
20050615:0311,0.0,0.0,11.46,7.17,0.0
20050615:0411,5.68,9.37,11.49,6.97,0.0
20050615:0511,19.48,16.56,11.61,6.41,0.0
20050615:0611,64.71,24.24,11.76,6.28,0.0
20050615:0711,109.04,32.09,12.02,6.48,0.0
20050615:0811,329.61,39.69,12.25,6.9,0.0
20050615:0911,582.34,46.51,12.43,7.24,0.0
20050615:1011,228.12,51.8,12.72,6.9,0.0
20050615:1111,120.56,54.65,12.89,7.17,0.0
20050615:1211,300.47,54.37,12.99,7.52,0.0
20050615:1311,281.22,51.03,13.01,7.72,0.0
20050615:1411,465.33,45.41,13.01,7.66,0.0
20050615:1511,396.37,38.41,13.0,7.38,0.0
20050615:1611,304.51,30.73,12.99,7.1,0.0
20050615:1711,227.69,22.89,12.96,7.03,0.0
20050615:1811,35.46,15.26,12.82,7.1,0.0
20050615:1911,11.36,8.2,12.64,7.03,0.0
20050615:2011,5.68,2.02,12.43,6.9,0.0
20050615:2111,0.0,0.0,12.24,7.17,0.0
20050615:2211,0.0,0.0,11.93,7.59,0.0
20050615:2311,0.0,0.0,11.86,7.45,0.0
20050616:0011,0.0,0.0,11.87,7.38,0.0
20050616:0111,0.0,0.0,11.94,7.45,0.0
20050616:0211,0.0,0.0,12.05,7.66,0.0
20050616:0311,0.0,0.0,12.07,8.0,0.0
20050616:0411,5.68,9.38,12.09,8.14,0.0
20050616:0511,43.83,16.56,12.14,7.86,0.0
20050616:0611,94.85,24.25,12.08,7.86,0.0
20050616:0711,90.42,32.1,12.19,7.72,0.0
20050616:0811,159.57,39.7,12.38,7.31,0.0
20050616:0911,156.02,46.52,12.48,6.97,0.0
20050616:1011,207.44,51.82,12.61,6.48,0.0
20050616:1111,280.49,54.68,12.72,6.55,0.0
20050616:1211,179.07,54.41,12.8,6.62,0.0
20050616:1311,217.19,51.08,12.8,7.17,0.0
20050616:1411,275.94,45.47,12.66,7.31,0.0
20050616:1511,155.13,38.47,12.65,7.03,0.0
20050616:1611,89.53,30.79,12.48,6.48,0.0
20050616:1711,40.78,22.95,12.39,5.52,0.0
20050616:1811,47.87,15.32,12.26,4.9,0.0
20050616:1911,11.36,8.26,12.08,4.69,0.0
20050616:2011,2.44,2.07,11.97,4.55,0.0
20050616:2111,0.0,0.0,11.8,4.41,0.0
20050616:2211,0.0,0.0,11.63,4.07,0.0
20050616:2311,0.0,0.0,11.59,3.66,0.0
20050617:0011,0.0,0.0,11.55,3.24,0.0
20050617:0111,0.0,0.0,11.54,3.03,0.0
20050617:0211,0.0,0.0,11.55,3.1,0.0
20050617:0311,0.0,0.0,11.53,2.9,0.0
20050617:0411,25.97,9.39,11.51,2.62,0.0
20050617:0511,13.8,16.56,11.5,2.21,0.0
20050617:0611,60.28,24.25,11.48,1.93,0.0
20050617:0711,85.1,32.1,11.52,1.93,0.0
20050617:0811,221.59,39.7,11.5,3.93,0.0
20050617:0911,349.53,46.53,11.58,5.59,0.0
20050617:1011,358.72,51.84,11.77,6.62,0.0
20050617:1111,337.0,54.71,12.03,8.41,0.0
20050617:1211,489.66,54.45,12.3,9.52,0.0
20050617:1311,427.31,51.13,12.32,10.28,0.0
20050617:1411,902.01,45.52,12.29,10.21,0.0
20050617:1511,774.23,38.52,12.19,10.28,0.0
20050617:1611,616.71,30.85,12.05,10.34,0.0
20050617:1711,420.13,23.0,11.89,10.14,0.0
20050617:1811,199.18,15.37,11.72,9.93,0.0
20050617:1911,42.21,8.31,11.58,9.45,0.0
20050617:2011,13.8,2.12,11.39,8.55,0.0
20050617:2111,0.0,0.0,11.17,8.34,0.0
20050617:2211,0.0,0.0,11.04,8.14,0.0
20050617:2311,0.0,0.0,10.92,7.86,0.0
20050618:0011,0.0,0.0,10.77,7.79,0.0
20050618:0111,0.0,0.0,10.64,7.79,0.0
20050618:0211,0.0,0.0,10.51,7.45,0.0
20050618:0311,0.0,0.0,10.35,6.9,0.0
20050618:0411,5.68,9.39,10.35,6.62,0.0
20050618:0511,29.22,16.56,10.59,5.72,0.0
20050618:0611,103.64,24.24,10.98,5.1,0.0
20050618:0711,159.24,32.09,11.51,4.76,0.0
20050618:0811,213.76,39.7,11.87,4.76,0.0
20050618:0911,214.94,46.53,12.03,4.69,0.0
20050618:1011,138.29,51.85,11.94,3.86,0.0
20050618:1111,150.7,54.73,11.93,3.66,0.0
20050618:1211,198.57,54.48,11.85,3.1,0.0
20050618:1311,135.63,51.17,11.87,1.93,0.0
20050618:1411,119.67,45.56,12.11,1.45,0.0
20050618:1511,148.93,38.57,12.22,0.9,0.0
20050618:1611,130.31,30.89,12.28,0.69,0.0
20050618:1711,82.44,23.05,12.3,0.76,0.0
20050618:1811,140.56,15.42,12.43,1.03,0.0
20050618:1911,50.33,8.35,12.48,1.24,0.0
20050618:2011,11.36,2.16,12.42,1.66,0.0
20050618:2111,0.0,0.0,12.31,1.86,0.0
20050618:2211,0.0,0.0,12.2,1.52,0.0
20050618:2311,0.0,0.0,12.16,1.1,0.0
20050619:0011,0.0,0.0,12.11,0.83,0.0
20050619:0111,0.0,0.0,12.04,0.48,0.0
20050619:0211,0.0,0.0,12.05,0.34,0.0
20050619:0311,0.0,0.0,11.95,0.34,0.0
20050619:0411,6.49,9.38,12.06,0.48,0.0
20050619:0511,29.22,16.55,12.81,0.41,0.0
20050619:0611,86.88,24.23,13.35,0.83,0.0
20050619:0711,191.37,32.08,13.67,1.45,0.0
20050619:0811,222.36,39.69,13.52,2.07,0.0
20050619:0911,378.69,46.53,13.49,2.41,0.0
20050619:1011,705.19,51.85,13.83,2.69,0.0
20050619:1111,469.23,54.74,14.11,2.55,0.0
20050619:1211,308.24,54.51,14.53,2.55,0.0
20050619:1311,368.12,51.2,14.57,2.48,0.0
20050619:1411,280.98,45.6,14.3,2.69,0.0
20050619:1511,598.0,38.61,14.25,3.38,0.0
20050619:1611,420.51,30.94,14.18,3.79,0.0
20050619:1711,61.17,23.09,14.13,3.93,0.0
20050619:1811,42.55,15.46,14.02,3.86,0.0
20050619:1911,35.71,8.39,13.85,3.93,0.0
20050619:2011,13.8,2.2,13.64,4.34,0.0
20050619:2111,0.0,0.0,13.44,4.55,0.0
20050619:2211,0.0,0.0,13.28,4.9,0.0
20050619:2311,0.0,0.0,13.27,4.76,0.0
20050620:0011,0.0,0.0,13.32,5.24,0.0
20050620:0111,0.0,0.0,13.49,5.93,0.0
20050620:0211,0.0,0.0,13.54,6.55,0.0
20050620:0311,0.0,0.0,13.56,7.17,0.0
20050620:0411,25.16,9.36,13.72,7.52,0.0
20050620:0511,13.8,16.53,13.94,7.79,0.0
20050620:0611,24.82,24.21,14.33,8.07,0.0
20050620:0711,218.55,32.06,14.73,8.0,0.0
20050620:0811,207.7,39.67,15.12,7.93,0.0
20050620:0911,613.07,46.52,15.34,7.72,0.0
20050620:1011,767.68,51.85,15.8,7.24,0.0
20050620:1111,768.91,54.75,15.94,7.45,0.0
20050620:1211,885.5,54.53,15.89,7.72,0.0
20050620:1311,718.15,51.23,15.74,7.93,0.0
20050620:1411,581.33,45.64,15.51,7.79,0.0
20050620:1511,443.63,38.65,15.23,7.03,0.0
20050620:1611,195.59,30.97,14.89,6.0,0.0
20050620:1711,136.0,23.13,14.59,4.9,0.0
20050620:1811,0.0,0.0,14.2,3.93,0.0
20050620:1911,21.92,8.43,13.68,2.55,0.0
20050620:2011,8.12,2.23,13.4,1.59,0.0
20050620:2111,0.0,0.0,13.12,2.28,0.0
20050620:2211,0.0,0.0,13.16,3.17,0.0
20050620:2311,0.0,0.0,13.02,2.69,0.0
20050621:0011,0.0,0.0,12.75,2.48,0.0
20050621:0111,0.0,0.0,12.16,3.17,0.0
20050621:0211,0.0,0.0,11.83,3.79,0.0
20050621:0311,0.0,0.0,11.79,4.21,0.0
20050621:0411,5.68,9.34,11.9,4.62,0.0
20050621:0511,30.03,16.51,12.22,4.48,0.0
20050621:0611,93.97,24.19,12.43,4.0,0.0
20050621:0711,257.76,32.04,12.82,3.45,0.0
20050621:0811,461.57,39.65,13.14,3.24,0.0
20050621:0911,634.71,46.5,13.4,3.93,0.0
20050621:1011,826.51,51.84,12.85,4.28,0.0
20050621:1111,959.07,54.75,12.84,4.9,0.0
20050621:1211,652.67,54.54,12.9,4.9,0.0
20050621:1311,239.57,51.25,12.92,4.76,0.0
20050621:1411,166.66,45.66,12.85,4.69,0.0
20050621:1511,94.85,38.68,12.68,3.79,0.0
20050621:1611,44.32,31.01,12.81,4.07,0.0
20050621:1711,101.95,23.16,12.95,4.55,0.0
20050621:1811,42.55,15.53,13.05,4.97,0.0
20050621:1911,17.05,8.45,12.99,4.97,0.0
20050621:2011,2.44,2.26,12.93,5.38,0.0
20050621:2111,0.0,0.0,12.89,5.52,0.0
20050621:2211,0.0,0.0,12.91,7.24,0.0
20050621:2311,0.0,0.0,12.62,8.55,0.0
20050622:0011,0.0,0.0,12.22,8.69,0.0
20050622:0111,0.0,0.0,11.95,8.76,0.0
20050622:0211,0.0,0.0,11.88,9.52,0.0
20050622:0311,0.0,0.0,11.93,9.66,0.0
20050622:0411,5.68,9.32,12.0,9.45,0.0
20050622:0511,53.57,16.48,12.07,8.9,0.0
20050622:0611,139.0,24.16,12.17,8.28,0.0
20050622:0711,255.48,32.01,12.26,7.72,0.0
20050622:0811,429.04,39.62,12.41,7.38,0.0
20050622:0911,612.65,46.47,12.62,7.31,0.0
20050622:1011,751.6,51.82,12.8,6.41,0.0
20050622:1111,929.78,54.74,12.86,5.93,0.0
20050622:1211,1015.79,54.54,13.03,4.83,0.0
20050622:1311,839.97,51.27,13.23,3.45,0.0
20050622:1411,569.59,45.68,13.43,3.03,0.0
20050622:1511,248.28,38.7,13.52,2.83,0.0
20050622:1611,139.18,31.03,13.51,2.76,0.0
20050622:1711,109.04,23.19,13.44,2.69,0.0
20050622:1811,36.35,15.55,13.46,2.48,0.0
20050622:1911,9.74,8.48,13.47,2.69,0.0
20050622:2011,3.25,2.28,13.39,2.48,0.0
20050622:2111,0.0,0.0,13.26,2.28,0.0
20050622:2211,0.0,0.0,13.25,2.62,0.0
20050622:2311,0.0,0.0,13.25,2.55,0.0
20050623:0011,0.0,0.0,13.25,2.62,0.0
20050623:0111,0.0,0.0,13.26,2.62,0.0
20050623:0211,0.0,0.0,13.24,2.55,0.0
20050623:0311,0.0,0.0,13.2,2.76,0.0
20050623:0411,5.68,9.29,13.2,3.17,0.0
20050623:0511,57.63,16.45,13.46,3.38,0.0
20050623:0611,91.31,24.12,13.74,3.38,0.0
20050623:0711,163.21,31.97,14.03,3.52,0.0
20050623:0811,263.07,39.59,14.25,3.72,0.0
20050623:0911,238.55,46.44,14.54,3.66,0.0
20050623:1011,482.52,51.8,14.85,3.1,0.0
20050623:1111,502.1,54.73,14.9,3.66,0.0
20050623:1211,513.51,54.54,14.93,3.93,0.0
20050623:1311,621.07,51.27,14.88,4.0,0.0
20050623:1411,892.76,45.7,14.88,4.07,0.0
20050623:1511,789.42,38.72,14.78,4.07,0.0
20050623:1611,553.01,31.05,14.56,3.59,0.0
20050623:1711,397.09,23.21,14.32,3.66,0.0
20050623:1811,169.87,15.57,14.04,3.66,0.0
20050623:1911,56.82,8.49,13.73,3.1,0.0
20050623:2011,2.44,2.29,13.48,2.69,0.0
20050623:2111,0.0,0.0,13.33,2.83,0.0
20050623:2211,0.0,0.0,13.27,2.76,0.0
20050623:2311,0.0,0.0,13.14,2.9,0.0
20050624:0011,0.0,0.0,13.0,2.83,0.0
20050624:0111,0.0,0.0,12.96,2.62,0.0
20050624:0211,0.0,0.0,13.0,2.41,0.0
20050624:0311,0.0,0.0,13.26,2.14,0.0
20050624:0411,12.99,9.25,13.19,2.28,0.0
20050624:0511,61.69,16.41,13.32,2.76,0.0
20050624:0611,133.73,24.08,13.51,3.03,0.0
20050624:0711,253.69,31.93,13.73,3.52,0.0
20050624:0811,446.21,39.55,13.87,4.0,0.0
20050624:0911,649.71,46.41,13.88,4.34,0.0
20050624:1011,566.0,51.77,14.37,3.79,0.0
20050624:1111,647.82,54.71,14.41,4.34,0.0
20050624:1211,263.53,54.53,14.44,5.17,0.0
20050624:1311,279.41,51.28,14.28,5.79,0.0
20050624:1411,555.48,45.71,14.08,6.34,0.0
20050624:1511,727.92,38.73,13.7,6.48,0.0
20050624:1611,370.36,31.07,13.43,6.48,0.0
20050624:1711,151.55,23.22,13.15,6.62,0.0
20050624:1811,28.37,15.59,12.86,6.76,0.0
20050624:1911,9.74,8.5,12.65,6.9,0.0
20050624:2011,3.25,2.29,12.4,7.24,0.0
20050624:2111,0.0,0.0,12.13,7.52,0.0
20050624:2211,0.0,0.0,11.7,7.86,0.0
20050624:2311,0.0,0.0,11.54,8.28,0.0
20050625:0011,0.0,0.0,11.34,8.83,0.0
20050625:0111,0.0,0.0,11.14,9.52,0.0
20050625:0211,0.0,0.0,10.95,9.93,0.0
20050625:0311,0.0,0.0,10.79,10.21,0.0
20050625:0411,18.67,9.21,10.68,10.41,0.0
20050625:0511,81.17,16.37,10.73,10.48,0.0
20050625:0611,82.16,24.04,11.05,10.55,0.0
20050625:0711,259.31,31.89,11.63,10.9,0.0
20050625:0811,471.71,39.51,12.09,11.17,0.0
20050625:0911,682.85,46.37,12.55,11.38,0.0
20050625:1011,856.76,51.73,13.13,10.9,0.0
20050625:1111,989.25,54.68,13.75,10.62,0.0
20050625:1211,1044.18,54.51,14.08,10.34,0.0
20050625:1311,1035.27,51.27,14.03,10.97,0.0
20050625:1411,964.11,45.71,13.74,11.72,0.0
20050625:1511,845.17,38.74,13.42,12.14,0.0
20050625:1611,638.35,31.08,13.1,12.28,0.0
20050625:1711,430.82,23.23,12.79,11.72,0.0
20050625:1811,206.81,15.59,12.54,11.45,0.0
20050625:1911,41.4,8.51,12.29,11.17,0.0
20050625:2011,16.23,2.29,12.03,11.1,0.0
20050625:2111,0.0,0.0,11.72,10.83,0.0
20050625:2211,0.0,0.0,11.42,10.21,0.0
20050625:2311,0.0,0.0,11.29,9.59,0.0
20050626:0011,0.0,0.0,11.12,9.45,0.0
20050626:0111,0.0,0.0,11.02,9.66,0.0
20050626:0211,0.0,0.0,10.9,9.66,0.0
20050626:0311,0.0,0.0,10.81,9.52,0.0
20050626:0411,37.34,9.16,10.85,9.1,0.0
20050626:0511,80.36,16.31,10.98,8.62,0.0
20050626:0611,118.9,23.99,11.2,8.41,0.0
20050626:0711,252.43,31.84,11.52,8.28,0.0
20050626:0811,416.97,39.46,11.78,8.97,0.0
20050626:0911,579.4,46.32,11.92,8.83,0.0
20050626:1011,813.29,51.69,12.19,8.69,0.0
20050626:1111,957.38,54.65,12.43,8.55,0.0
20050626:1211,1014.97,54.49,12.51,8.97,0.0
20050626:1311,899.02,51.26,12.46,9.24,0.0
20050626:1411,761.11,45.71,12.5,9.52,0.0
20050626:1511,788.52,38.74,12.47,9.79,0.0
20050626:1611,557.04,31.08,12.32,9.86,0.0
20050626:1711,425.77,23.23,12.22,9.24,0.0
20050626:1811,201.96,15.59,12.12,8.48,0.0
20050626:1911,50.33,8.5,11.97,8.21,0.0
20050626:2011,16.23,2.29,11.85,8.14,0.0
20050626:2111,0.0,0.0,11.76,7.72,0.0
20050626:2211,0.0,0.0,12.08,8.07,0.0
20050626:2311,0.0,0.0,12.21,8.14,0.0
20050627:0011,0.0,0.0,12.29,7.93,0.0
20050627:0111,0.0,0.0,12.43,7.03,0.0
20050627:0211,0.0,0.0,12.62,6.62,0.0
20050627:0311,0.0,0.0,12.68,6.76,0.0
20050627:0411,5.68,9.1,12.66,7.72,0.0
20050627:0511,13.8,16.26,12.66,7.86,0.0
20050627:0611,39.89,23.93,12.64,8.34,0.0
20050627:0711,63.83,31.78,12.61,8.34,0.0
20050627:0811,170.11,39.4,12.63,8.14,0.0
20050627:0911,165.77,46.27,12.66,8.62,0.0
20050627:1011,210.98,51.64,12.55,8.34,0.0
20050627:1111,253.01,54.61,12.67,8.55,0.0
20050627:1211,615.51,54.46,12.71,8.69,0.0
20050627:1311,870.24,51.24,12.69,8.62,0.0
20050627:1411,721.75,45.7,12.33,9.1,0.0
20050627:1511,598.95,38.74,12.06,9.52,0.0
20050627:1611,495.15,31.08,11.96,9.79,0.0
20050627:1711,347.13,23.23,11.98,9.93,0.0
20050627:1811,159.49,15.59,12.02,9.93,0.0
20050627:1911,52.76,8.5,12.09,9.93,0.0
20050627:2011,17.86,2.27,12.07,9.72,0.0
20050627:2111,0.0,0.0,11.97,9.38,0.0
20050627:2211,0.0,0.0,11.9,9.93,0.0
20050627:2311,0.0,0.0,11.8,10.21,0.0
20050628:0011,0.0,0.0,11.68,10.28,0.0
20050628:0111,0.0,0.0,11.51,10.14,0.0
20050628:0211,0.0,0.0,11.34,10.48,0.0
20050628:0311,0.0,0.0,11.19,10.62,0.0
20050628:0411,34.9,9.04,11.13,10.41,0.0
20050628:0511,80.36,16.2,11.27,10.28,0.0
20050628:0611,113.0,23.87,11.57,10.69,0.0
20050628:0711,252.65,31.72,11.89,10.83,0.0
20050628:0811,369.8,39.34,12.13,10.55,0.0
20050628:0911,507.44,46.21,12.4,10.21,0.0
20050628:1011,598.05,51.58,12.42,9.17,0.0
20050628:1111,923.89,54.56,12.68,9.17,0.0
20050628:1211,695.86,54.43,12.92,9.1,0.0
20050628:1311,932.38,51.21,13.06,9.03,0.0
20050628:1411,945.61,45.68,12.99,8.97,0.0
20050628:1511,813.71,38.73,12.86,8.97,0.0
20050628:1611,621.9,31.07,12.84,9.1,0.0
20050628:1711,411.77,23.22,12.88,9.24,0.0
20050628:1811,202.31,15.58,12.82,9.17,0.0
20050628:1911,46.27,8.48,12.68,9.1,0.0
20050628:2011,17.86,2.25,12.63,8.83,0.0
20050628:2111,0.0,0.0,12.49,8.62,0.0
20050628:2211,0.0,0.0,12.44,8.69,0.0
20050628:2311,0.0,0.0,12.54,8.55,0.0
20050629:0011,0.0,0.0,12.39,7.66,0.0
20050629:0111,0.0,0.0,12.24,7.45,0.0
20050629:0211,0.0,0.0,12.09,7.17,0.0
20050629:0311,0.0,0.0,11.96,6.69,0.0
20050629:0411,31.66,8.98,11.89,5.93,0.0
20050629:0511,59.25,16.13,12.06,4.83,0.0
20050629:0611,62.9,23.8,12.57,3.93,0.0
20050629:0711,253.1,31.65,13.27,2.83,0.0
20050629:0811,464.24,39.27,13.79,1.52,0.0
20050629:0911,655.28,46.14,14.52,0.83,0.0
20050629:1011,825.55,51.52,14.56,1.45,0.0
20050629:1111,948.75,54.51,14.85,2.83,0.0
20050629:1211,1018.63,54.38,14.91,3.45,0.0
20050629:1311,1023.06,51.18,14.74,3.66,0.0
20050629:1411,947.36,45.66,14.54,3.45,0.0
20050629:1511,831.62,38.71,14.34,3.03,0.0
20050629:1611,655.94,31.05,14.23,2.34,0.0
20050629:1711,433.88,23.2,14.22,2.34,0.0
20050629:1811,205.17,15.56,14.3,2.41,0.0
20050629:1911,42.21,8.46,14.26,2.21,0.0
20050629:2011,17.86,2.23,14.04,1.93,0.0
20050629:2111,0.0,0.0,13.88,1.79,0.0
20050629:2211,0.0,0.0,13.3,2.0,0.0
20050629:2311,0.0,0.0,13.15,2.07,0.0
20050630:0011,0.0,0.0,12.72,2.55,0.0
20050630:0111,0.0,0.0,12.52,3.17,0.0
20050630:0211,0.0,0.0,12.8,3.86,0.0
20050630:0311,0.0,0.0,13.1,4.34,0.0
20050630:0411,27.6,8.91,13.36,4.62,0.0
20050630:0511,48.7,16.06,13.87,4.69,0.0
20050630:0611,57.94,23.73,14.5,4.83,0.0
20050630:0711,254.12,31.58,15.06,5.38,0.0
20050630:0811,470.03,39.2,15.52,6.0,0.0
20050630:0911,683.54,46.07,15.88,6.69,0.0
20050630:1011,845.8,51.45,16.3,6.34,0.0
20050630:1111,1005.97,54.45,16.24,6.76,0.0
20050630:1211,1034.68,54.33,16.21,7.24,0.0
20050630:1311,1032.73,51.14,16.2,7.38,0.0
20050630:1411,980.79,45.63,16.29,7.31,0.0
20050630:1511,819.54,38.69,16.38,6.97,0.0
20050630:1611,639.39,31.03,16.47,6.62,0.0
20050630:1711,432.19,23.18,16.57,6.48,0.0
20050630:1811,205.73,15.54,16.67,6.55,0.0
20050630:1911,50.33,8.43,16.69,6.76,0.0
20050630:2011,17.05,2.19,16.58,7.1,0.0
20050630:2111,0.0,0.0,16.37,7.17,0.0
20050630:2211,0.0,0.0,15.96,7.45,0.0
20050630:2311,0.0,0.0,15.64,7.45,0.0
20050701:0011,0.0,0.0,15.41,7.24,0.0
20050701:0111,0.0,0.0,15.18,7.17,0.0
20050701:0211,0.0,0.0,14.95,7.24,0.0
20050701:0311,0.0,0.0,14.78,7.24,0.0
20050701:0411,5.68,8.83,14.75,7.17,0.0
20050701:0511,12.99,15.98,14.95,7.24,0.0
20050701:0611,32.8,23.65,15.29,7.52,0.0
20050701:0711,101.95,31.5,15.75,7.72,0.0
20050701:0811,205.0,39.13,16.14,7.79,0.0
20050701:0911,328.67,46.0,16.39,7.52,0.0
20050701:1011,424.24,51.38,16.52,6.83,0.0
20050701:1111,646.31,54.38,16.46,7.38,0.0
20050701:1211,866.34,54.27,16.43,7.24,0.0
20050701:1311,987.32,51.1,16.39,7.17,0.0
20050701:1411,892.97,45.59,16.45,7.1,0.0
20050701:1511,809.7,38.66,16.4,6.97,0.0
20050701:1611,289.82,31.0,16.3,6.76,0.0
20050701:1711,104.6,23.16,16.17,6.48,0.0
20050701:1811,73.58,15.51,16.02,6.14,0.0
20050701:1911,42.21,8.4,15.75,5.86,0.0
20050701:2011,2.44,2.15,15.67,5.31,0.0
20050701:2111,0.0,0.0,15.59,5.1,0.0
20050701:2211,0.0,0.0,15.2,5.24,0.0
20050701:2311,0.0,0.0,14.87,4.0,0.0
20050702:0011,0.0,0.0,14.49,3.31,0.0
20050702:0111,0.0,0.0,14.27,3.24,0.0
20050702:0211,0.0,0.0,14.11,2.41,0.0
20050702:0311,0.0,0.0,13.93,2.0,0.0
20050702:0411,34.09,8.75,13.71,1.38,0.0
20050702:0511,29.22,15.9,13.73,1.03,0.0
20050702:0611,34.57,23.57,13.77,1.24,0.0
20050702:0711,135.2,31.42,13.95,1.17,0.0
20050702:0811,318.36,39.04,14.22,1.52,0.0
20050702:0911,312.14,45.91,14.36,1.52,0.0
20050702:1011,348.77,51.3,14.81,1.66,0.0
20050702:1111,280.5,54.3,15.0,1.86,0.0
20050702:1211,301.91,54.21,15.14,2.48,0.0
20050702:1311,698.91,51.05,15.19,2.97,0.0
20050702:1411,269.45,45.55,15.14,3.38,0.0
20050702:1511,313.64,38.62,15.03,3.17,0.0
20050702:1611,256.14,30.97,14.98,2.34,0.0
20050702:1711,96.63,23.12,14.87,2.21,0.0
20050702:1811,93.61,15.47,14.69,2.07,0.0
20050702:1911,41.4,8.36,14.45,1.72,0.0
20050702:2011,3.25,2.11,14.33,2.0,0.0
20050702:2111,0.0,0.0,14.22,2.9,0.0
20050702:2211,0.0,0.0,14.0,3.66,0.0
20050702:2311,0.0,0.0,13.89,4.34,0.0
20050703:0011,0.0,0.0,13.81,4.97,0.0
20050703:0111,0.0,0.0,13.82,5.52,0.0
20050703:0211,0.0,0.0,13.84,5.93,0.0
20050703:0311,0.0,0.0,13.84,6.34,0.0
20050703:0411,6.49,8.66,13.98,6.76,0.0
20050703:0511,75.49,15.81,14.35,7.66,0.0
20050703:0611,96.55,23.49,14.8,8.14,0.0
20050703:0711,103.72,31.33,15.26,8.34,0.0
20050703:0811,203.23,38.96,15.66,8.62,0.0
20050703:0911,191.61,45.83,15.88,8.83,0.0
20050703:1011,149.82,51.21,16.12,8.48,0.0
20050703:1111,121.45,54.22,15.99,8.34,0.0
20050703:1211,107.26,54.14,16.01,8.41,0.0
20050703:1311,92.19,50.99,15.92,8.41,0.0
20050703:1411,98.4,45.5,15.9,8.21,0.0
20050703:1511,85.99,38.58,15.89,7.79,0.0
20050703:1611,39.89,30.93,15.68,7.17,0.0
20050703:1711,66.49,23.09,15.64,6.55,0.0
20050703:1811,19.5,15.43,15.33,6.07,0.0
20050703:1911,8.93,8.31,15.15,5.93,0.0
20050703:2011,2.44,2.06,15.08,5.45,0.0
20050703:2111,0.0,0.0,15.01,4.9,0.0
20050703:2211,0.0,0.0,14.69,5.03,0.0
20050703:2311,0.0,0.0,14.65,4.48,0.0
20050704:0011,0.0,0.0,14.64,3.79,0.0
20050704:0111,0.0,0.0,14.66,3.45,0.0
20050704:0211,0.0,0.0,14.68,3.31,0.0
20050704:0311,0.0,0.0,14.69,3.31,0.0
20050704:0411,33.28,8.57,14.71,0.0,0.0
20050704:0511,56.82,15.72,14.78,0.0,0.0
20050704:0611,129.73,23.39,14.83,4.97,0.0
20050704:0711,156.93,31.24,14.78,6.14,0.0
20050704:0811,202.34,38.86,14.85,7.17,0.0
20050704:0911,213.16,45.73,15.22,6.69,0.0
20050704:1011,101.06,51.12,15.6,5.79,0.0
20050704:1111,119.67,54.14,15.81,3.86,0.0
20050704:1211,218.96,54.06,16.32,2.9,0.0
20050704:1311,118.79,50.92,17.46,5.52,0.0
20050704:1411,107.26,45.45,18.0,8.41,0.0
20050704:1511,341.4,38.53,17.91,9.79,0.0
20050704:1611,373.94,30.89,18.09,10.83,0.0
20050704:1711,304.18,23.04,18.51,11.52,0.0
20050704:1811,85.82,15.38,18.81,11.72,0.0
20050704:1911,54.38,8.26,18.96,12.34,0.0
20050704:2011,16.23,2.0,18.88,12.83,0.0
20050704:2111,0.0,0.0,18.52,13.17,0.0
20050704:2211,0.0,0.0,18.26,12.9,0.0
20050704:2311,0.0,0.0,17.96,12.97,0.0
20050705:0011,0.0,0.0,17.71,12.97,0.0
20050705:0111,0.0,0.0,17.49,13.24,0.0
20050705:0211,0.0,0.0,17.23,13.31,0.0
20050705:0311,0.0,0.0,16.91,12.69,0.0
20050705:0411,4.87,8.47,16.61,12.07,0.0
20050705:0511,12.99,15.62,16.3,11.31,0.0
20050705:0611,48.76,23.3,16.03,10.21,0.0
20050705:0711,64.71,31.14,15.82,10.62,0.0
20050705:0811,99.29,38.77,15.38,10.0,0.0
20050705:0911,120.56,45.63,14.71,9.86,0.0
20050705:1011,120.56,51.03,14.31,9.38,0.0
20050705:1111,111.7,54.04,14.22,8.76,0.0
20050705:1211,129.43,53.98,14.27,8.28,0.0
20050705:1311,84.22,50.85,14.37,7.52,0.0
20050705:1411,277.02,45.39,14.38,7.24,0.0
20050705:1511,351.1,38.48,14.34,6.28,0.0
20050705:1611,318.35,30.84,14.3,5.17,0.0
20050705:1711,219.25,22.99,14.27,4.0,0.0
20050705:1811,96.25,15.33,14.29,2.83,0.0
20050705:1911,24.35,8.2,14.25,1.86,0.0
20050705:2011,2.44,1.93,14.19,1.24,0.0
20050705:2111,0.0,0.0,14.11,1.31,0.0
20050705:2211,0.0,0.0,14.08,2.0,0.0
20050705:2311,0.0,0.0,14.02,1.86,0.0
20050706:0011,0.0,0.0,13.9,1.59,0.0
20050706:0111,0.0,0.0,13.48,1.31,0.0
20050706:0211,0.0,0.0,13.21,1.59,0.0
20050706:0311,0.0,0.0,13.02,1.66,0.0
20050706:0411,31.66,8.37,12.97,1.52,0.0
20050706:0511,60.07,15.52,13.05,1.59,0.0
20050706:0611,107.75,23.19,13.46,1.66,0.0
20050706:0711,118.79,31.04,13.79,1.59,0.0
20050706:0811,161.24,38.66,14.06,1.59,0.0
20050706:0911,265.55,45.53,14.47,1.66,0.0
20050706:1011,541.62,50.92,14.69,2.14,0.0
20050706:1111,499.5,53.94,15.09,2.48,0.0
20050706:1211,732.48,53.89,15.32,2.34,0.0
20050706:1311,0.0,0.0,15.39,1.86,0.0
20050706:1411,699.95,45.32,15.33,1.72,0.0
20050706:1511,459.22,38.42,15.16,2.34,0.0
20050706:1611,329.35,30.78,15.02,3.24,0.0
20050706:1711,148.84,22.93,14.96,3.79,0.0
20050706:1811,69.15,15.27,14.9,4.07,0.0
20050706:1911,19.48,8.14,14.8,4.55,0.0
20050706:2011,11.36,1.86,14.62,4.76,0.0
20050706:2111,0.0,0.0,14.37,4.9,0.0
20050706:2211,0.0,0.0,14.07,4.62,0.0
20050706:2311,0.0,0.0,13.85,4.55,0.0
20050707:0011,0.0,0.0,13.74,4.55,0.0
20050707:0111,0.0,0.0,13.91,4.34,0.0
20050707:0211,0.0,0.0,14.03,4.0,0.0
20050707:0311,0.0,0.0,14.32,3.72,0.0
20050707:0411,30.84,8.26,14.46,3.31,0.0
20050707:0511,68.18,15.41,14.79,2.69,0.0
20050707:0611,118.73,23.09,15.21,2.9,0.0
20050707:0711,241.78,30.94,15.64,3.86,0.0
20050707:0811,389.34,38.56,16.29,4.41,0.0
20050707:0911,628.26,45.42,16.89,4.69,0.0
20050707:1011,695.6,50.81,17.46,5.03,0.0
20050707:1111,914.03,53.84,17.83,4.9,0.0
20050707:1211,983.78,53.79,17.72,4.62,0.0
20050707:1311,897.97,50.69,17.55,4.55,0.0
20050707:1411,625.05,45.25,17.34,5.1,0.0
20050707:1511,714.75,38.35,17.56,6.07,0.0
20050707:1611,601.87,30.72,17.6,5.59,0.0
20050707:1711,396.03,22.87,17.72,4.55,0.0
20050707:1811,162.67,15.2,17.48,2.9,0.0
20050707:1911,22.73,8.07,17.11,2.28,0.0
20050707:2011,9.74,1.78,17.89,3.72,0.0
20050707:2111,0.0,0.0,17.97,4.14,0.0
20050707:2211,0.0,0.0,16.3,3.31,0.0
20050707:2311,0.0,0.0,15.87,3.03,0.0
20050708:0011,0.0,0.0,15.6,2.83,0.0
20050708:0111,0.0,0.0,15.39,2.69,0.0
20050708:0211,0.0,0.0,15.3,2.62,0.0
20050708:0311,0.0,0.0,15.24,2.55,0.0
20050708:0411,30.03,8.14,15.31,2.48,0.0
20050708:0511,51.14,15.3,15.62,2.41,0.0
20050708:0611,62.61,22.98,15.98,2.14,0.0
20050708:0711,242.16,30.83,16.5,1.72,0.0
20050708:0811,441.1,38.44,17.15,0.9,0.0
20050708:0911,660.88,45.31,16.95,0.9,0.0
20050708:1011,709.17,50.7,17.19,1.66,0.0
20050708:1111,947.7,53.72,17.36,2.48,0.0
20050708:1211,1048.56,53.69,17.45,3.03,0.0
20050708:1311,996.11,50.6,17.62,3.45,0.0
20050708:1411,940.96,45.17,17.65,3.86,0.0
20050708:1511,616.45,38.28,17.77,4.41,0.0
20050708:1611,574.89,30.65,17.89,4.9,0.0
20050708:1711,307.99,22.8,17.93,5.03,0.0
20050708:1811,197.42,15.13,17.8,4.55,0.0
20050708:1911,43.02,7.99,17.52,4.34,0.0
20050708:2011,15.42,1.7,17.15,4.21,0.0
20050708:2111,0.0,0.0,16.82,3.93,0.0
20050708:2211,0.0,0.0,16.73,3.79,0.0
20050708:2311,0.0,0.0,16.42,3.52,0.0
20050709:0011,0.0,0.0,16.14,3.31,0.0
20050709:0111,0.0,0.0,15.9,3.52,0.0
20050709:0211,0.0,0.0,15.67,3.72,0.0
20050709:0311,0.0,0.0,15.47,3.86,0.0
20050709:0411,26.79,8.03,15.51,3.79,0.0
20050709:0511,50.33,15.19,15.95,3.38,0.0
20050709:0611,60.79,22.86,16.45,2.97,0.0
20050709:0711,242.95,30.71,16.98,2.9,0.0
20050709:0811,448.1,38.33,17.46,3.31,0.0
20050709:0911,634.85,45.19,17.83,3.52,0.0
20050709:1011,696.19,50.58,18.28,4.07,0.0
20050709:1111,890.26,53.6,18.38,4.9,0.0
20050709:1211,1020.54,53.58,18.41,5.31,0.0
20050709:1311,1038.99,50.5,18.5,5.24,0.0
20050709:1411,976.08,45.08,18.65,5.03,0.0
20050709:1511,817.24,38.2,18.65,5.24,0.0
20050709:1611,649.05,30.57,18.59,5.52,0.0
20050709:1711,425.53,22.72,18.46,5.45,0.0
20050709:1811,205.86,15.05,18.22,5.31,0.0
20050709:1911,52.76,7.91,17.9,5.31,0.0
20050709:2011,12.18,1.61,17.41,5.31,0.0
20050709:2111,0.0,0.0,16.98,5.17,0.0
20050709:2211,0.0,0.0,16.26,4.76,0.0
20050709:2311,0.0,0.0,16.05,4.55,0.0
20050710:0011,0.0,0.0,15.86,4.69,0.0
20050710:0111,0.0,0.0,15.75,4.76,0.0
20050710:0211,0.0,0.0,15.67,4.69,0.0
20050710:0311,0.0,0.0,15.58,4.41,0.0
20050710:0411,4.06,7.9,15.61,4.41,0.0
20050710:0511,38.15,15.06,15.77,4.76,0.0
20050710:0611,80.67,22.74,16.03,5.31,0.0
20050710:0711,139.19,30.59,16.2,5.38,0.0
20050710:0811,284.18,38.21,16.34,5.79,0.0
20050710:0911,317.21,45.06,16.3,6.14,0.0
20050710:1011,365.9,50.45,16.31,0.0,0.0
20050710:1111,222.93,53.48,16.27,0.0,0.0
20050710:1211,175.52,53.46,16.09,5.38,0.0
20050710:1311,309.5,50.39,15.9,4.28,0.0
20050710:1411,165.77,44.98,15.75,6.0,0.0
20050710:1511,550.23,38.11,15.57,6.9,0.0
20050710:1611,620.33,30.49,15.78,7.45,0.0
20050710:1711,412.75,22.64,16.03,7.86,0.0
20050710:1811,195.36,14.97,16.15,7.93,0.0
20050710:1911,43.02,7.82,16.02,7.86,0.0
20050710:2011,12.99,1.51,15.75,7.79,0.0
20050710:2111,0.0,0.0,15.46,7.72,0.0
20050710:2211,0.0,0.0,15.25,8.41,0.0
20050710:2311,0.0,0.0,15.18,8.69,0.0
20050711:0011,0.0,0.0,15.06,9.17,0.0
20050711:0111,0.0,0.0,14.99,9.24,0.0
20050711:0211,0.0,0.0,14.94,9.38,0.0
20050711:0311,0.0,0.0,14.85,9.24,0.0
20050711:0411,26.79,7.78,14.84,9.1,0.0
20050711:0511,48.7,14.94,14.96,9.03,0.0
20050711:0611,56.87,22.62,15.23,8.97,0.0
20050711:0711,237.31,30.47,15.88,8.69,0.0
20050711:0811,436.33,38.08,16.69,8.41,0.0
20050711:0911,645.75,44.94,17.39,7.86,0.0
20050711:1011,707.92,50.32,17.74,7.86,0.0
20050711:1111,925.42,53.35,17.83,7.59,0.0
20050711:1211,1009.01,53.33,17.62,7.59,0.0
20050711:1311,956.47,50.28,17.62,7.86,0.0
20050711:1411,953.7,44.88,17.81,8.07,0.0
20050711:1511,817.42,38.02,17.83,7.66,0.0
20050711:1611,651.59,30.4,17.72,7.1,0.0
20050711:1711,430.75,22.55,17.7,6.55,0.0
20050711:1811,203.46,14.88,17.55,6.41,0.0
20050711:1911,40.59,7.72,17.27,6.69,0.0
20050711:2011,12.99,1.41,16.89,6.9,0.0
20050711:2111,0.0,0.0,16.62,6.55,0.0
20050711:2211,0.0,0.0,16.18,5.59,0.0
20050711:2311,0.0,0.0,16.03,4.97,0.0
20050712:0011,0.0,0.0,15.87,4.48,0.0
20050712:0111,0.0,0.0,15.73,4.21,0.0
20050712:0211,0.0,0.0,15.6,4.48,0.0
20050712:0311,0.0,0.0,15.47,5.1,0.0
20050712:0411,18.67,7.64,15.41,5.31,0.0
20050712:0511,66.56,14.81,15.59,5.31,0.0
20050712:0611,111.88,22.49,16.11,5.52,0.0
20050712:0711,229.32,30.34,16.58,5.52,0.0
20050712:0811,303.61,37.95,16.88,6.14,0.0
20050712:0911,406.61,44.8,17.1,6.34,0.0
20050712:1011,536.55,50.18,17.29,6.41,0.0
20050712:1111,563.57,53.21,17.27,6.48,0.0
20050712:1211,757.02,53.2,17.01,7.31,0.0
20050712:1311,632.04,50.16,16.74,8.34,0.0
20050712:1411,541.41,44.78,16.52,8.34,0.0
20050712:1511,806.09,37.92,16.34,8.07,0.0
20050712:1611,639.31,30.31,16.1,8.07,0.0
20050712:1711,317.41,22.46,15.84,8.21,0.0
20050712:1811,122.68,14.78,15.71,8.48,0.0
20050712:1911,46.27,7.62,15.62,8.34,0.0
20050712:2011,11.36,1.3,15.52,7.59,0.0
20050712:2111,0.0,0.0,15.4,7.31,0.0
20050712:2211,0.0,0.0,15.24,6.76,0.0
20050712:2311,0.0,0.0,15.12,6.83,0.0
20050713:0011,0.0,0.0,15.11,6.97,0.0
20050713:0111,0.0,0.0,15.07,7.1,0.0
20050713:0211,0.0,0.0,14.95,7.38,0.0
20050713:0311,0.0,0.0,14.88,7.93,0.0
20050713:0411,26.79,7.51,14.77,8.21,0.0
20050713:0511,50.33,14.67,14.58,8.41,0.0
20050713:0611,99.03,22.36,14.46,8.69,0.0
20050713:0711,211.66,30.2,14.38,8.62,0.0
20050713:0811,261.98,37.81,14.47,8.41,0.0
20050713:0911,362.1,44.66,14.54,8.48,0.0
20050713:1011,371.83,50.04,14.47,7.93,0.0
20050713:1111,925.18,53.07,14.65,7.66,0.0
20050713:1211,977.73,53.07,14.78,7.79,0.0
20050713:1311,991.24,50.04,14.79,7.86,0.0
20050713:1411,967.81,44.67,14.78,7.93,0.0
20050713:1511,523.32,37.82,14.78,7.86,0.0
20050713:1611,370.1,30.21,14.72,7.59,0.0
20050713:1711,192.06,22.36,14.74,7.45,0.0
20050713:1811,160.14,14.68,14.69,7.38,0.0
20050713:1911,42.21,7.51,14.56,7.17,0.0
20050713:2011,12.18,1.18,14.39,6.62,0.0
20050713:2111,0.0,0.0,14.26,6.21,0.0
20050713:2211,0.0,0.0,14.11,6.0,0.0
20050713:2311,0.0,0.0,14.13,6.0,0.0
20050714:0011,0.0,0.0,14.08,5.93,0.0
20050714:0111,0.0,0.0,14.07,5.66,0.0
20050714:0211,0.0,0.0,14.0,5.45,0.0
20050714:0311,0.0,0.0,13.88,5.1,0.0
20050714:0411,24.35,7.36,14.14,5.1,0.0
20050714:0511,68.99,14.54,14.29,4.14,0.0
20050714:0611,94.16,22.22,14.5,2.83,0.0
20050714:0711,142.29,30.07,14.72,2.41,0.0
20050714:0811,140.06,37.67,15.02,3.38,0.0
20050714:0911,168.43,44.52,15.21,4.14,0.0
20050714:1011,133.86,49.89,15.06,5.1,0.0
20050714:1111,135.63,52.92,15.22,5.24,0.0
20050714:1211,209.21,52.92,15.36,5.24,0.0
20050714:1311,78.9,49.91,15.53,4.9,0.0
20050714:1411,179.07,44.55,15.79,5.38,0.0
20050714:1511,88.65,37.71,15.72,5.66,0.0
20050714:1611,149.48,30.1,15.61,5.52,0.0
20050714:1711,124.91,22.25,15.49,5.24,0.0
20050714:1811,121.23,14.57,15.42,4.69,0.0
20050714:1911,46.27,7.39,15.4,4.41,0.0
20050714:2011,1.62,1.06,15.37,4.48,0.0
20050714:2111,0.0,0.0,15.24,4.55,0.0
20050714:2211,0.0,0.0,15.28,5.03,0.0
20050714:2311,0.0,0.0,15.24,4.9,0.0
20050715:0011,0.0,0.0,15.13,4.97,0.0
20050715:0111,0.0,0.0,15.19,5.59,0.0
20050715:0211,0.0,0.0,15.17,6.69,0.0
20050715:0311,0.0,0.0,15.11,6.55,0.0
20050715:0411,4.06,7.22,14.97,6.14,0.0
20050715:0511,11.36,14.39,14.97,5.38,0.0
20050715:0611,20.29,22.08,14.94,4.76,0.0
20050715:0711,182.47,29.92,15.29,3.72,0.0
20050715:0811,285.9,37.53,15.45,3.24,0.0
20050715:0911,509.13,44.37,15.51,2.21,0.0
20050715:1011,580.24,49.73,15.63,3.86,0.0
20050715:1111,557.08,52.76,15.65,4.41,0.0
20050715:1211,999.05,52.78,15.73,4.69,0.0
20050715:1311,1024.68,49.77,15.77,5.59,0.0
20050715:1411,926.45,44.42,15.59,6.83,0.0
20050715:1511,824.25,37.59,15.34,7.72,0.0
20050715:1611,599.48,29.99,15.16,7.59,0.0
20050715:1711,297.89,22.14,14.93,7.66,0.0
20050715:1811,188.69,14.45,14.88,8.0,0.0
20050715:1911,49.51,7.27,14.77,8.21,0.0
20050715:2011,8.12,0.93,14.73,8.21,0.0
20050715:2111,0.0,0.0,14.76,7.86,0.0
20050715:2211,0.0,0.0,14.69,7.38,0.0
20050715:2311,0.0,0.0,14.56,7.66,0.0
20050716:0011,0.0,0.0,14.42,7.86,0.0
20050716:0111,0.0,0.0,14.34,8.07,0.0
20050716:0211,0.0,0.0,14.34,8.48,0.0
20050716:0311,0.0,0.0,14.26,8.55,0.0
20050716:0411,4.06,7.07,14.15,8.69,0.0
20050716:0511,64.12,14.25,14.21,9.52,0.0
20050716:0611,113.64,21.93,14.38,10.0,0.0
20050716:0711,234.67,29.78,14.68,10.55,0.0
20050716:0811,423.61,37.38,14.98,10.62,0.0
20050716:0911,405.74,44.22,15.13,10.62,0.0
20050716:1011,416.9,49.58,14.71,10.76,0.0
20050716:1111,287.49,52.6,14.43,10.83,0.0
20050716:1211,221.62,52.62,14.35,10.69,0.0
20050716:1311,206.55,49.63,14.44,10.83,0.0
20050716:1411,210.73,44.29,14.28,10.97,0.0
20050716:1511,329.31,37.47,14.16,10.97,0.0
20050716:1611,165.75,29.87,14.1,10.62,0.0
20050716:1711,123.17,22.02,14.02,10.83,0.0
20050716:1811,73.57,14.33,13.84,11.1,0.0
20050716:1911,20.29,7.15,13.55,11.1,0.0
20050716:2011,3.25,0.8,13.42,10.76,0.0
20050716:2111,0.0,0.0,13.2,10.76,0.0
20050716:2211,0.0,0.0,13.01,10.76,0.0
20050716:2311,0.0,0.0,12.91,10.69,0.0
20050717:0011,0.0,0.0,12.85,10.07,0.0
20050717:0111,0.0,0.0,12.74,9.86,0.0
20050717:0211,0.0,0.0,12.76,9.93,0.0
20050717:0311,0.0,0.0,12.78,9.31,0.0
20050717:0411,22.73,6.91,12.86,8.21,0.0
20050717:0511,51.95,14.09,12.97,7.24,0.0
20050717:0611,80.36,21.78,13.35,6.55,0.0
20050717:0711,151.59,29.63,13.87,5.93,0.0
20050717:0811,185.76,37.23,14.24,5.45,0.0
20050717:0911,174.64,44.06,14.65,5.72,0.0
20050717:1011,207.76,49.41,15.06,6.0,0.0
20050717:1111,281.71,52.43,15.39,6.41,0.0
20050717:1211,842.08,52.46,15.63,6.97,0.0
20050717:1311,555.27,49.47,15.74,7.17,0.0
20050717:1411,699.88,44.15,15.73,7.86,0.0
20050717:1511,659.81,37.34,15.65,8.14,0.0
20050717:1611,594.36,29.74,15.62,7.79,0.0
20050717:1711,398.19,21.9,15.6,7.24,0.0
20050717:1811,194.69,14.2,15.48,6.97,0.0
20050717:1911,38.96,7.01,15.31,6.62,0.0
20050717:2011,4.87,0.66,15.12,6.34,0.0
20050717:2111,0.0,0.0,14.97,5.86,0.0
20050717:2211,0.0,0.0,15.01,5.31,0.0
20050717:2311,0.0,0.0,14.94,5.1,0.0
20050718:0011,0.0,0.0,14.85,4.55,0.0
20050718:0111,0.0,0.0,14.71,3.79,0.0
20050718:0211,0.0,0.0,14.47,3.1,0.0
20050718:0311,0.0,0.0,14.21,2.28,0.0
20050718:0411,10.55,6.75,14.1,1.86,0.0
20050718:0511,31.66,13.94,14.11,1.79,0.0
20050718:0611,110.39,21.63,14.52,1.45,0.0
20050718:0711,222.91,29.48,14.98,1.45,0.0
20050718:0811,305.51,37.07,15.41,1.86,0.0
20050718:0911,446.58,43.9,15.85,2.21,0.0
20050718:1011,450.06,49.24,16.28,2.55,0.0
20050718:1111,648.58,52.26,16.3,3.45,0.0
20050718:1211,787.8,52.29,16.27,3.66,0.0
20050718:1311,663.56,49.32,16.3,4.41,0.0
20050718:1411,608.62,44.01,16.1,5.03,0.0
20050718:1511,500.98,37.2,16.1,5.31,0.0
20050718:1611,293.99,29.61,16.2,5.31,0.0
20050718:1711,207.27,21.77,16.22,5.38,0.0
20050718:1811,132.83,14.07,16.2,5.45,0.0
20050718:1911,25.97,6.87,16.06,5.66,0.0
20050718:2011,6.49,0.51,15.89,5.45,0.0
20050718:2111,0.0,0.0,15.68,5.31,0.0
20050718:2211,0.0,0.0,15.57,5.45,0.0
20050718:2311,0.0,0.0,15.46,5.66,0.0
20050719:0011,0.0,0.0,15.46,5.38,0.0
20050719:0111,0.0,0.0,15.39,4.9,0.0
20050719:0211,0.0,0.0,15.36,4.34,0.0
20050719:0311,0.0,0.0,15.26,4.0,0.0
20050719:0411,20.29,6.59,15.16,3.79,0.0
20050719:0511,63.31,13.78,15.09,3.79,0.0
20050719:0611,75.49,21.47,15.01,3.79,0.0
20050719:0711,68.26,29.32,15.11,4.14,0.0
20050719:0811,124.11,36.91,15.32,4.41,0.0
20050719:0911,189.87,43.73,15.16,4.9,0.0
20050719:1011,186.16,49.07,15.53,5.1,0.0
20050719:1111,210.1,52.08,15.14,5.66,0.0
20050719:1211,559.67,52.12,14.84,5.93,0.0
20050719:1311,706.0,49.15,14.61,6.21,0.0
20050719:1411,913.42,43.85,14.71,6.55,0.0
20050719:1511,540.84,37.06,14.72,7.1,0.0
20050719:1611,472.08,29.48,14.69,6.48,0.0
20050719:1711,307.45,21.63,14.65,6.14,0.0
20050719:1811,127.66,13.93,14.54,5.93,0.0
20050719:1911,46.27,6.73,14.42,5.59,0.0
20050719:2011,2.44,0.36,14.22,5.17,0.0
20050719:2111,0.0,0.0,14.07,4.9,0.0
20050719:2211,0.0,0.0,14.02,3.66,0.0
20050719:2311,0.0,0.0,13.85,3.79,0.0
20050720:0011,0.0,0.0,13.68,4.0,0.0
20050720:0111,0.0,0.0,13.59,4.28,0.0
20050720:0211,0.0,0.0,13.57,4.34,0.0
20050720:0311,0.0,0.0,13.52,4.41,0.0
20050720:0411,17.05,6.42,13.44,4.55,0.0
20050720:0511,62.5,13.62,13.37,4.83,0.0
20050720:0611,92.53,21.31,13.35,5.38,0.0
20050720:0711,226.15,29.16,13.55,6.0,0.0
20050720:0811,396.34,36.75,13.86,6.9,0.0
20050720:0911,406.07,43.56,13.99,7.86,0.0
20050720:1011,380.54,48.89,14.54,7.72,0.0
20050720:1111,163.11,51.9,14.6,8.55,0.0
20050720:1211,242.24,51.94,14.51,9.24,0.0
20050720:1311,249.85,48.98,14.35,9.52,0.0
20050720:1411,236.5,43.7,14.23,9.93,0.0
20050720:1511,210.81,36.91,14.22,10.07,0.0
20050720:1611,136.52,29.33,14.5,10.28,0.0
20050720:1711,134.39,21.49,14.73,9.66,0.0
20050720:1811,127.01,13.78,14.83,10.21,0.0
20050720:1911,42.21,6.57,14.78,10.34,0.0
20050720:2011,4.06,0.2,14.75,10.62,0.0
20050720:2111,0.0,0.0,14.62,10.21,0.0
20050720:2211,0.0,0.0,14.6,9.66,0.0
20050720:2311,0.0,0.0,14.56,9.86,0.0
20050721:0011,0.0,0.0,14.79,10.21,0.0
20050721:0111,0.0,0.0,14.64,10.28,0.0
20050721:0211,0.0,0.0,14.38,9.93,0.0
20050721:0311,0.0,0.0,14.34,10.07,0.0
20050721:0411,2.44,6.25,14.34,10.55,0.0
20050721:0511,9.74,13.45,14.32,10.9,0.0
20050721:0611,22.73,21.15,14.43,11.52,0.0
20050721:0711,179.85,28.99,14.72,11.66,0.0
20050721:0811,346.73,36.58,15.47,11.93,0.0
20050721:0911,396.65,43.38,15.78,10.55,0.0
20050721:1011,656.99,48.71,16.5,10.28,0.0
20050721:1111,915.73,51.71,16.92,9.17,0.0
20050721:1211,792.15,51.75,17.43,8.76,0.0
20050721:1311,702.65,48.81,17.31,9.1,0.0
20050721:1411,266.28,43.53,16.92,8.69,0.0
20050721:1511,395.76,36.76,16.46,8.41,0.0
20050721:1611,563.52,29.18,16.35,7.86,0.0
20050721:1711,263.32,21.34,16.21,7.38,0.0
20050721:1811,16.84,13.63,15.98,7.31,0.0
20050721:1911,43.83,6.42,15.72,7.86,0.0
20050721:2011,0.81,0.03,15.37,7.72,0.0
20050721:2111,0.0,0.0,15.1,7.1,0.0
20050721:2211,0.0,0.0,15.03,7.31,0.0
20050721:2311,0.0,0.0,14.92,7.03,0.0
20050722:0011,0.0,0.0,15.01,6.28,0.0
20050722:0111,0.0,0.0,14.96,5.66,0.0
20050722:0211,0.0,0.0,15.02,5.24,0.0
20050722:0311,0.0,0.0,14.93,4.48,0.0
20050722:0411,2.44,6.07,14.98,3.52,0.0
20050722:0511,19.48,13.28,15.34,2.55,0.0
20050722:0611,38.15,20.98,15.65,1.79,0.0
20050722:0711,177.66,28.82,15.89,1.17,0.0
20050722:0811,283.95,36.41,16.2,0.83,0.0
20050722:0911,431.83,43.2,16.5,0.62,0.0
20050722:1011,787.43,48.52,16.31,0.83,0.0
20050722:1111,264.91,51.52,16.64,2.28,0.0
20050722:1211,710.76,51.56,16.57,2.76,0.0
20050722:1311,896.38,48.63,16.57,3.24,0.0
20050722:1411,587.23,43.36,16.5,2.83,0.0
20050722:1511,647.44,36.6,16.66,3.38,0.0
20050722:1611,119.67,29.03,16.64,2.83,0.0
20050722:1711,57.62,21.18,16.68,3.17,0.0
20050722:1811,16.84,13.47,16.51,3.17,0.0
20050722:1911,7.31,6.25,16.24,3.1,0.0
20050722:2011,0.0,-0.14,15.9,3.38,0.0
20050722:2111,0.0,0.0,15.57,3.72,0.0
20050722:2211,0.0,0.0,15.39,4.34,0.0
20050722:2311,0.0,0.0,14.82,4.69,0.0
20050723:0011,0.0,0.0,14.53,4.9,0.0
20050723:0111,0.0,0.0,14.36,4.83,0.0
20050723:0211,0.0,0.0,14.11,4.97,0.0
20050723:0311,0.0,0.0,13.99,5.38,0.0
20050723:0411,17.05,5.89,13.92,5.59,0.0
20050723:0511,55.2,13.1,13.98,5.66,0.0
20050723:0611,110.39,20.81,14.2,6.07,0.0
20050723:0711,219.26,28.65,14.41,6.76,0.0
20050723:0811,302.5,36.23,14.91,6.9,0.0
20050723:0911,364.22,43.02,15.4,7.1,0.0
20050723:1011,472.02,48.32,15.46,7.86,0.0
20050723:1111,759.56,51.32,15.7,8.0,0.0
20050723:1211,743.71,51.36,15.94,8.0,0.0
20050723:1311,912.11,48.44,16.09,8.21,0.0
20050723:1411,899.65,43.19,15.85,8.48,0.0
20050723:1511,570.89,36.43,15.45,8.97,0.0
20050723:1611,169.23,28.87,14.96,9.1,0.0
20050723:1711,274.03,21.02,14.78,9.1,0.0
20050723:1811,194.69,13.31,14.63,9.24,0.0
20050723:1911,43.02,6.08,14.31,9.45,0.0
20050723:2011,0.0,-0.32,13.91,9.79,0.0
20050723:2111,0.0,0.0,13.57,10.0,0.0
20050723:2211,0.0,0.0,13.33,10.48,0.0
20050723:2311,0.0,0.0,13.1,10.07,0.0
20050724:0011,0.0,0.0,12.92,9.59,0.0
20050724:0111,0.0,0.0,12.79,9.52,0.0
20050724:0211,0.0,0.0,12.67,9.45,0.0
20050724:0311,0.0,0.0,12.64,9.24,0.0
20050724:0411,2.44,5.71,12.65,9.1,0.0
20050724:0511,14.61,12.93,12.78,8.97,0.0
20050724:0611,51.14,20.63,12.95,8.62,0.0
20050724:0711,122.79,28.48,13.17,8.28,0.0
20050724:0811,152.41,36.05,13.37,8.14,0.0
20050724:0911,223.64,42.83,13.56,8.07,0.0
20050724:1011,202.12,48.12,13.72,8.0,0.0
20050724:1111,382.54,51.11,13.89,7.79,0.0
20050724:1211,534.5,51.15,13.92,8.0,0.0
20050724:1311,372.37,48.24,14.03,8.07,0.0
20050724:1411,177.3,43.0,14.04,8.07,0.0
20050724:1511,291.33,36.26,13.96,7.86,0.0
20050724:1611,186.4,28.7,13.84,7.72,0.0
20050724:1711,126.49,20.85,13.81,7.45,0.0
20050724:1811,50.53,13.14,13.8,7.1,0.0
20050724:1911,14.61,5.91,13.78,6.97,0.0
20050724:2011,0.0,-0.5,13.74,6.97,0.0
20050724:2111,0.0,0.0,13.63,6.97,0.0
20050724:2211,0.0,0.0,13.42,6.62,0.0
20050724:2311,0.0,0.0,13.4,7.24,0.0
20050725:0011,0.0,0.0,13.36,7.59,0.0
20050725:0111,0.0,0.0,13.23,8.07,0.0
20050725:0211,0.0,0.0,13.1,8.34,0.0
20050725:0311,0.0,0.0,13.07,8.28,0.0
20050725:0411,2.44,5.52,13.01,8.0,0.0
20050725:0511,12.99,12.74,13.09,8.0,0.0
20050725:0611,58.44,20.45,13.27,8.21,0.0
20050725:0711,124.56,28.3,13.67,8.28,0.0
20050725:0811,207.65,35.87,13.98,8.34,0.0
20050725:0911,309.18,42.64,14.22,8.48,0.0
20050725:1011,351.35,47.92,13.98,9.1,0.0
20050725:1111,322.14,50.9,13.94,9.1,0.0
20050725:1211,535.07,50.94,13.94,9.1,0.0
20050725:1311,611.07,48.04,13.81,8.9,0.0
20050725:1411,352.74,42.82,14.03,8.41,0.0
20050725:1511,671.21,36.08,14.21,7.86,0.0
20050725:1611,389.34,28.52,14.2,7.79,0.0
20050725:1711,254.86,20.68,14.14,8.14,0.0
20050725:1811,145.56,12.96,14.13,8.41,0.0
20050725:1911,41.4,5.72,13.99,8.34,0.0
20050725:2011,0.0,0.0,13.79,7.93,0.0
20050725:2111,0.0,0.0,13.61,7.66,0.0
20050725:2211,0.0,0.0,13.55,7.31,0.0
20050725:2311,0.0,0.0,13.33,7.79,0.0
20050726:0011,0.0,0.0,13.19,7.86,0.0
20050726:0111,0.0,0.0,13.1,7.72,0.0
20050726:0211,0.0,0.0,13.08,7.79,0.0
20050726:0311,0.0,0.0,13.14,7.93,0.0
20050726:0411,14.61,5.33,13.16,7.72,0.0
20050726:0511,47.08,12.56,13.35,7.59,0.0
20050726:0611,77.92,20.27,13.61,7.45,0.0
20050726:0711,222.8,28.12,13.95,7.24,0.0
20050726:0811,425.37,35.68,14.24,7.31,0.0
20050726:0911,609.15,42.44,14.41,7.59,0.0
20050726:1011,646.29,47.71,14.2,7.93,0.0
20050726:1111,725.54,50.68,14.22,8.07,0.0
20050726:1211,978.32,50.73,14.34,8.07,0.0
20050726:1311,972.31,47.84,14.35,8.34,0.0
20050726:1411,906.78,42.62,14.38,8.69,0.0
20050726:1511,810.73,35.89,14.27,8.69,0.0
20050726:1611,624.86,28.34,14.14,8.69,0.0
20050726:1711,405.82,20.5,14.15,8.62,0.0
20050726:1811,198.08,12.78,14.02,8.55,0.0
20050726:1911,36.53,5.53,13.82,8.34,0.0
20050726:2011,0.0,0.0,13.65,8.21,0.0
20050726:2111,0.0,0.0,13.49,7.86,0.0
20050726:2211,0.0,0.0,13.13,7.38,0.0
20050726:2311,0.0,0.0,13.05,7.52,0.0
20050727:0011,0.0,0.0,13.08,7.72,0.0
20050727:0111,0.0,0.0,13.1,7.79,0.0
20050727:0211,0.0,0.0,13.09,7.93,0.0
20050727:0311,0.0,0.0,13.08,7.86,0.0
20050727:0411,12.99,5.14,13.1,7.72,0.0
20050727:0511,46.27,12.37,13.13,7.66,0.0
20050727:0611,73.05,20.09,13.29,7.93,0.0
20050727:0711,221.7,27.93,13.48,7.79,0.0
20050727:0811,408.36,35.49,13.61,7.86,0.0
20050727:0911,629.14,42.24,13.8,7.72,0.0
20050727:1011,466.69,47.5,14.0,7.66,0.0
20050727:1111,542.3,50.46,13.91,7.86,0.0
20050727:1211,732.88,50.51,13.94,7.86,0.0
20050727:1311,1045.48,47.63,14.12,7.72,0.0
20050727:1411,946.67,42.42,14.09,7.86,0.0
20050727:1511,798.93,35.7,14.01,7.93,0.0
20050727:1611,538.84,28.16,14.03,7.72,0.0
20050727:1711,266.48,20.32,13.9,7.52,0.0
20050727:1811,116.1,12.59,13.75,7.31,0.0
20050727:1911,34.9,5.34,13.58,7.1,0.0
20050727:2011,0.0,0.0,13.42,6.97,0.0
20050727:2111,0.0,0.0,13.3,6.9,0.0
20050727:2211,0.0,0.0,12.82,6.55,0.0
20050727:2311,0.0,0.0,12.67,6.48,0.0
20050728:0011,0.0,0.0,12.54,6.48,0.0
20050728:0111,0.0,0.0,12.48,6.55,0.0
20050728:0211,0.0,0.0,12.45,6.41,0.0
20050728:0311,0.0,0.0,12.47,6.34,0.0
20050728:0411,1.62,4.94,12.53,6.14,0.0
20050728:0511,26.79,12.18,12.67,5.72,0.0
20050728:0611,103.9,19.9,12.92,5.79,0.0
20050728:0711,172.97,27.74,13.18,6.07,0.0
20050728:0811,309.6,35.29,13.43,6.21,0.0
20050728:0911,334.34,42.04,13.65,6.21,0.0
20050728:1011,350.64,47.29,14.0,5.72,0.0
20050728:1111,530.25,50.24,14.21,5.86,0.0
20050728:1211,561.3,50.28,14.32,6.0,0.0
20050728:1311,810.67,47.41,14.36,5.86,0.0
20050728:1411,844.04,42.22,14.35,6.0,0.0
20050728:1511,788.01,35.51,14.32,6.0,0.0
20050728:1611,633.15,27.97,14.33,5.66,0.0
20050728:1711,424.77,20.13,14.32,5.66,0.0
20050728:1811,194.79,12.4,14.24,5.45,0.0
20050728:1911,33.28,5.14,14.11,4.9,0.0
20050728:2011,0.0,0.0,13.95,4.34,0.0
20050728:2111,0.0,0.0,13.83,4.21,0.0
20050728:2211,0.0,0.0,13.5,3.24,0.0
20050728:2311,0.0,0.0,13.44,2.97,0.0
20050729:0011,0.0,0.0,13.4,2.07,0.0
20050729:0111,0.0,0.0,13.37,1.66,0.0
20050729:0211,0.0,0.0,13.23,1.93,0.0
20050729:0311,0.0,0.0,13.04,2.41,0.0
20050729:0411,5.68,4.74,13.04,1.72,0.0
20050729:0511,45.46,11.99,13.14,0.83,0.0
20050729:0611,97.4,19.71,13.45,1.24,0.0
20050729:0711,128.15,27.55,14.0,1.38,0.0
20050729:0811,363.94,35.1,14.61,1.66,0.0
20050729:0911,327.88,41.83,15.03,1.24,0.0
20050729:1011,462.46,47.07,15.81,1.93,0.0
20050729:1111,509.93,50.01,15.8,1.93,0.0
20050729:1211,827.01,50.05,15.83,2.34,0.0
20050729:1311,764.83,47.18,16.0,2.34,0.0
20050729:1411,667.83,42.0,16.07,2.62,0.0
20050729:1511,632.46,35.3,16.34,3.66,0.0
20050729:1611,484.94,27.77,16.28,4.07,0.0
20050729:1711,227.4,19.93,15.92,4.21,0.0
20050729:1811,91.66,12.2,15.85,4.14,0.0
20050729:1911,36.53,4.94,15.88,3.66,0.0
20050729:2011,0.0,0.0,15.88,4.07,0.0
20050729:2111,0.0,0.0,15.84,4.21,0.0
20050729:2211,0.0,0.0,15.13,4.0,0.0
20050729:2311,0.0,0.0,15.06,4.14,0.0
20050730:0011,0.0,0.0,15.02,4.34,0.0
20050730:0111,0.0,0.0,14.9,4.41,0.0
20050730:0211,0.0,0.0,14.89,4.34,0.0
20050730:0311,0.0,0.0,14.75,2.69,0.0
20050730:0411,3.25,4.54,14.75,3.52,0.0
20050730:0511,17.05,11.79,15.05,3.38,0.0
20050730:0611,99.03,19.51,15.68,2.97,0.0
20050730:0711,197.23,27.35,16.24,3.24,0.0
20050730:0811,276.16,34.9,16.73,3.31,0.0
20050730:0911,336.47,41.62,17.12,3.66,0.0
20050730:1011,406.95,46.84,17.86,3.79,0.0
20050730:1111,250.83,49.77,18.04,3.86,0.0
20050730:1211,201.23,49.81,18.28,4.55,0.0
20050730:1311,159.57,46.95,18.19,5.52,0.0
20050730:1411,228.85,41.79,18.16,5.93,0.0
20050730:1511,163.83,35.09,17.91,5.1,0.0
20050730:1611,80.67,27.57,17.59,3.72,0.0
20050730:1711,204.43,19.73,18.0,2.28,0.0
20050730:1811,137.8,11.99,18.52,0.9,0.0
20050730:1911,32.47,4.72,16.92,0.34,0.0
20050730:2011,0.0,0.0,16.75,1.31,0.0
20050730:2111,0.0,0.0,16.93,1.52,0.0
20050730:2211,0.0,0.0,16.47,1.52,0.0
20050730:2311,0.0,0.0,16.1,2.48,0.0
20050731:0011,0.0,0.0,16.12,2.83,0.0
20050731:0111,0.0,0.0,16.04,2.69,0.0
20050731:0211,0.0,0.0,15.93,2.48,0.0
20050731:0311,0.0,0.0,15.9,2.69,0.0
20050731:0411,0.81,4.33,15.91,3.45,0.0
20050731:0511,8.12,11.59,16.06,4.28,0.0
20050731:0611,17.05,19.32,16.01,5.45,0.0
20050731:0711,40.78,27.16,15.81,6.28,0.0
20050731:0811,68.26,34.69,15.68,6.07,0.0
20050731:0911,87.76,41.4,15.5,5.52,0.0
20050731:1011,200.72,46.61,15.84,5.38,0.0
20050731:1111,684.12,49.53,15.98,5.66,0.0
20050731:1211,939.07,49.57,16.12,4.9,0.0
20050731:1311,967.97,46.72,16.29,4.14,0.0
20050731:1411,857.75,41.56,16.39,3.31,0.0
20050731:1511,744.66,34.88,16.41,2.28,0.0
20050731:1611,597.06,27.36,16.38,1.52,0.0
20050731:1711,322.85,19.52,16.43,0.76,0.0
20050731:1811,90.15,11.78,16.4,1.86,0.0
20050731:1911,30.03,4.51,16.28,2.55,0.0
20050731:2011,0.0,0.0,16.17,3.03,0.0
20050731:2111,0.0,0.0,16.08,3.03,0.0
20050731:2211,0.0,0.0,15.61,3.1,0.0
20050731:2311,0.0,0.0,15.48,3.24,0.0
20050801:0011,0.0,0.0,15.26,3.59,0.0
20050801:0111,0.0,0.0,15.11,3.86,0.0
20050801:0211,0.0,0.0,14.98,4.0,0.0
20050801:0311,0.0,0.0,14.86,4.21,0.0
20050801:0411,0.81,4.12,14.81,4.34,0.0
20050801:0511,14.61,11.38,14.83,4.69,0.0
20050801:0611,62.5,19.12,15.05,4.83,0.0
20050801:0711,212.96,26.95,15.35,5.17,0.0
20050801:0811,259.4,34.48,15.47,5.86,0.0
20050801:0911,465.22,41.18,15.45,6.48,0.0
20050801:1011,273.56,46.38,15.04,7.1,0.0
20050801:1111,296.44,49.29,15.0,7.1,0.0
20050801:1211,280.41,49.32,15.12,7.03,0.0
20050801:1311,676.25,46.48,15.24,6.97,0.0
20050801:1411,333.03,41.33,15.43,7.1,0.0
20050801:1511,399.49,34.66,15.42,7.24,0.0
20050801:1611,304.34,27.14,15.29,7.66,0.0
20050801:1711,218.61,19.31,14.99,8.34,0.0
20050801:1811,69.48,11.57,14.65,8.69,0.0
20050801:1911,23.54,4.29,14.38,8.62,0.0
20050801:2011,0.0,0.0,14.21,8.76,0.0
20050801:2111,0.0,0.0,13.98,9.03,0.0
20050801:2211,0.0,0.0,13.89,8.76,0.0
20050801:2311,0.0,0.0,13.72,8.9,0.0
20050802:0011,0.0,0.0,13.54,8.83,0.0
20050802:0111,0.0,0.0,13.4,9.03,0.0
20050802:0211,0.0,0.0,13.22,9.17,0.0
20050802:0311,0.0,0.0,13.01,9.03,0.0
20050802:0411,1.62,3.9,12.87,8.9,0.0
20050802:0511,38.15,11.18,12.85,9.03,0.0
20050802:0611,61.69,18.91,13.03,9.31,0.0
20050802:0711,216.11,26.75,13.25,9.31,0.0
20050802:0811,433.42,34.27,13.48,9.03,0.0
20050802:0911,641.54,40.96,13.66,8.83,0.0
20050802:1011,830.58,46.14,13.66,8.69,0.0
20050802:1111,955.83,49.04,13.62,8.55,0.0
20050802:1211,995.78,49.07,13.59,8.48,0.0
20050802:1311,1012.63,46.23,13.51,8.07,0.0
20050802:1411,815.02,41.1,13.44,7.31,0.0
20050802:1511,515.58,34.43,13.38,7.03,0.0
20050802:1611,118.79,26.92,13.57,6.55,0.0
20050802:1711,74.46,19.09,13.68,6.34,0.0
20050802:1811,24.82,11.35,13.71,6.21,0.0
20050802:1911,31.66,4.06,13.8,5.72,0.0
20050802:2011,0.0,0.0,13.89,4.62,0.0
20050802:2111,0.0,0.0,14.0,3.45,0.0
20050802:2211,0.0,0.0,14.07,3.24,0.0
20050802:2311,0.0,0.0,14.18,3.66,0.0
20050803:0011,0.0,0.0,14.34,4.0,0.0
20050803:0111,0.0,0.0,14.04,4.48,0.0
20050803:0211,0.0,0.0,14.28,4.48,0.0
20050803:0311,0.0,0.0,14.51,4.62,0.0
20050803:0411,0.81,3.69,14.55,4.28,0.0
20050803:0511,12.99,10.97,14.65,4.55,0.0
20050803:0611,35.71,18.71,14.75,4.83,0.0
20050803:0711,43.44,26.54,14.56,5.24,0.0
20050803:0811,124.99,34.06,14.86,5.72,0.0
20050803:0911,152.47,40.74,14.97,5.66,0.0
20050803:1011,229.48,45.9,15.01,5.72,0.0
20050803:1111,426.86,48.78,14.86,5.24,0.0
20050803:1211,465.42,48.81,15.02,4.9,0.0
20050803:1311,534.41,45.98,15.14,4.97,0.0
20050803:1411,161.34,40.86,15.04,4.97,0.0
20050803:1511,640.24,34.2,15.16,5.38,0.0
20050803:1611,634.56,26.7,15.15,5.45,0.0
20050803:1711,415.59,18.86,14.77,5.24,0.0
20050803:1811,189.38,11.12,14.55,4.9,0.0
20050803:1911,25.97,3.82,14.39,4.48,0.0
20050803:2011,0.0,0.0,14.26,4.41,0.0
20050803:2111,0.0,0.0,14.24,4.76,0.0
20050803:2211,0.0,0.0,14.58,4.97,0.0
20050803:2311,0.0,0.0,14.23,5.17,0.0
20050804:0011,0.0,0.0,13.96,5.31,0.0
20050804:0111,0.0,0.0,13.58,5.93,0.0
20050804:0211,0.0,0.0,13.44,6.34,0.0
20050804:0311,0.0,0.0,13.33,5.86,0.0
20050804:0411,1.62,3.47,13.3,5.72,0.0
20050804:0511,32.47,10.76,13.17,5.79,0.0
20050804:0611,92.53,18.5,13.19,5.66,0.0
20050804:0711,187.59,26.33,13.38,5.52,0.0
20050804:0811,370.9,33.84,13.4,5.52,0.0
20050804:0911,342.43,40.51,13.32,5.93,0.0
20050804:1011,538.86,45.65,13.27,6.9,0.0
20050804:1111,294.08,48.52,13.39,6.76,0.0
20050804:1211,575.33,48.55,13.46,6.83,0.0
20050804:1311,760.59,45.72,13.42,6.76,0.0
20050804:1411,675.68,40.61,13.54,6.76,0.0
20050804:1511,378.82,33.97,13.62,6.48,0.0
20050804:1611,412.92,26.47,13.58,6.76,0.0
20050804:1711,290.01,18.63,13.43,7.45,0.0
20050804:1811,66.03,10.89,13.56,6.9,0.0
20050804:1911,26.79,3.59,13.79,6.76,0.0
20050804:2011,0.0,0.0,13.65,7.17,0.0
20050804:2111,0.0,0.0,13.7,7.38,0.0
20050804:2211,0.0,0.0,13.53,7.66,0.0
20050804:2311,0.0,0.0,13.63,8.83,0.0
20050805:0011,0.0,0.0,13.85,8.0,0.0
20050805:0111,0.0,0.0,13.8,8.69,0.0
20050805:0211,0.0,0.0,13.79,8.14,0.0
20050805:0311,0.0,0.0,13.74,6.76,0.0
20050805:0411,0.0,0.0,13.84,6.0,0.0
20050805:0511,39.77,10.54,13.97,5.79,0.0
20050805:0611,47.08,18.29,13.97,5.1,0.0
20050805:0711,193.5,26.12,14.0,4.83,0.0
20050805:0811,364.91,33.62,13.79,4.62,0.0
20050805:0911,491.4,40.27,13.9,4.62,0.0
20050805:1011,364.22,45.4,13.5,5.38,0.0
20050805:1111,786.26,48.26,13.38,4.14,0.0
20050805:1211,278.93,48.28,13.48,3.66,0.0
20050805:1311,980.13,45.46,13.62,3.59,0.0
20050805:1411,804.45,40.36,13.34,4.21,0.0
20050805:1511,186.8,33.72,13.3,4.97,0.0
20050805:1611,487.6,26.23,13.46,5.45,0.0
20050805:1711,124.59,18.4,13.32,5.72,0.0
20050805:1811,13.3,10.65,13.32,6.0,0.0
20050805:1911,12.99,3.34,13.05,6.69,0.0
20050805:2011,0.0,0.0,12.83,7.45,0.0
20050805:2111,0.0,0.0,12.84,7.93,0.0
20050805:2211,0.0,0.0,12.59,8.28,0.0
20050805:2311,0.0,0.0,12.63,8.9,0.0
20050806:0011,0.0,0.0,12.64,8.55,0.0
20050806:0111,0.0,0.0,12.66,8.34,0.0
20050806:0211,0.0,0.0,12.41,8.28,0.0
20050806:0311,0.0,0.0,12.27,8.55,0.0
20050806:0411,0.0,0.0,12.17,8.69,0.0
20050806:0511,15.42,10.32,12.13,8.76,0.0
20050806:0611,39.77,18.07,12.3,8.97,0.0
20050806:0711,208.47,25.91,12.63,9.1,0.0
20050806:0811,418.48,33.4,12.9,9.59,0.0
20050806:0911,558.39,40.04,13.39,9.93,0.0
20050806:1011,661.04,45.15,14.0,9.59,0.0
20050806:1111,601.96,47.99,14.16,9.66,0.0
20050806:1211,899.47,48.01,14.24,10.21,0.0
20050806:1311,974.22,45.2,14.33,10.69,0.0
20050806:1411,936.37,40.1,14.1,11.24,0.0
20050806:1511,750.93,33.48,13.98,11.66,0.0
20050806:1611,598.92,25.99,14.15,11.52,0.0
20050806:1711,403.03,18.16,14.07,11.45,0.0
20050806:1811,178.98,10.4,13.93,11.17,0.0
20050806:1911,22.73,3.09,13.72,11.03,0.0
20050806:2011,0.0,0.0,13.44,10.76,0.0
20050806:2111,0.0,0.0,13.35,10.34,0.0
20050806:2211,0.0,0.0,13.06,9.59,0.0
20050806:2311,0.0,0.0,12.95,9.59,0.0
20050807:0011,0.0,0.0,12.88,9.24,0.0
20050807:0111,0.0,0.0,12.9,8.83,0.0
20050807:0211,0.0,0.0,12.99,9.24,0.0
20050807:0311,0.0,0.0,13.13,9.38,0.0
20050807:0411,0.0,0.0,13.26,8.76,0.0
20050807:0511,38.96,10.1,13.16,7.17,0.0
20050807:0611,90.91,17.86,13.0,5.59,0.0
20050807:0711,27.48,25.69,12.95,5.03,0.0
20050807:0811,255.71,33.17,13.26,4.34,0.0
20050807:0911,396.62,39.8,14.1,3.24,0.0
20050807:1011,794.85,44.89,15.0,2.48,0.0
20050807:1111,820.34,47.72,15.68,2.62,0.0
20050807:1211,1009.4,47.73,15.93,3.24,0.0
20050807:1311,259.67,44.92,16.37,2.69,0.0
20050807:1411,784.14,39.84,16.63,0.55,0.0
20050807:1511,823.88,33.22,16.31,2.48,0.0
20050807:1611,552.33,25.74,15.6,4.69,0.0
20050807:1711,406.28,17.91,15.8,5.59,0.0
20050807:1811,38.12,10.16,15.85,5.72,0.0
20050807:1911,22.73,2.84,15.64,5.79,0.0
20050807:2011,0.0,0.0,15.53,4.97,0.0
20050807:2111,0.0,0.0,15.43,3.79,0.0
20050807:2211,0.0,0.0,15.65,3.72,0.0
20050807:2311,0.0,0.0,15.42,2.69,0.0
20050808:0011,0.0,0.0,15.36,2.21,0.0
20050808:0111,0.0,0.0,15.27,3.17,0.0
20050808:0211,0.0,0.0,14.95,4.21,0.0
20050808:0311,0.0,0.0,14.69,5.45,0.0
20050808:0411,0.0,0.0,14.43,6.14,0.0
20050808:0511,21.92,9.88,14.22,6.83,0.0
20050808:0611,78.73,17.64,14.38,7.59,0.0
20050808:0711,202.44,25.47,14.74,7.93,0.0
20050808:0811,373.94,32.95,15.29,8.34,0.0
20050808:0911,389.3,39.56,16.01,8.48,0.0
20050808:1011,179.07,44.63,15.88,8.48,0.0
20050808:1111,923.45,47.45,16.14,8.34,0.0
20050808:1211,993.63,47.45,16.15,8.62,0.0
20050808:1311,800.17,44.65,15.85,8.97,0.0
20050808:1411,438.81,39.57,15.64,8.62,0.0
20050808:1511,619.58,32.97,16.08,8.0,0.0
20050808:1611,139.02,25.49,15.87,7.45,0.0
20050808:1711,189.04,17.66,15.46,7.1,0.0
20050808:1811,172.76,9.9,15.3,6.21,0.0
20050808:1911,22.73,2.58,14.96,4.41,0.0
20050808:2011,0.0,0.0,14.93,3.17,0.0
20050808:2111,0.0,0.0,14.73,4.0,0.0
20050808:2211,0.0,0.0,14.4,4.62,0.0
20050808:2311,0.0,0.0,14.15,3.93,0.0
20050809:0011,0.0,0.0,14.02,3.72,0.0
20050809:0111,0.0,0.0,13.98,3.86,0.0
20050809:0211,0.0,0.0,14.01,4.0,0.0
20050809:0311,0.0,0.0,13.94,4.07,0.0
20050809:0411,0.0,0.0,13.89,4.21,0.0
20050809:0511,26.79,9.66,13.96,4.21,0.0
20050809:0611,64.12,17.42,14.24,4.0,0.0
20050809:0711,131.06,25.24,14.69,3.45,0.0
20050809:0811,68.26,32.71,15.2,2.76,0.0
20050809:0911,638.0,39.31,15.66,2.55,0.0
20050809:1011,811.09,44.37,16.05,3.45,0.0
20050809:1111,946.85,47.17,16.26,4.48,0.0
20050809:1211,1031.74,47.16,16.35,0.0,0.0
20050809:1311,957.11,44.36,16.45,0.0,0.0
20050809:1411,653.04,39.3,16.6,7.31,0.0
20050809:1511,345.39,32.7,16.6,8.0,0.0
20050809:1611,203.86,25.23,16.42,8.34,0.0
20050809:1711,325.5,17.4,16.24,8.55,0.0
20050809:1811,93.72,9.64,15.87,8.48,0.0
20050809:1911,12.99,2.31,15.16,8.48,0.0
20050809:2011,0.0,0.0,14.54,8.07,0.0
20050809:2111,0.0,0.0,14.05,8.97,0.0
20050809:2211,0.0,0.0,13.73,9.52,0.0
20050809:2311,0.0,0.0,13.44,9.59,0.0
20050810:0011,0.0,0.0,13.26,9.52,0.0
20050810:0111,0.0,0.0,13.2,9.59,0.0
20050810:0211,0.0,0.0,13.18,9.72,0.0
20050810:0311,0.0,0.0,13.28,9.79,0.0
20050810:0411,0.0,0.0,13.42,9.59,0.0
20050810:0511,32.47,9.43,13.52,9.86,0.0
20050810:0611,59.25,17.2,13.8,10.55,0.0
20050810:0711,197.4,25.02,14.11,10.62,0.0
20050810:0811,379.86,32.48,14.53,10.62,0.0
20050810:0911,556.53,39.06,15.02,10.76,0.0
20050810:1011,722.81,44.1,15.22,11.03,0.0
20050810:1111,362.17,46.88,15.48,11.52,0.0
20050810:1211,636.1,46.87,15.37,11.86,0.0
20050810:1311,855.36,44.08,15.18,12.14,0.0
20050810:1411,382.27,39.02,14.92,12.83,0.0
20050810:1511,699.14,32.43,14.69,12.76,0.0
20050810:1611,332.28,24.97,14.34,12.76,0.0
20050810:1711,54.96,17.14,14.1,12.83,0.0
20050810:1811,21.28,9.38,13.8,13.1,0.0
20050810:1911,5.68,2.04,13.76,13.1,0.0
20050810:2011,0.0,0.0,13.65,12.97,0.0
20050810:2111,0.0,0.0,13.52,13.45,0.0
20050810:2211,0.0,0.0,13.67,13.31,0.0
20050810:2311,0.0,0.0,13.73,13.24,0.0
20050811:0011,0.0,0.0,13.71,13.45,0.0
20050811:0111,0.0,0.0,13.67,13.66,0.0
20050811:0211,0.0,0.0,13.61,13.86,0.0
20050811:0311,0.0,0.0,13.64,13.38,0.0
20050811:0411,0.0,0.0,13.65,12.9,0.0
20050811:0511,12.18,9.2,13.72,12.9,0.0
20050811:0611,30.84,16.97,13.76,12.55,0.0
20050811:0711,151.22,24.79,13.91,12.76,0.0
20050811:0811,227.09,32.24,14.07,13.03,0.0
20050811:0911,188.77,38.81,14.18,12.9,0.0
20050811:1011,200.37,43.83,14.21,12.34,0.0
20050811:1111,178.18,46.59,14.4,12.9,0.0
20050811:1211,126.77,46.58,14.25,13.03,0.0
20050811:1311,150.7,43.78,14.17,13.03,0.0
20050811:1411,145.38,38.74,14.07,12.97,0.0
20050811:1511,154.21,32.16,13.98,12.69,0.0
20050811:1611,214.48,24.7,13.89,12.41,0.0
20050811:1711,153.76,16.88,13.75,12.69,0.0
20050811:1811,32.8,9.11,13.56,12.76,0.0
20050811:1911,4.06,1.77,13.49,12.9,0.0
20050811:2011,0.0,0.0,13.39,13.03,0.0
20050811:2111,0.0,0.0,13.25,12.69,0.0
20050811:2211,0.0,0.0,13.31,12.48,0.0
20050811:2311,0.0,0.0,13.24,12.83,0.0
20050812:0011,0.0,0.0,13.13,12.83,0.0
20050812:0111,0.0,0.0,12.95,12.62,0.0
20050812:0211,0.0,0.0,12.78,12.69,0.0
20050812:0311,0.0,0.0,12.54,12.21,0.0
20050812:0411,0.0,0.0,12.47,12.21,0.0
20050812:0511,8.93,8.97,12.39,12.28,0.0
20050812:0611,36.53,16.74,12.47,12.14,0.0
20050812:0711,107.38,24.56,12.59,12.07,0.0
20050812:0811,292.74,32.0,12.76,12.21,0.0
20050812:0911,389.05,38.55,13.06,12.21,0.0
20050812:1011,464.49,43.56,13.23,12.28,0.0
20050812:1111,661.72,46.3,13.42,12.41,0.0
20050812:1211,716.44,46.28,13.6,12.28,0.0
20050812:1311,620.69,43.49,13.63,12.07,0.0
20050812:1411,597.83,38.45,13.66,12.28,0.0
20050812:1511,549.71,31.88,13.63,12.34,0.0
20050812:1611,485.65,24.43,13.53,12.48,0.0
20050812:1711,327.38,16.61,13.38,12.48,0.0
20050812:1811,156.26,8.84,13.18,12.34,0.0
20050812:1911,16.23,1.49,13.03,11.93,0.0
20050812:2011,0.0,0.0,12.84,11.66,0.0
20050812:2111,0.0,0.0,12.58,11.38,0.0
20050812:2211,0.0,0.0,12.36,11.1,0.0
20050812:2311,0.0,0.0,12.21,11.45,0.0
20050813:0011,0.0,0.0,12.16,11.31,0.0
20050813:0111,0.0,0.0,12.05,11.17,0.0
20050813:0211,0.0,0.0,12.0,11.03,0.0
20050813:0311,0.0,0.0,11.88,10.76,0.0
20050813:0411,0.0,0.0,11.83,10.48,0.0
20050813:0511,33.28,8.73,11.86,10.28,0.0
20050813:0611,82.79,16.51,11.99,10.14,0.0
20050813:0711,201.2,24.33,12.27,9.79,0.0
20050813:0811,397.37,31.76,12.62,9.52,0.0
20050813:0911,536.16,38.29,13.0,9.31,0.0
20050813:1011,390.29,43.28,13.43,9.03,0.0
20050813:1111,923.57,46.01,13.72,8.83,0.0
20050813:1211,1020.09,45.97,13.9,8.55,0.0
20050813:1311,1065.56,43.19,13.89,8.14,0.0
20050813:1411,974.8,38.16,13.71,7.59,0.0
20050813:1511,806.01,31.6,13.53,7.17,0.0
20050813:1611,633.29,24.15,13.47,7.03,0.0
20050813:1711,379.97,16.33,13.32,6.83,0.0
20050813:1811,162.73,8.56,13.2,6.48,0.0
20050813:1911,14.61,1.21,13.08,6.21,0.0
20050813:2011,0.0,0.0,13.03,6.14,0.0
20050813:2111,0.0,0.0,12.92,5.79,0.0
20050813:2211,0.0,0.0,12.98,5.59,0.0
20050813:2311,0.0,0.0,12.93,5.31,0.0
20050814:0011,0.0,0.0,12.89,5.24,0.0
20050814:0111,0.0,0.0,12.83,5.31,0.0
20050814:0211,0.0,0.0,12.81,5.45,0.0
20050814:0311,0.0,0.0,12.81,5.66,0.0
20050814:0411,0.0,0.0,12.79,5.66,0.0
20050814:0511,7.31,8.5,12.88,5.38,0.0
20050814:0611,57.63,16.28,13.14,5.38,0.0
20050814:0711,190.37,24.09,13.51,5.66,0.0
20050814:0811,207.69,31.52,14.06,5.59,0.0
20050814:0911,307.97,38.03,14.68,5.38,0.0
20050814:1011,421.88,43.0,14.83,4.83,0.0
20050814:1111,288.62,45.71,15.41,4.97,0.0
20050814:1211,695.88,45.67,15.55,4.97,0.0
20050814:1311,171.98,42.88,15.52,5.52,0.0
20050814:1411,230.57,37.86,16.04,5.72,0.0
20050814:1511,167.58,31.31,16.16,5.79,0.0
20050814:1611,424.13,23.87,15.96,5.86,0.0
20050814:1711,175.18,16.05,15.61,6.0,0.0
20050814:1811,76.37,8.27,15.37,6.69,0.0
20050814:1911,13.8,0.92,14.8,7.45,0.0
20050814:2011,0.0,0.0,14.43,7.1,0.0
20050814:2111,0.0,0.0,14.15,7.24,0.0
20050814:2211,0.0,0.0,13.72,7.86,0.0
20050814:2311,0.0,0.0,13.34,8.07,0.0
20050815:0011,0.0,0.0,12.97,8.28,0.0
20050815:0111,0.0,0.0,12.71,8.48,0.0
20050815:0211,0.0,0.0,12.53,8.69,0.0
20050815:0311,0.0,0.0,12.35,8.69,0.0
20050815:0411,0.0,0.0,12.24,8.41,0.0
20050815:0511,29.22,8.26,12.24,8.41,0.0
20050815:0611,68.99,16.05,12.38,9.1,0.0
20050815:0711,197.07,23.86,12.59,8.9,0.0
20050815:0811,412.04,31.27,12.94,8.9,0.0
20050815:0911,627.05,37.77,13.31,8.83,0.0
20050815:1011,803.64,42.71,13.66,8.76,0.0
20050815:1111,916.51,45.4,14.04,8.69,0.0
20050815:1211,836.58,45.35,14.32,8.76,0.0
20050815:1311,725.17,42.57,14.51,8.48,0.0
20050815:1411,776.26,37.56,14.61,8.34,0.0
20050815:1511,256.08,31.02,14.71,7.79,0.0
20050815:1611,232.66,23.58,14.61,6.69,0.0
20050815:1711,68.26,15.76,14.55,6.69,0.0
20050815:1811,31.91,7.99,14.39,6.76,0.0
20050815:1911,3.25,0.62,14.38,6.55,0.0
20050815:2011,0.0,0.0,14.4,5.79,0.0
20050815:2111,0.0,0.0,14.57,5.45,0.0
20050815:2211,0.0,0.0,14.76,5.66,0.0
20050815:2311,0.0,0.0,14.62,5.93,0.0
20050816:0011,0.0,0.0,14.68,6.41,0.0
20050816:0111,0.0,0.0,14.32,6.76,0.0
20050816:0211,0.0,0.0,13.84,6.76,0.0
20050816:0311,0.0,0.0,13.27,6.9,0.0
20050816:0411,0.0,0.0,12.93,6.76,0.0
20050816:0511,25.97,8.02,12.77,6.62,0.0
20050816:0611,71.43,15.81,12.85,6.9,0.0
20050816:0711,170.73,23.62,13.15,7.24,0.0
20050816:0811,314.36,31.02,13.53,7.52,0.0
20050816:0911,539.22,37.5,13.9,7.59,0.0
20050816:1011,756.12,42.42,14.25,6.83,0.0
20050816:1111,927.5,45.1,14.46,6.62,0.0
20050816:1211,997.62,45.04,14.63,6.41,0.0
20050816:1311,1024.26,42.26,14.65,6.41,0.0
20050816:1411,912.66,37.25,14.64,6.48,0.0
20050816:1511,770.73,30.72,14.57,6.62,0.0
20050816:1611,598.96,23.29,14.44,6.69,0.0
20050816:1711,385.63,15.47,14.32,6.41,0.0
20050816:1811,146.62,7.69,14.15,6.0,0.0
20050816:1911,10.55,0.33,13.93,5.52,0.0
20050816:2011,0.0,0.0,13.78,5.03,0.0
20050816:2111,0.0,0.0,13.7,4.55,0.0
20050816:2211,0.0,0.0,13.88,4.21,0.0
20050816:2311,0.0,0.0,13.96,3.66,0.0
20050817:0011,0.0,0.0,14.02,3.24,0.0
20050817:0111,0.0,0.0,14.12,2.97,0.0
20050817:0211,0.0,0.0,14.28,2.69,0.0
20050817:0311,0.0,0.0,14.51,2.55,0.0
20050817:0411,0.0,0.0,14.69,2.34,0.0
20050817:0511,6.49,7.78,14.92,2.14,0.0
20050817:0611,23.54,15.57,15.07,1.79,0.0
20050817:0711,98.93,23.38,15.26,1.93,0.0
20050817:0811,164.45,30.77,15.46,2.41,0.0
20050817:0911,186.58,37.23,15.6,2.97,0.0
20050817:1011,190.21,42.13,16.08,3.79,0.0
20050817:1111,119.67,44.79,16.26,4.0,0.0
20050817:1211,125.88,44.72,16.27,4.0,0.0
20050817:1311,269.37,41.94,16.31,4.14,0.0
20050817:1411,171.97,36.94,16.35,4.62,0.0
20050817:1511,146.31,30.42,16.28,4.48,0.0
20050817:1611,282.77,22.99,16.08,4.28,0.0
20050817:1711,164.09,15.18,15.97,4.14,0.0
20050817:1811,61.25,7.4,15.83,4.21,0.0
20050817:1911,5.68,0.02,15.7,4.41,0.0
20050817:2011,0.0,0.0,15.5,4.41,0.0
20050817:2111,0.0,0.0,15.38,4.48,0.0
20050817:2211,0.0,0.0,15.39,4.76,0.0
20050817:2311,0.0,0.0,15.3,4.9,0.0
20050818:0011,0.0,0.0,15.24,4.62,0.0
20050818:0111,0.0,0.0,15.31,4.62,0.0
20050818:0211,0.0,0.0,15.34,4.69,0.0
20050818:0311,0.0,0.0,15.39,4.41,0.0
20050818:0411,0.0,0.0,15.43,4.34,0.0
20050818:0511,12.99,7.53,15.49,4.48,0.0
20050818:0611,36.53,15.33,15.54,4.76,0.0
20050818:0711,68.26,23.13,15.63,5.24,0.0
20050818:0811,85.1,30.51,15.75,5.66,0.0
20050818:0911,91.31,36.96,15.86,6.07,0.0
20050818:1011,92.19,41.84,15.83,6.48,0.0
20050818:1111,149.82,44.47,16.1,6.48,0.0
20050818:1211,765.27,44.39,16.29,6.69,0.0
20050818:1311,580.74,41.61,16.53,7.1,0.0
20050818:1411,363.04,36.63,16.77,7.17,0.0
20050818:1511,209.71,30.11,16.84,7.38,0.0
20050818:1611,550.23,22.69,16.97,7.31,0.0
20050818:1711,342.9,14.88,17.03,7.1,0.0
20050818:1811,117.65,7.1,17.07,6.97,0.0
20050818:1911,0.0,-0.28,17.02,7.1,0.0
20050818:2011,0.0,0.0,16.86,7.1,0.0
20050818:2111,0.0,0.0,16.72,6.97,0.0
20050818:2211,0.0,0.0,16.39,7.31,0.0
20050818:2311,0.0,0.0,16.32,6.76,0.0
20050819:0011,0.0,0.0,16.34,6.55,0.0
20050819:0111,0.0,0.0,16.43,6.48,0.0
20050819:0211,0.0,0.0,16.5,6.48,0.0
20050819:0311,0.0,0.0,16.43,6.62,0.0
20050819:0411,0.0,0.0,16.33,6.97,0.0
20050819:0511,21.1,7.29,16.23,7.45,0.0
20050819:0611,70.62,15.09,16.35,7.66,0.0
20050819:0711,187.77,22.89,16.66,8.21,0.0
20050819:0811,393.9,30.26,17.24,8.28,0.0
20050819:0911,540.97,36.69,17.81,8.21,0.0
20050819:1011,732.44,41.54,18.41,8.21,0.0
20050819:1111,600.66,44.16,18.64,8.28,0.0
20050819:1211,864.37,44.07,18.82,8.21,0.0
20050819:1311,860.49,41.29,19.03,8.21,0.0
20050819:1411,539.15,36.31,19.23,8.28,0.0
20050819:1511,516.93,29.8,19.41,8.34,0.0
20050819:1611,423.8,22.39,19.49,8.34,0.0
20050819:1711,349.79,14.58,19.41,8.28,0.0
20050819:1811,64.27,6.79,19.09,8.28,0.0
20050819:1911,0.0,-0.59,18.69,8.69,0.0
20050819:2011,0.0,0.0,18.21,9.03,0.0
20050819:2111,0.0,0.0,17.88,9.1,0.0
20050819:2211,0.0,0.0,17.73,9.66,0.0
20050819:2311,0.0,0.0,17.52,9.17,0.0
20050820:0011,0.0,0.0,17.3,8.9,0.0
20050820:0111,0.0,0.0,17.09,8.69,0.0
20050820:0211,0.0,0.0,16.89,8.34,0.0
20050820:0311,0.0,0.0,16.77,8.21,0.0
20050820:0411,0.0,0.0,16.64,8.28,0.0
20050820:0511,11.36,7.04,16.61,8.07,0.0
20050820:0611,70.62,14.84,16.86,7.86,0.0
20050820:0711,71.8,22.64,17.43,7.66,0.0
20050820:0811,84.22,30.0,18.1,7.17,0.0
20050820:0911,85.99,36.41,18.63,6.41,0.0
20050820:1011,109.92,41.24,18.9,4.07,0.0
20050820:1111,111.7,43.84,18.63,2.28,0.0
20050820:1211,57.62,43.73,18.19,2.0,0.0
20050820:1311,113.47,40.96,17.87,2.97,0.0
20050820:1411,192.55,35.99,17.94,3.93,0.0
20050820:1511,343.24,29.49,17.85,4.21,0.0
20050820:1611,470.96,22.08,17.89,4.48,0.0
20050820:1711,145.88,14.27,17.91,4.07,0.0
20050820:1811,57.81,6.48,17.8,4.41,0.0
20050820:1911,0.0,-0.91,17.75,4.55,0.0
20050820:2011,0.0,0.0,17.6,4.28,0.0
20050820:2111,0.0,0.0,17.36,3.66,0.0
20050820:2211,0.0,0.0,16.99,3.31,0.0
20050820:2311,0.0,0.0,16.59,3.45,0.0
20050821:0011,0.0,0.0,16.34,3.17,0.0
20050821:0111,0.0,0.0,16.24,2.62,0.0
20050821:0211,0.0,0.0,16.06,2.28,0.0
20050821:0311,0.0,0.0,15.85,2.55,0.0
20050821:0411,0.0,0.0,15.7,2.76,0.0
20050821:0511,3.25,6.79,15.57,2.69,0.0
20050821:0611,47.89,14.6,15.99,2.55,0.0
20050821:0711,173.04,22.39,16.58,2.62,0.0
20050821:0811,369.93,29.74,16.97,2.34,0.0
20050821:0911,576.85,36.13,17.42,2.48,0.0
20050821:1011,724.55,40.94,17.6,1.31,0.0
20050821:1111,830.87,43.51,17.68,1.52,0.0
20050821:1211,916.47,43.4,17.64,2.76,0.0
20050821:1311,895.18,40.62,17.45,3.1,0.0
20050821:1411,833.04,35.66,17.32,2.55,0.0
20050821:1511,691.26,29.17,17.3,2.41,0.0
20050821:1611,484.29,21.76,17.13,2.41,0.0
20050821:1711,168.86,13.96,16.94,2.07,0.0
20050821:1811,58.17,6.17,16.64,1.52,0.0
20050821:1911,0.0,0.0,16.33,1.24,0.0
20050821:2011,0.0,0.0,16.08,1.31,0.0
20050821:2111,0.0,0.0,15.91,1.03,0.0
20050821:2211,0.0,0.0,15.73,2.21,0.0
20050821:2311,0.0,0.0,15.52,2.76,0.0
20050822:0011,0.0,0.0,15.4,3.03,0.0
20050822:0111,0.0,0.0,15.31,3.38,0.0
20050822:0211,0.0,0.0,15.24,3.93,0.0
20050822:0311,0.0,0.0,15.17,3.93,0.0
20050822:0411,0.0,0.0,15.1,4.07,0.0
20050822:0511,6.49,6.54,15.07,3.86,0.0
20050822:0611,31.66,14.35,15.19,4.34,0.0
20050822:0711,76.24,22.14,15.27,4.55,0.0
20050822:0811,107.26,29.47,15.38,4.28,0.0
20050822:0911,117.9,35.85,15.45,4.55,0.0
20050822:1011,88.65,40.63,15.61,4.9,0.0
20050822:1111,126.77,43.19,15.83,4.34,0.0
20050822:1211,172.86,43.06,15.98,4.07,0.0
20050822:1311,156.02,40.29,15.88,4.07,0.0
20050822:1411,107.26,35.33,15.83,4.07,0.0
20050822:1511,117.9,28.84,15.79,4.0,0.0
20050822:1611,133.8,21.45,15.66,3.79,0.0
20050822:1711,47.87,13.64,15.58,3.17,0.0
20050822:1811,21.28,5.85,15.53,2.28,0.0
20050822:1911,0.0,0.0,15.44,1.59,0.0
20050822:2011,0.0,0.0,15.33,1.79,0.0
20050822:2111,0.0,0.0,15.27,1.66,0.0
20050822:2211,0.0,0.0,15.3,1.59,0.0
20050822:2311,0.0,0.0,15.24,2.07,0.0
20050823:0011,0.0,0.0,15.16,2.69,0.0
20050823:0111,0.0,0.0,15.1,3.31,0.0
20050823:0211,0.0,0.0,14.96,3.52,0.0
20050823:0311,0.0,0.0,14.95,3.66,0.0
20050823:0411,0.0,0.0,14.93,3.93,0.0
20050823:0511,14.61,6.29,14.81,4.21,0.0
20050823:0611,64.94,14.1,14.66,4.62,0.0
20050823:0711,95.09,21.88,14.57,4.9,0.0
20050823:0811,234.3,29.21,14.59,5.17,0.0
20050823:0911,188.99,35.56,14.48,6.07,0.0
20050823:1011,333.53,40.33,14.18,6.55,0.0
20050823:1111,240.0,42.86,13.89,6.62,0.0
20050823:1211,424.79,42.72,13.83,6.14,0.0
20050823:1311,607.8,39.94,13.82,5.31,0.0
20050823:1411,931.74,34.99,13.99,5.45,0.0
20050823:1511,772.01,28.52,13.96,5.52,0.0
20050823:1611,609.04,21.13,13.92,4.9,0.0
20050823:1711,349.0,13.32,13.88,4.21,0.0
20050823:1811,111.11,5.53,13.92,4.41,0.0
20050823:1911,0.0,0.0,13.92,4.28,0.0
20050823:2011,0.0,0.0,14.07,4.0,0.0
20050823:2111,0.0,0.0,14.27,3.86,0.0
20050823:2211,0.0,0.0,14.21,4.83,0.0
20050823:2311,0.0,0.0,14.32,5.79,0.0
20050824:0011,0.0,0.0,14.48,6.21,0.0
20050824:0111,0.0,0.0,14.66,6.55,0.0
20050824:0211,0.0,0.0,14.76,7.1,0.0
20050824:0311,0.0,0.0,14.78,7.45,0.0
20050824:0411,0.0,0.0,14.98,8.21,0.0
20050824:0511,7.31,6.04,15.23,8.83,0.0
20050824:0611,38.96,13.85,15.35,9.59,0.0
20050824:0711,43.44,21.63,15.47,10.41,0.0
20050824:0811,47.87,28.94,15.61,10.97,0.0
20050824:0911,62.05,35.28,15.62,11.86,0.0
20050824:1011,79.78,40.01,15.37,12.21,0.0
20050824:1111,116.13,42.52,15.43,12.07,0.0
20050824:1211,108.15,42.38,15.66,11.24,0.0
20050824:1311,91.31,39.6,15.62,11.52,0.0
20050824:1411,83.33,34.65,15.58,11.52,0.0
20050824:1511,61.17,28.19,15.48,11.59,0.0
20050824:1611,36.35,20.8,15.27,11.38,0.0
20050824:1711,32.8,13.0,14.98,10.55,0.0
20050824:1811,7.98,5.2,14.95,12.21,0.0
20050824:1911,0.0,0.0,15.04,13.52,0.0
20050824:2011,0.0,0.0,15.13,13.17,0.0
20050824:2111,0.0,0.0,14.77,10.76,0.0
20050824:2211,0.0,0.0,14.75,8.97,0.0
20050824:2311,0.0,0.0,14.53,6.14,0.0
20050825:0011,0.0,0.0,14.47,4.62,0.0
20050825:0111,0.0,0.0,14.53,3.72,0.0
20050825:0211,0.0,0.0,14.56,3.52,0.0
20050825:0311,0.0,0.0,14.44,3.52,0.0
20050825:0411,0.0,0.0,14.16,3.24,0.0
20050825:0511,15.42,5.78,13.96,3.52,0.0
20050825:0611,61.69,13.6,14.18,3.79,0.0
20050825:0711,183.6,21.37,14.39,4.55,0.0
20050825:0811,340.0,28.67,14.47,5.24,0.0
20050825:0911,274.17,34.99,14.47,5.1,0.0
20050825:1011,189.99,39.7,14.52,5.31,0.0
20050825:1111,353.97,42.19,14.35,4.76,0.0
20050825:1211,642.49,42.03,14.3,4.21,0.0
20050825:1311,930.77,39.25,14.24,4.07,0.0
20050825:1411,825.84,34.31,14.37,4.07,0.0
20050825:1511,179.61,27.85,14.21,4.07,0.0
20050825:1611,454.33,20.47,14.19,3.79,0.0
20050825:1711,248.47,12.67,14.11,3.59,0.0
20050825:1811,18.62,4.87,14.04,3.66,0.0
20050825:1911,0.0,0.0,13.87,3.93,0.0
20050825:2011,0.0,0.0,13.81,4.21,0.0
20050825:2111,0.0,0.0,13.68,4.62,0.0
20050825:2211,0.0,0.0,13.46,5.03,0.0
20050825:2311,0.0,0.0,13.22,5.24,0.0
20050826:0011,0.0,0.0,13.03,4.9,0.0
20050826:0111,0.0,0.0,12.83,4.9,0.0
20050826:0211,0.0,0.0,12.71,5.31,0.0
20050826:0311,0.0,0.0,12.43,5.31,0.0
20050826:0411,0.0,0.0,12.43,4.9,0.0
20050826:0511,12.18,5.52,12.42,4.0,0.0
20050826:0611,63.31,13.35,12.53,3.45,0.0
20050826:0711,79.78,21.11,12.75,2.9,0.0
20050826:0811,346.38,28.4,12.85,2.21,0.0
20050826:0911,585.55,34.69,13.05,2.34,0.0
20050826:1011,663.17,39.38,13.54,4.69,0.0
20050826:1111,622.14,41.85,13.04,6.41,0.0
20050826:1211,146.27,41.68,12.64,6.41,0.0
20050826:1311,663.62,38.9,12.33,5.86,0.0
20050826:1411,868.81,33.97,11.76,5.52,0.0
20050826:1511,619.92,27.51,12.11,6.21,0.0
20050826:1611,107.54,20.14,11.86,6.55,0.0
20050826:1711,161.54,12.34,11.25,6.62,0.0
20050826:1811,52.06,4.54,11.18,7.03,0.0
20050826:1911,0.0,0.0,11.15,7.59,0.0
20050826:2011,0.0,0.0,11.24,7.52,0.0
20050826:2111,0.0,0.0,11.77,7.66,0.0
20050826:2211,0.0,0.0,12.68,7.72,0.0
20050826:2311,0.0,0.0,12.54,6.97,0.0
20050827:0011,0.0,0.0,12.75,6.41,0.0
20050827:0111,0.0,0.0,12.88,6.62,0.0
20050827:0211,0.0,0.0,12.57,6.69,0.0
20050827:0311,0.0,0.0,12.58,5.93,0.0
20050827:0411,0.0,0.0,12.45,5.1,0.0
20050827:0511,12.99,5.27,12.06,4.14,0.0
20050827:0611,60.88,13.09,11.94,3.03,0.0
20050827:0711,148.03,20.85,11.74,2.62,0.0
20050827:0811,353.14,28.13,11.5,2.34,0.0
20050827:0911,410.33,34.4,11.63,1.93,0.0
20050827:1011,650.37,39.07,11.96,1.1,0.0
20050827:1111,788.9,41.51,12.42,1.31,0.0
20050827:1211,720.39,41.32,12.6,2.14,0.0
20050827:1311,868.95,38.54,12.66,2.34,0.0
20050827:1411,860.89,33.62,12.87,2.21,0.0
20050827:1511,369.99,27.17,13.08,2.41,0.0
20050827:1611,218.43,19.8,13.14,2.48,0.0
20050827:1711,120.35,12.01,13.22,2.62,0.0
20050827:1811,23.05,4.21,12.98,2.69,0.0
20050827:1911,0.0,0.0,12.72,2.62,0.0
20050827:2011,0.0,0.0,12.54,2.76,0.0
20050827:2111,0.0,0.0,12.53,2.69,0.0
20050827:2211,0.0,0.0,13.2,3.59,0.0
20050827:2311,0.0,0.0,12.86,5.45,0.0
20050828:0011,0.0,0.0,12.88,5.86,0.0
20050828:0111,0.0,0.0,13.15,5.52,0.0
20050828:0211,0.0,0.0,13.25,5.66,0.0
20050828:0311,0.0,0.0,12.92,6.48,0.0
20050828:0411,0.0,0.0,12.92,6.21,0.0
20050828:0511,2.44,5.01,13.43,5.45,0.0
20050828:0611,57.63,12.83,14.02,4.9,0.0
20050828:0711,60.28,20.59,14.33,4.76,0.0
20050828:0811,94.85,27.85,14.5,4.69,0.0
20050828:0911,255.21,34.1,14.63,5.38,0.0
20050828:1011,174.36,38.74,14.47,6.48,0.0
20050828:1111,308.23,41.16,14.49,6.07,0.0
20050828:1211,166.66,40.97,14.51,5.72,0.0
20050828:1311,123.22,38.18,14.36,5.66,0.0
20050828:1411,95.74,33.27,14.43,5.72,0.0
20050828:1511,52.3,26.83,14.6,7.17,0.0
20050828:1611,70.92,19.47,14.93,8.83,0.0
20050828:1711,35.46,11.67,14.77,9.86,0.0
20050828:1811,45.4,3.87,15.25,9.1,0.0
20050828:1911,0.0,0.0,15.48,8.41,0.0
20050828:2011,0.0,0.0,15.64,8.62,0.0
20050828:2111,0.0,0.0,15.85,8.62,0.0
20050828:2211,0.0,0.0,15.9,9.1,0.0
20050828:2311,0.0,0.0,15.91,8.69,0.0
20050829:0011,0.0,0.0,15.89,8.55,0.0
20050829:0111,0.0,0.0,15.88,9.03,0.0
20050829:0211,0.0,0.0,16.06,9.17,0.0
20050829:0311,0.0,0.0,16.11,8.69,0.0
20050829:0411,0.0,0.0,15.96,9.17,0.0
20050829:0511,9.74,4.75,15.9,10.28,0.0
20050829:0611,36.53,12.57,16.0,10.9,0.0
20050829:0711,50.53,20.33,16.06,11.59,0.0
20050829:0811,95.74,27.57,15.9,10.9,0.0
20050829:0911,171.1,33.8,15.74,8.62,0.0
20050829:1011,203.55,38.42,15.8,6.9,0.0
20050829:1111,197.45,40.82,15.83,7.72,0.0
20050829:1211,124.99,40.61,15.58,8.62,0.0
20050829:1311,807.37,37.82,15.48,8.83,0.0
20050829:1411,709.75,32.91,15.39,9.31,0.0
20050829:1511,647.16,26.48,15.3,9.45,0.0
20050829:1611,195.49,19.12,15.17,9.52,0.0
20050829:1711,238.4,11.33,15.03,9.86,0.0
20050829:1811,45.46,3.53,14.78,11.1,0.0
20050829:1911,0.0,0.0,14.68,11.45,0.0
20050829:2011,0.0,0.0,14.63,10.97,0.0
20050829:2111,0.0,0.0,14.29,10.07,0.0
20050829:2211,0.0,0.0,14.3,10.0,0.0
20050829:2311,0.0,0.0,14.14,9.52,0.0
20050830:0011,0.0,0.0,14.06,9.59,0.0
20050830:0111,0.0,0.0,13.98,9.72,0.0
20050830:0211,0.0,0.0,13.94,9.38,0.0
20050830:0311,0.0,0.0,13.94,8.76,0.0
20050830:0411,0.0,0.0,13.94,8.0,0.0
20050830:0511,8.93,4.48,13.92,7.24,0.0
20050830:0611,55.2,12.31,14.04,6.76,0.0
20050830:0711,162.63,20.06,14.38,6.9,0.0
20050830:0811,368.96,27.29,14.71,6.34,0.0
20050830:0911,585.03,33.5,14.89,5.79,0.0
20050830:1011,757.37,38.09,15.05,4.76,0.0
20050830:1111,857.31,40.47,15.15,3.59,0.0
20050830:1211,967.02,40.24,15.27,2.9,0.0
20050830:1311,996.93,37.46,15.34,2.34,0.0
20050830:1411,906.05,32.55,15.33,2.14,0.0
20050830:1511,723.36,26.13,15.25,2.34,0.0
20050830:1611,522.46,18.78,15.06,2.76,0.0
20050830:1711,221.5,10.99,14.79,3.03,0.0
20050830:1811,57.96,3.18,14.49,3.03,0.0
20050830:1911,0.0,0.0,14.24,2.83,0.0
20050830:2011,0.0,0.0,14.16,2.41,0.0
20050830:2111,0.0,0.0,14.05,2.07,0.0
20050830:2211,0.0,0.0,13.97,1.66,0.0
20050830:2311,0.0,0.0,13.81,1.72,0.0
20050831:0011,0.0,0.0,13.69,2.21,0.0
20050831:0111,0.0,0.0,13.52,2.83,0.0
20050831:0211,0.0,0.0,13.1,3.45,0.0
20050831:0311,0.0,0.0,12.88,3.86,0.0
20050831:0411,0.0,0.0,12.88,4.28,0.0
20050831:0511,6.49,4.22,12.61,4.76,0.0
20050831:0611,49.51,12.05,12.81,5.03,0.0
20050831:0711,176.93,19.79,13.34,5.45,0.0
20050831:0811,390.0,27.01,14.07,6.07,0.0
20050831:0911,566.76,33.2,14.53,6.76,0.0
20050831:1011,750.22,37.77,14.97,6.76,0.0
20050831:1111,775.72,40.12,15.2,7.45,0.0
20050831:1211,860.23,39.88,15.33,7.93,0.0
20050831:1311,662.64,37.09,15.6,8.41,0.0
20050831:1411,479.04,32.19,15.81,9.17,0.0
20050831:1511,123.22,25.78,16.01,9.17,0.0
20050831:1611,289.78,18.43,16.15,9.1,0.0
20050831:1711,155.2,10.64,16.24,9.45,0.0
20050831:1811,43.56,2.83,16.14,9.79,0.0
20050831:1911,0.0,0.0,15.98,10.34,0.0
20050831:2011,0.0,0.0,15.9,10.83,0.0
20050831:2111,0.0,0.0,15.92,11.03,0.0
20050831:2211,0.0,0.0,15.75,11.31,0.0
20050831:2311,0.0,0.0,15.53,11.59,0.0
20050901:0011,0.0,0.0,15.36,11.31,0.0
20050901:0111,0.0,0.0,15.2,11.1,0.0
20050901:0211,0.0,0.0,15.07,11.38,0.0
20050901:0311,0.0,0.0,14.94,11.72,0.0
20050901:0411,0.0,0.0,14.82,11.38,0.0
20050901:0511,4.06,3.96,14.7,11.86,0.0
20050901:0611,19.48,11.79,14.75,12.0,0.0
20050901:0711,160.57,19.53,14.95,11.79,0.0
20050901:0811,330.47,26.73,15.51,13.03,0.0
20050901:0911,524.53,32.89,16.16,12.69,0.0
20050901:1011,687.34,37.43,17.08,10.9,0.0
20050901:1111,780.8,39.76,17.5,10.83,0.0
20050901:1211,360.05,39.51,17.75,10.83,0.0
20050901:1311,399.54,36.72,18.0,10.83,0.0
20050901:1411,259.26,31.83,18.31,11.79,0.0
20050901:1511,365.11,25.42,18.22,11.52,0.0
20050901:1611,99.76,18.08,18.22,11.17,0.0
20050901:1711,23.93,10.29,17.83,10.69,0.0
20050901:1811,16.84,2.48,17.47,11.03,0.0
20050901:1911,0.0,0.0,17.05,10.76,0.0
20050901:2011,0.0,0.0,16.86,10.14,0.0
20050901:2111,0.0,0.0,16.72,9.72,0.0
20050901:2211,0.0,0.0,16.67,9.17,0.0
20050901:2311,0.0,0.0,16.27,7.17,0.0
20050902:0011,0.0,0.0,16.04,4.62,0.0
20050902:0111,0.0,0.0,15.85,3.17,0.0
20050902:0211,0.0,0.0,15.61,4.48,0.0
20050902:0311,0.0,0.0,15.31,5.52,0.0
20050902:0411,0.0,0.0,14.93,6.21,0.0
20050902:0511,0.81,3.69,14.56,6.48,0.0
20050902:0611,12.99,11.53,14.28,6.62,0.0
20050902:0711,76.88,19.25,14.15,6.62,0.0
20050902:0811,89.53,26.44,14.06,7.1,0.0
20050902:0911,183.48,32.59,14.05,7.45,0.0
20050902:1011,304.32,37.1,13.9,7.38,0.0
20050902:1111,375.98,39.41,14.02,7.52,0.0
20050902:1211,328.58,39.14,14.09,7.52,0.0
20050902:1311,543.13,36.35,14.09,7.79,0.0
20050902:1411,846.36,31.46,14.06,8.0,0.0
20050902:1511,742.21,25.06,13.91,8.14,0.0
20050902:1611,565.95,17.72,13.87,8.21,0.0
20050902:1711,333.09,9.94,13.77,8.34,0.0
20050902:1811,22.16,2.13,13.73,8.21,0.0
20050902:1911,0.0,0.0,13.72,7.79,0.0
20050902:2011,0.0,0.0,13.66,7.03,0.0
20050902:2111,0.0,0.0,13.57,6.83,0.0
20050902:2211,0.0,0.0,13.65,6.55,0.0
20050902:2311,0.0,0.0,13.62,6.28,0.0
20050903:0011,0.0,0.0,13.57,6.0,0.0
20050903:0111,0.0,0.0,13.47,5.72,0.0
20050903:0211,0.0,0.0,13.41,5.52,0.0
20050903:0311,0.0,0.0,13.33,5.45,0.0
20050903:0411,0.0,0.0,13.26,4.97,0.0
20050903:0511,0.0,0.0,13.13,4.34,0.0
20050903:0611,38.96,11.26,13.19,3.93,0.0
20050903:0711,175.3,18.98,13.55,3.72,0.0
20050903:0811,392.88,26.16,13.99,3.52,0.0
20050903:0911,608.39,32.28,14.42,3.66,0.0
20050903:1011,807.06,36.77,14.81,3.38,0.0
20050903:1111,916.33,39.05,15.07,3.59,0.0
20050903:1211,977.78,38.77,15.33,3.72,0.0
20050903:1311,999.26,35.98,15.51,4.07,0.0
20050903:1411,904.62,31.09,15.64,3.86,0.0
20050903:1511,725.2,24.7,15.69,3.45,0.0
20050903:1611,530.09,17.37,15.56,3.31,0.0
20050903:1711,293.6,9.59,15.32,3.17,0.0
20050903:1811,19.5,1.77,15.05,0.0,0.0
20050903:1911,0.0,0.0,14.92,0.0,0.0
20050903:2011,0.0,0.0,14.86,1.79,0.0
20050903:2111,0.0,0.0,14.77,1.03,0.0
20050903:2211,0.0,0.0,14.7,0.9,0.0
20050903:2311,0.0,0.0,14.65,1.24,0.0
20050904:0011,0.0,0.0,14.57,1.93,0.0
20050904:0111,0.0,0.0,14.54,2.55,0.0
20050904:0211,0.0,0.0,14.52,3.17,0.0
20050904:0311,0.0,0.0,14.46,3.66,0.0
20050904:0411,0.0,0.0,14.36,4.07,0.0
20050904:0511,0.0,0.0,14.23,4.34,0.0
20050904:0611,47.08,11.0,14.3,4.55,0.0
20050904:0711,172.39,18.71,14.58,4.83,0.0
20050904:0811,374.44,25.87,14.94,5.1,0.0
20050904:0911,431.82,31.97,15.18,5.17,0.0
20050904:1011,750.18,36.43,15.43,4.69,0.0
20050904:1111,898.7,38.69,15.63,4.55,0.0
20050904:1211,719.62,38.4,15.76,4.48,0.0
20050904:1311,765.33,35.6,15.87,4.28,0.0
20050904:1411,732.44,30.72,15.89,3.93,0.0
20050904:1511,504.75,24.33,15.85,3.52,0.0
20050904:1611,284.41,17.01,15.73,3.17,0.0
20050904:1711,159.39,9.23,15.6,2.9,0.0
20050904:1811,13.3,1.41,15.38,2.76,0.0
20050904:1911,0.0,0.0,15.24,2.62,0.0
20050904:2011,0.0,0.0,15.13,2.55,0.0
20050904:2111,0.0,0.0,15.05,2.41,0.0
20050904:2211,0.0,0.0,14.65,2.76,0.0
20050904:2311,0.0,0.0,14.32,2.9,0.0
20050905:0011,0.0,0.0,14.0,2.55,0.0
20050905:0111,0.0,0.0,13.73,2.34,0.0
20050905:0211,0.0,0.0,13.46,2.34,0.0
20050905:0311,0.0,0.0,13.23,2.34,0.0
20050905:0411,0.0,0.0,13.04,2.69,0.0
20050905:0511,0.0,0.0,12.81,2.83,0.0
20050905:0611,34.9,10.73,12.78,3.1,0.0
20050905:0711,173.12,18.43,13.27,3.17,0.0
20050905:0811,289.85,25.58,14.19,3.38,0.0
20050905:0911,543.12,31.65,14.72,3.72,0.0
20050905:1011,769.08,36.09,15.26,3.93,0.0
20050905:1111,944.83,38.33,15.59,3.79,0.0
20050905:1211,951.21,38.02,15.82,3.72,0.0
20050905:1311,967.96,35.22,16.14,3.79,0.0
20050905:1411,754.49,30.34,16.33,3.79,0.0
20050905:1511,643.97,23.96,16.39,3.79,0.0
20050905:1611,372.27,16.65,16.34,4.0,0.0
20050905:1711,107.44,8.87,16.2,4.28,0.0
20050905:1811,7.09,1.05,16.0,4.41,0.0
20050905:1911,0.0,0.0,15.85,4.62,0.0
20050905:2011,0.0,0.0,15.7,4.9,0.0
20050905:2111,0.0,0.0,15.64,4.97,0.0
20050905:2211,0.0,0.0,15.64,5.45,0.0
20050905:2311,0.0,0.0,15.67,5.31,0.0
20050906:0011,0.0,0.0,15.54,4.83,0.0
20050906:0111,0.0,0.0,15.43,4.69,0.0
20050906:0211,0.0,0.0,15.34,4.76,0.0
20050906:0311,0.0,0.0,15.29,4.76,0.0
20050906:0411,0.0,0.0,15.24,4.83,0.0
20050906:0511,0.0,0.0,15.21,4.83,0.0
20050906:0611,43.02,10.46,15.41,4.97,0.0
20050906:0711,159.42,18.16,15.98,5.17,0.0
20050906:0811,349.56,25.29,16.54,5.59,0.0
20050906:0911,536.66,31.34,16.98,5.59,0.0
20050906:1011,761.22,35.75,17.26,5.31,0.0
20050906:1111,879.09,37.96,17.51,5.52,0.0
20050906:1211,935.49,37.64,17.68,5.79,0.0
20050906:1311,936.2,34.84,17.65,5.93,0.0
20050906:1411,840.05,29.97,17.49,5.93,0.0
20050906:1511,675.68,23.59,17.25,5.93,0.0
20050906:1611,450.9,16.28,17.02,5.86,0.0
20050906:1711,257.31,8.51,16.78,5.66,0.0
20050906:1811,13.3,0.69,16.49,5.59,0.0
20050906:1911,0.0,0.0,16.24,5.66,0.0
20050906:2011,0.0,0.0,16.15,5.79,0.0
20050906:2111,0.0,0.0,16.17,6.07,0.0
20050906:2211,0.0,0.0,16.31,6.14,0.0
20050906:2311,0.0,0.0,16.18,5.79,0.0
20050907:0011,0.0,0.0,16.03,4.9,0.0
20050907:0111,0.0,0.0,15.91,3.66,0.0
20050907:0211,0.0,0.0,15.82,2.97,0.0
20050907:0311,0.0,0.0,15.62,2.55,0.0
20050907:0411,0.0,0.0,15.38,2.83,0.0
20050907:0511,0.0,0.0,15.18,3.66,0.0
20050907:0611,11.36,10.19,15.1,4.34,0.0
20050907:0711,28.37,17.88,15.06,5.38,0.0
20050907:0811,39.01,24.99,15.11,6.9,0.0
20050907:0911,70.03,31.02,15.48,7.45,0.0
20050907:1011,90.42,35.41,15.93,6.83,0.0
20050907:1111,245.35,37.6,16.13,6.83,0.0
20050907:1211,70.03,37.26,16.22,6.76,0.0
20050907:1311,80.67,34.46,16.24,7.24,0.0
20050907:1411,66.49,29.59,15.95,7.66,0.0
20050907:1511,68.26,23.22,15.92,7.79,0.0
20050907:1611,112.02,15.92,15.58,6.62,0.0
20050907:1711,152.58,8.14,15.51,6.0,0.0
20050907:1811,1.77,0.32,15.36,5.52,0.0
20050907:1911,0.0,0.0,15.18,5.31,0.0
20050907:2011,0.0,0.0,15.12,5.1,0.0
20050907:2111,0.0,0.0,15.09,4.9,0.0
20050907:2211,0.0,0.0,15.12,5.59,0.0
20050907:2311,0.0,0.0,15.19,4.62,0.0
20050908:0011,0.0,0.0,15.38,4.9,0.0
20050908:0111,0.0,0.0,15.47,5.52,0.0
20050908:0211,0.0,0.0,15.66,6.62,0.0
20050908:0311,0.0,0.0,15.69,6.97,0.0
20050908:0411,0.0,0.0,15.97,6.76,0.0
20050908:0511,0.0,0.0,16.03,7.31,0.0
20050908:0611,9.74,9.92,16.22,8.97,0.0
20050908:0711,41.66,17.6,16.13,10.0,0.0
20050908:0811,46.98,24.7,16.39,9.93,0.0
20050908:0911,64.71,30.7,16.48,9.38,0.0
20050908:1011,64.71,35.06,16.09,8.28,0.0
20050908:1111,95.74,37.23,15.6,8.76,0.0
20050908:1211,322.83,36.88,14.95,9.31,0.0
20050908:1311,197.36,34.07,14.35,8.83,0.0
20050908:1411,637.1,29.21,13.87,8.48,0.0
20050908:1511,466.14,22.85,13.57,8.14,0.0
20050908:1611,380.25,15.55,13.34,8.07,0.0
20050908:1711,222.15,7.78,13.13,8.07,0.0
20050908:1811,0.0,-0.04,12.95,7.93,0.0
20050908:1911,0.0,0.0,12.75,8.0,0.0
20050908:2011,0.0,0.0,12.69,8.0,0.0
20050908:2111,0.0,0.0,12.51,7.86,0.0
20050908:2211,0.0,0.0,12.64,7.24,0.0
20050908:2311,0.0,0.0,12.54,6.97,0.0
20050909:0011,0.0,0.0,12.39,7.1,0.0
20050909:0111,0.0,0.0,12.19,7.1,0.0
20050909:0211,0.0,0.0,12.01,7.24,0.0
20050909:0311,0.0,0.0,11.74,7.03,0.0
20050909:0411,0.0,0.0,11.5,6.55,0.0
20050909:0511,0.0,0.0,11.37,6.21,0.0
20050909:0611,28.41,9.64,11.39,6.07,0.0
20050909:0711,149.25,17.32,11.65,6.28,0.0
20050909:0811,332.28,24.4,11.86,6.34,0.0
20050909:0911,468.24,30.38,12.19,6.48,0.0
20050909:1011,112.58,34.71,12.68,6.34,0.0
20050909:1111,193.38,36.86,12.83,6.0,0.0
20050909:1211,156.02,36.49,13.0,5.72,0.0
20050909:1311,151.59,33.68,13.29,5.86,0.0
20050909:1411,327.57,28.82,13.51,6.55,0.0
20050909:1511,245.99,22.47,13.59,7.1,0.0
20050909:1611,93.89,15.18,13.51,7.45,0.0
20050909:1711,91.96,7.41,13.3,7.38,0.0
20050909:1811,0.0,-0.41,13.01,7.1,0.0
20050909:1911,0.0,0.0,12.72,6.62,0.0
20050909:2011,0.0,0.0,12.52,6.0,0.0
20050909:2111,0.0,0.0,12.37,5.38,0.0
20050909:2211,0.0,0.0,12.76,4.28,0.0
20050909:2311,0.0,0.0,12.74,3.17,0.0
20050910:0011,0.0,0.0,12.77,2.48,0.0
20050910:0111,0.0,0.0,12.79,2.07,0.0
20050910:0211,0.0,0.0,12.95,2.0,0.0
20050910:0311,0.0,0.0,13.12,2.0,0.0
20050910:0411,0.0,0.0,13.13,2.34,0.0
20050910:0511,0.0,0.0,13.01,2.76,0.0
20050910:0611,34.9,9.37,13.04,2.83,0.0
20050910:0711,162.21,17.04,13.54,2.9,0.0
20050910:0811,310.21,24.1,14.47,3.24,0.0
20050910:0911,582.24,30.06,15.15,4.0,0.0
20050910:1011,760.75,34.37,15.37,4.07,0.0
20050910:1111,883.63,36.49,15.74,4.0,0.0
20050910:1211,991.18,36.11,15.97,3.38,0.0
20050910:1311,989.91,33.3,16.05,2.62,0.0
20050910:1411,927.81,28.44,16.15,2.0,0.0
20050910:1511,742.58,22.1,16.04,1.38,0.0
20050910:1611,540.48,14.81,15.76,0.55,0.0
20050910:1711,302.79,7.04,15.51,0.48,0.0
20050910:1811,0.0,-0.78,15.3,1.17,0.0
20050910:1911,0.0,0.0,15.12,1.79,0.0
20050910:2011,0.0,0.0,14.81,2.62,0.0
20050910:2111,0.0,0.0,14.49,3.31,0.0
20050910:2211,0.0,0.0,14.22,4.07,0.0
20050910:2311,0.0,0.0,13.96,4.69,0.0
20050911:0011,0.0,0.0,13.65,5.17,0.0
20050911:0111,0.0,0.0,13.49,5.59,0.0
20050911:0211,0.0,0.0,13.41,5.79,0.0
20050911:0311,0.0,0.0,13.33,6.07,0.0
20050911:0411,0.0,0.0,13.37,6.28,0.0
20050911:0511,0.0,0.0,13.48,6.48,0.0
20050911:0611,20.29,9.1,13.6,6.83,0.0
20050911:0711,89.3,16.76,13.95,6.9,0.0
20050911:0811,209.95,23.8,14.4,6.62,0.0
20050911:0911,375.72,29.74,14.96,6.41,0.0
20050911:1011,317.59,34.02,14.98,5.52,0.0
20050911:1111,292.42,36.11,15.19,5.31,0.0
20050911:1211,191.21,35.72,15.14,5.1,0.0
20050911:1311,170.85,32.9,15.06,4.83,0.0
20050911:1411,563.69,28.05,15.06,4.62,0.0
20050911:1511,145.94,21.72,14.97,4.14,0.0
20050911:1611,70.03,14.43,14.83,3.59,0.0
20050911:1711,28.37,6.67,14.64,2.48,0.0
20050911:1811,0.0,-1.16,14.38,2.69,0.0
20050911:1911,0.0,0.0,14.17,4.34,0.0
20050911:2011,0.0,0.0,13.91,5.45,0.0
20050911:2111,0.0,0.0,13.54,6.0,0.0
20050911:2211,0.0,0.0,13.21,5.93,0.0
20050911:2311,0.0,0.0,13.27,6.0,0.0
20050912:0011,0.0,0.0,13.13,7.45,0.0
20050912:0111,0.0,0.0,13.03,8.28,0.0
20050912:0211,0.0,0.0,13.19,7.93,0.0
20050912:0311,0.0,0.0,13.05,8.0,0.0
20050912:0411,0.0,0.0,12.87,8.48,0.0
20050912:0511,0.0,0.0,12.83,8.76,0.0
20050912:0611,30.03,8.82,12.67,8.76,0.0
20050912:0711,104.0,16.47,12.69,8.34,0.0
20050912:0811,358.28,23.5,12.81,8.0,0.0
20050912:0911,332.85,29.42,13.07,7.86,0.0
20050912:1011,592.42,33.67,13.09,7.86,0.0
20050912:1111,674.42,35.74,13.37,8.14,0.0
20050912:1211,376.13,35.33,13.42,8.48,0.0
20050912:1311,959.51,32.51,13.28,9.03,0.0
20050912:1411,880.33,27.67,13.06,9.24,0.0
20050912:1511,268.36,21.34,12.75,9.86,0.0
20050912:1611,177.65,14.06,12.49,9.66,0.0
20050912:1711,137.9,6.3,12.31,9.52,0.0
20050912:1811,0.0,0.0,12.14,9.52,0.0
20050912:1911,0.0,0.0,12.01,9.17,0.0
20050912:2011,0.0,0.0,11.82,8.55,0.0
20050912:2111,0.0,0.0,11.68,8.21,0.0
20050912:2211,0.0,0.0,11.71,7.59,0.0
20050912:2311,0.0,0.0,11.62,6.76,0.0
20050913:0011,0.0,0.0,11.55,6.28,0.0
20050913:0111,0.0,0.0,11.54,5.1,0.0
20050913:0211,0.0,0.0,11.59,3.24,0.0
20050913:0311,0.0,0.0,11.43,1.86,0.0
20050913:0411,0.0,0.0,11.52,0.76,0.0
20050913:0511,0.0,0.0,11.72,1.93,0.0
20050913:0611,9.74,8.54,11.96,3.66,0.0
20050913:0711,15.96,16.19,12.49,4.83,0.0
20050913:0811,64.71,23.2,13.3,5.66,0.0
20050913:0911,64.71,29.09,14.07,5.72,0.0
20050913:1011,97.51,33.31,14.49,7.31,0.0
20050913:1111,150.7,35.36,14.65,6.97,0.0
20050913:1211,109.92,34.94,14.73,6.62,0.0
20050913:1311,124.99,32.12,14.82,6.41,0.0
20050913:1411,75.35,27.28,14.95,6.76,0.0
20050913:1511,71.8,20.95,15.08,6.34,0.0
20050913:1611,23.05,13.68,15.13,6.55,0.0
20050913:1711,10.64,5.92,14.92,7.24,0.0
20050913:1811,0.0,0.0,14.68,8.48,0.0
20050913:1911,0.0,0.0,14.66,9.86,0.0
20050913:2011,0.0,0.0,14.71,10.97,0.0
20050913:2111,0.0,0.0,15.05,11.52,0.0
20050913:2211,0.0,0.0,15.33,11.45,0.0
20050913:2311,0.0,0.0,15.47,11.66,0.0
20050914:0011,0.0,0.0,15.53,11.38,0.0
20050914:0111,0.0,0.0,15.41,11.24,0.0
20050914:0211,0.0,0.0,15.11,12.34,0.0
20050914:0311,0.0,0.0,14.77,13.38,0.0
20050914:0411,0.0,0.0,15.08,13.93,0.0
20050914:0511,0.0,0.0,14.71,13.93,0.0
20050914:0611,25.97,8.26,13.73,12.9,0.0
20050914:0711,98.45,15.9,13.57,13.45,0.0
20050914:0811,177.8,22.9,13.61,14.14,0.0
20050914:0911,303.24,28.76,13.5,14.0,0.0
20050914:1011,336.76,32.96,13.39,12.69,0.0
20050914:1111,429.48,34.99,13.64,12.34,0.0
20050914:1211,201.11,34.55,13.52,12.28,0.0
20050914:1311,735.51,31.73,13.43,12.62,0.0
20050914:1411,154.13,26.89,13.39,13.03,0.0
20050914:1511,228.49,20.57,13.27,13.24,0.0
20050914:1611,180.85,13.3,13.2,13.24,0.0
20050914:1711,139.46,5.55,13.03,13.66,0.0
20050914:1811,0.0,0.0,12.99,13.24,0.0
20050914:1911,0.0,0.0,12.86,13.93,0.0
20050914:2011,0.0,0.0,12.73,13.66,0.0
20050914:2111,0.0,0.0,12.36,13.52,0.0
20050914:2211,0.0,0.0,12.42,13.38,0.0
20050914:2311,0.0,0.0,12.05,12.62,0.0
20050915:0011,0.0,0.0,11.72,12.28,0.0
20050915:0111,0.0,0.0,11.67,12.07,0.0
20050915:0211,0.0,0.0,11.53,11.52,0.0
20050915:0311,0.0,0.0,11.3,11.1,0.0
20050915:0411,0.0,0.0,11.11,10.48,0.0
20050915:0511,0.0,0.0,10.91,10.07,0.0
20050915:0611,29.22,7.99,10.54,9.31,0.0
20050915:0711,39.89,15.61,10.44,8.55,0.0
20050915:0811,317.29,22.59,10.43,8.28,0.0
20050915:0911,266.71,28.43,10.48,8.55,0.0
20050915:1011,754.25,32.6,10.83,8.69,0.0
20050915:1111,435.62,34.61,11.08,9.24,0.0
20050915:1211,662.72,34.16,11.33,9.03,0.0
20050915:1311,671.92,31.33,11.54,9.31,0.0
20050915:1411,819.08,26.5,11.62,9.79,0.0
20050915:1511,708.93,20.19,11.6,10.21,0.0
20050915:1611,493.82,12.92,11.51,10.41,0.0
20050915:1711,163.82,5.17,11.28,10.69,0.0
20050915:1811,0.0,0.0,10.88,10.9,0.0
20050915:1911,0.0,0.0,10.54,10.97,0.0
20050915:2011,0.0,0.0,10.27,10.83,0.0
20050915:2111,0.0,0.0,10.05,10.76,0.0
20050915:2211,0.0,0.0,9.88,10.34,0.0
20050915:2311,0.0,0.0,9.62,10.48,0.0
20050916:0011,0.0,0.0,9.44,10.55,0.0
20050916:0111,0.0,0.0,9.35,11.1,0.0
20050916:0211,0.0,0.0,9.27,11.59,0.0
20050916:0311,0.0,0.0,9.18,11.52,0.0
20050916:0411,0.0,0.0,9.07,11.03,0.0
20050916:0511,0.0,0.0,8.96,10.55,0.0
20050916:0611,24.35,7.71,8.98,10.21,0.0
20050916:0711,155.03,15.32,9.1,9.79,0.0
20050916:0811,368.88,22.28,9.39,9.59,0.0
20050916:0911,559.14,28.1,9.73,9.52,0.0
20050916:1011,778.3,32.25,10.0,8.34,0.0
20050916:1111,863.75,34.23,10.22,8.76,0.0
20050916:1211,822.54,33.77,10.4,9.52,0.0
20050916:1311,891.01,30.93,10.6,10.0,0.0
20050916:1411,629.34,26.11,10.61,10.28,0.0
20050916:1511,573.77,19.8,10.57,10.21,0.0
20050916:1611,472.11,12.54,10.49,10.07,0.0
20050916:1711,258.53,4.79,10.34,10.28,0.0
20050916:1811,0.0,0.0,10.17,10.34,0.0
20050916:1911,0.0,0.0,9.93,10.14,0.0
20050916:2011,0.0,0.0,9.7,9.93,0.0
20050916:2111,0.0,0.0,9.55,9.79,0.0
20050916:2211,0.0,0.0,9.67,9.79,0.0
20050916:2311,0.0,0.0,9.59,9.79,0.0
20050917:0011,0.0,0.0,9.49,9.45,0.0
20050917:0111,0.0,0.0,9.33,8.83,0.0
20050917:0211,0.0,0.0,9.29,8.83,0.0
20050917:0311,0.0,0.0,9.28,9.31,0.0
20050917:0411,0.0,0.0,9.23,8.69,0.0
20050917:0511,0.0,0.0,9.13,7.93,0.0
20050917:0611,23.54,7.42,9.09,7.03,0.0
20050917:0711,152.36,15.03,9.31,6.34,0.0
20050917:0811,354.89,21.98,9.75,6.34,0.0
20050917:0911,577.03,27.77,10.15,6.69,0.0
20050917:1011,711.09,31.89,10.44,6.55,0.0
20050917:1111,509.84,33.85,10.62,6.07,0.0
20050917:1211,366.26,33.37,11.01,5.79,0.0
20050917:1311,407.27,30.54,11.44,5.66,0.0
20050917:1411,227.41,25.71,11.57,5.52,0.0
20050917:1511,85.1,19.42,11.06,6.41,0.0
20050917:1611,58.51,12.16,11.04,7.17,0.0
20050917:1711,50.21,4.42,11.16,7.86,0.0
20050917:1811,0.0,0.0,11.37,8.69,0.0
20050917:1911,0.0,0.0,11.65,8.76,0.0
20050917:2011,0.0,0.0,11.92,8.28,0.0
20050917:2111,0.0,0.0,12.43,9.45,0.0
20050917:2211,0.0,0.0,12.63,9.52,0.0
20050917:2311,0.0,0.0,13.12,9.86,0.0
20050918:0011,0.0,0.0,13.35,8.97,0.0
20050918:0111,0.0,0.0,13.74,9.17,0.0
20050918:0211,0.0,0.0,13.72,9.86,0.0
20050918:0311,0.0,0.0,13.6,10.21,0.0
20050918:0411,0.0,0.0,13.42,11.31,0.0
20050918:0511,0.0,0.0,13.41,10.97,0.0
20050918:0611,22.73,7.14,13.2,10.21,0.0
20050918:0711,45.21,14.74,13.37,9.45,0.0
20050918:0811,63.83,21.67,13.35,9.52,0.0
20050918:0911,146.41,27.44,13.42,9.1,0.0
20050918:1011,125.88,31.53,13.55,7.86,0.0
20050918:1111,448.48,33.46,13.54,8.41,0.0
20050918:1211,469.35,32.98,13.54,8.9,0.0
20050918:1311,322.05,30.14,13.47,8.97,0.0
20050918:1411,402.49,25.32,13.57,8.34,0.0
20050918:1511,460.07,19.03,13.55,7.72,0.0
20050918:1611,178.01,11.78,13.55,6.41,0.0
20050918:1711,121.98,4.04,13.51,5.17,0.0
20050918:1811,0.0,0.0,13.41,4.34,0.0
20050918:1911,0.0,0.0,13.37,3.59,0.0
20050918:2011,0.0,0.0,13.42,3.38,0.0
20050918:2111,0.0,0.0,13.48,3.17,0.0
20050918:2211,0.0,0.0,13.52,4.55,0.0
20050918:2311,0.0,0.0,13.47,4.62,0.0
20050919:0011,0.0,0.0,13.47,5.79,0.0
20050919:0111,0.0,0.0,13.54,6.48,0.0
20050919:0211,0.0,0.0,13.66,6.41,0.0
20050919:0311,0.0,0.0,13.69,5.52,0.0
20050919:0411,0.0,0.0,13.68,4.9,0.0
20050919:0511,0.0,0.0,13.65,4.55,0.0
20050919:0611,17.05,6.86,13.69,4.83,0.0
20050919:0711,41.66,14.45,13.83,5.17,0.0
20050919:0811,77.12,21.36,13.87,5.86,0.0
20050919:0911,68.26,27.1,13.98,6.0,0.0
20050919:1011,177.72,31.17,14.09,6.28,0.0
20050919:1111,119.67,33.08,14.2,5.86,0.0
20050919:1211,62.94,32.58,14.29,5.86,0.0
20050919:1311,68.26,29.74,14.25,5.86,0.0
20050919:1411,62.05,24.93,14.31,6.07,0.0
20050919:1511,0.0,0.0,14.34,6.21,0.0
20050919:1611,223.44,11.4,14.37,6.14,0.0
20050919:1711,110.12,3.66,14.33,6.28,0.0
20050919:1811,0.0,0.0,14.26,6.55,0.0
20050919:1911,0.0,0.0,14.18,6.76,0.0
20050919:2011,0.0,0.0,14.07,6.83,0.0
20050919:2111,0.0,0.0,14.04,6.97,0.0
20050919:2211,0.0,0.0,13.9,7.45,0.0
20050919:2311,0.0,0.0,14.03,7.72,0.0
20050920:0011,0.0,0.0,14.15,7.59,0.0
20050920:0111,0.0,0.0,14.21,7.66,0.0
20050920:0211,0.0,0.0,14.28,7.59,0.0
20050920:0311,0.0,0.0,14.28,7.03,0.0
20050920:0411,0.0,0.0,14.27,7.1,0.0
20050920:0511,0.0,0.0,14.22,7.45,0.0
20050920:0611,17.05,6.58,14.21,7.79,0.0
20050920:0711,25.71,14.16,14.13,8.07,0.0
20050920:0811,67.37,21.05,14.01,8.28,0.0
20050920:0911,61.17,26.77,13.96,8.48,0.0
20050920:1011,78.9,30.81,14.09,7.38,0.0
20050920:1111,54.08,32.7,14.13,7.1,0.0
20050920:1211,700.53,32.19,14.01,7.24,0.0
20050920:1311,418.17,29.34,14.02,7.17,0.0
20050920:1411,462.27,24.53,13.74,7.66,0.0
20050920:1511,597.16,18.25,13.54,7.86,0.0
20050920:1611,418.51,11.02,13.58,7.86,0.0
20050920:1711,18.62,3.28,13.61,7.1,0.0
20050920:1811,0.0,0.0,13.53,6.69,0.0
20050920:1911,0.0,0.0,13.4,6.62,0.0
20050920:2011,0.0,0.0,13.26,6.55,0.0
20050920:2111,0.0,0.0,13.15,6.21,0.0
20050920:2211,0.0,0.0,13.03,6.21,0.0
20050920:2311,0.0,0.0,12.89,6.0,0.0
20050921:0011,0.0,0.0,12.76,5.59,0.0
20050921:0111,0.0,0.0,12.68,4.83,0.0
20050921:0211,0.0,0.0,12.67,4.14,0.0
20050921:0311,0.0,0.0,12.67,3.59,0.0
20050921:0411,0.0,0.0,12.69,3.45,0.0
20050921:0511,0.0,0.0,12.79,3.45,0.0
20050921:0611,18.67,6.29,12.93,3.24,0.0
20050921:0711,104.7,13.86,13.09,2.97,0.0
20050921:0811,157.72,20.73,13.26,3.24,0.0
20050921:0911,344.65,26.43,13.41,3.52,0.0
20050921:1011,541.43,30.45,13.59,3.93,0.0
20050921:1111,481.7,32.32,13.74,4.41,0.0
20050921:1211,403.17,31.79,13.85,4.76,0.0
20050921:1311,730.35,28.94,14.0,4.9,0.0
20050921:1411,347.46,24.14,14.08,4.69,0.0
20050921:1511,329.88,17.87,14.09,4.41,0.0
20050921:1611,184.36,10.64,14.05,4.48,0.0
20050921:1711,63.37,2.9,13.89,4.76,0.0
20050921:1811,0.0,0.0,13.76,5.24,0.0
20050921:1911,0.0,0.0,13.6,6.07,0.0
20050921:2011,0.0,0.0,13.54,6.34,0.0
20050921:2111,0.0,0.0,13.48,6.62,0.0
20050921:2211,0.0,0.0,13.61,6.97,0.0
20050921:2311,0.0,0.0,13.5,7.31,0.0
20050922:0011,0.0,0.0,13.6,7.1,0.0
20050922:0111,0.0,0.0,13.81,7.03,0.0
20050922:0211,0.0,0.0,13.92,6.9,0.0
20050922:0311,0.0,0.0,14.08,6.83,0.0
20050922:0411,0.0,0.0,14.17,7.24,0.0
20050922:0511,0.0,0.0,14.21,7.31,0.0
20050922:0611,13.8,6.01,14.18,7.24,0.0
20050922:0711,39.89,13.57,14.26,7.38,0.0
20050922:0811,47.87,20.42,14.36,7.72,0.0
20050922:0911,78.9,26.09,14.46,7.86,0.0
20050922:1011,100.17,30.08,14.6,7.24,0.0
20050922:1111,78.01,31.93,14.64,6.9,0.0
20050922:1211,172.36,31.39,14.73,6.62,0.0
20050922:1311,315.35,28.54,14.77,6.55,0.0
20050922:1411,459.38,23.74,14.83,6.41,0.0
20050922:1511,229.0,17.48,14.74,6.34,0.0
20050922:1611,118.26,10.25,14.65,6.07,0.0
20050922:1711,47.36,2.52,14.46,6.0,0.0
20050922:1811,0.0,0.0,14.28,6.0,0.0
20050922:1911,0.0,0.0,14.17,5.72,0.0
20050922:2011,0.0,0.0,14.09,5.72,0.0
20050922:2111,0.0,0.0,14.08,5.86,0.0
20050922:2211,0.0,0.0,14.13,6.28,0.0
20050922:2311,0.0,0.0,14.12,6.34,0.0
20050923:0011,0.0,0.0,14.1,6.48,0.0
20050923:0111,0.0,0.0,14.09,6.48,0.0
20050923:0211,0.0,0.0,14.13,6.83,0.0
20050923:0311,0.0,0.0,14.15,7.03,0.0
20050923:0411,0.0,0.0,14.17,7.45,0.0
20050923:0511,0.0,0.0,14.17,7.93,0.0
20050923:0611,15.42,5.72,14.17,8.34,0.0
20050923:0711,91.11,13.27,14.27,9.1,0.0
20050923:0811,210.97,20.11,14.49,10.21,0.0
20050923:0911,404.1,25.76,14.71,10.41,0.0
20050923:1011,661.88,29.72,14.9,9.93,0.0
20050923:1111,763.07,31.55,14.95,10.21,0.0
20050923:1211,814.99,31.0,14.94,10.34,0.0
20050923:1311,813.66,28.14,14.93,10.28,0.0
20050923:1411,747.26,23.35,14.89,10.14,0.0
20050923:1511,512.35,17.09,14.78,9.86,0.0
20050923:1611,325.32,9.87,14.68,9.52,0.0
20050923:1711,23.05,2.14,14.54,9.79,0.0
20050923:1811,0.0,0.0,14.45,9.66,0.0
20050923:1911,0.0,0.0,14.45,9.38,0.0
20050923:2011,0.0,0.0,14.52,8.97,0.0
20050923:2111,0.0,0.0,14.71,8.62,0.0
20050923:2211,0.0,0.0,14.66,8.14,0.0
20050923:2311,0.0,0.0,13.92,8.07,0.0
20050924:0011,0.0,0.0,13.03,9.38,0.0
20050924:0111,0.0,0.0,12.39,9.1,0.0
20050924:0211,0.0,0.0,12.18,8.48,0.0
20050924:0311,0.0,0.0,12.0,8.14,0.0
20050924:0411,0.0,0.0,11.81,7.93,0.0
20050924:0511,0.0,0.0,11.72,7.66,0.0
20050924:0611,5.68,5.43,11.61,7.17,0.0
20050924:0711,79.21,12.97,11.62,7.03,0.0
20050924:0811,326.13,19.79,11.69,7.1,0.0
20050924:0911,534.3,25.42,11.8,6.83,0.0
20050924:1011,739.1,29.35,11.91,5.86,0.0
20050924:1111,778.85,31.16,11.98,5.72,0.0
20050924:1211,823.6,30.6,11.97,5.66,0.0
20050924:1311,842.07,27.74,11.92,5.24,0.0
20050924:1411,809.8,22.95,11.93,4.69,0.0
20050924:1511,281.7,16.7,11.97,4.21,0.0
20050924:1611,389.47,9.49,11.95,4.07,0.0
20050924:1711,21.28,1.76,11.73,4.34,0.0
20050924:1811,0.0,0.0,11.5,4.07,0.0
20050924:1911,0.0,0.0,11.36,3.24,0.0
20050924:2011,0.0,0.0,11.24,2.07,0.0
20050924:2111,0.0,0.0,11.05,1.31,0.0
20050924:2211,0.0,0.0,11.02,1.93,0.0
20050924:2311,0.0,0.0,11.06,2.97,0.0
20050925:0011,0.0,0.0,11.17,3.86,0.0
20050925:0111,0.0,0.0,11.24,4.48,0.0
20050925:0211,0.0,0.0,11.25,4.83,0.0
20050925:0311,0.0,0.0,11.24,5.31,0.0
20050925:0411,0.0,0.0,11.24,6.07,0.0
20050925:0511,0.0,0.0,11.38,6.55,0.0
20050925:0611,11.36,5.15,11.62,7.17,0.0
20050925:0711,77.85,12.67,11.99,7.93,0.0
20050925:0811,150.37,19.47,12.34,8.34,0.0
20050925:0911,117.87,25.08,12.54,8.34,0.0
20050925:1011,226.82,28.99,12.9,7.79,0.0
20050925:1111,111.7,30.77,13.55,8.07,0.0
20050925:1211,66.49,30.2,13.78,7.93,0.0
20050925:1311,70.92,27.34,14.1,7.72,0.0
20050925:1411,82.44,22.56,14.17,8.0,0.0
20050925:1511,97.44,16.31,14.25,7.86,0.0
20050925:1611,37.23,9.11,14.26,7.86,0.0
20050925:1711,19.5,1.38,14.26,7.79,0.0
20050925:1811,0.0,0.0,14.3,7.93,0.0
20050925:1911,0.0,0.0,14.24,8.34,0.0
20050925:2011,0.0,0.0,14.19,9.03,0.0
20050925:2111,0.0,0.0,14.06,8.21,0.0
20050925:2211,0.0,0.0,13.73,6.9,0.0
20050925:2311,0.0,0.0,13.64,5.03,0.0
20050926:0011,0.0,0.0,13.64,3.72,0.0
20050926:0111,0.0,0.0,13.56,3.03,0.0
20050926:0211,0.0,0.0,13.47,2.83,0.0
20050926:0311,0.0,0.0,13.44,2.34,0.0
20050926:0411,0.0,0.0,13.4,2.34,0.0
20050926:0511,0.0,0.0,13.31,3.03,0.0
20050926:0611,8.93,4.86,13.33,3.79,0.0
20050926:0711,110.54,12.38,13.5,4.55,0.0
20050926:0811,276.79,19.16,13.79,0.0,0.0
20050926:0911,140.18,24.74,14.09,0.0,0.0
20050926:1011,218.73,28.62,14.17,5.52,0.0
20050926:1111,149.27,30.39,14.21,6.14,0.0
20050926:1211,125.88,29.8,14.27,6.34,0.0
20050926:1311,229.55,26.95,14.34,6.48,0.0
20050926:1411,144.94,22.16,14.35,6.9,0.0
20050926:1511,62.94,15.93,14.31,7.72,0.0
20050926:1611,41.66,8.73,14.18,8.0,0.0
20050926:1711,14.18,1.0,14.06,8.41,0.0
20050926:1811,0.0,0.0,13.96,7.93,0.0
20050926:1911,0.0,0.0,13.94,8.41,0.0
20050926:2011,0.0,0.0,14.0,8.69,0.0
20050926:2111,0.0,0.0,14.07,9.72,0.0
20050926:2211,0.0,0.0,14.36,10.28,0.0
20050926:2311,0.0,0.0,14.41,10.21,0.0
20050927:0011,0.0,0.0,14.35,10.21,0.0
20050927:0111,0.0,0.0,14.32,10.21,0.0
20050927:0211,0.0,0.0,14.34,10.28,0.0
20050927:0311,0.0,0.0,14.44,10.34,0.0
20050927:0411,0.0,0.0,14.51,10.34,0.0
20050927:0511,0.0,0.0,14.45,10.21,0.0
20050927:0611,8.12,4.57,14.44,10.07,0.0
20050927:0711,38.12,12.08,14.58,9.45,0.0
20050927:0811,67.37,18.84,14.49,8.28,0.0
20050927:0911,140.33,24.4,14.47,7.17,0.0
20050927:1011,122.33,28.26,14.44,5.38,0.0
20050927:1111,328.11,30.0,14.43,4.83,0.0
20050927:1211,175.66,29.41,14.56,5.59,0.0
20050927:1311,477.34,26.55,14.29,6.21,0.0
20050927:1411,526.67,21.77,14.4,6.34,0.0
20050927:1511,510.27,15.54,14.32,6.62,0.0
20050927:1611,290.85,8.34,14.11,6.97,0.0
20050927:1711,3.55,0.63,13.46,7.03,0.0
20050927:1811,0.0,0.0,13.56,6.76,0.0
20050927:1911,0.0,0.0,13.62,6.62,0.0
20050927:2011,0.0,0.0,13.65,6.76,0.0
20050927:2111,0.0,0.0,13.54,6.83,0.0
20050927:2211,0.0,0.0,13.41,6.0,0.0
20050927:2311,0.0,0.0,13.25,6.69,0.0
20050928:0011,0.0,0.0,13.25,6.69,0.0
20050928:0111,0.0,0.0,13.08,6.34,0.0
20050928:0211,0.0,0.0,12.95,6.07,0.0
20050928:0311,0.0,0.0,12.75,5.59,0.0
20050928:0411,0.0,0.0,12.56,5.72,0.0
20050928:0511,0.0,0.0,12.41,5.86,0.0
20050928:0611,1.62,4.28,11.69,6.07,0.0
20050928:0711,103.99,11.78,11.57,5.66,0.0
20050928:0811,204.47,18.52,11.22,5.66,0.0
20050928:0911,391.9,24.05,11.05,6.55,0.0
20050928:1011,540.76,27.89,11.96,6.83,0.0
20050928:1111,277.46,29.62,12.07,6.76,0.0
20050928:1211,37.23,29.01,11.84,7.17,0.0
20050928:1311,683.81,26.15,12.04,6.97,0.0
20050928:1411,581.47,21.37,12.11,7.1,0.0
20050928:1511,428.84,15.15,12.23,6.97,0.0
20050928:1611,25.71,7.96,12.47,6.48,0.0
20050928:1711,12.41,0.25,12.57,6.97,0.0
20050928:1811,0.0,0.0,12.69,7.31,0.0
20050928:1911,0.0,0.0,12.83,7.45,0.0
20050928:2011,0.0,0.0,12.99,7.93,0.0
20050928:2111,0.0,0.0,13.12,8.83,0.0
20050928:2211,0.0,0.0,13.13,9.24,0.0
20050928:2311,0.0,0.0,13.26,9.79,0.0
20050929:0011,0.0,0.0,12.9,10.83,0.0
20050929:0111,0.0,0.0,12.27,11.72,0.0
20050929:0211,0.0,0.0,11.85,12.07,0.0
20050929:0311,0.0,0.0,11.85,11.66,0.0
20050929:0411,0.0,0.0,12.01,9.93,0.0
20050929:0511,0.0,0.0,11.42,6.9,0.0
20050929:0611,5.68,3.99,11.51,6.0,0.0
20050929:0711,116.77,11.48,11.6,6.07,0.0
20050929:0811,217.54,18.2,11.64,6.14,0.0
20050929:0911,200.47,23.71,11.84,6.0,0.0
20050929:1011,48.76,27.53,11.85,7.17,0.0
20050929:1111,456.39,29.23,11.61,5.93,0.0
20050929:1211,132.97,28.61,11.57,7.66,0.0
20050929:1311,139.84,25.75,11.41,11.03,0.0
20050929:1411,77.12,20.98,11.12,12.21,0.0
20050929:1511,68.26,14.77,10.89,11.86,0.0
20050929:1611,57.51,7.58,10.83,11.31,0.0
20050929:1711,0.0,-0.13,10.83,10.76,0.0
20050929:1811,0.0,0.0,10.61,0.0,0.0
20050929:1911,0.0,0.0,10.33,0.0,0.0
20050929:2011,0.0,0.0,10.12,9.31,0.0
20050929:2111,0.0,0.0,9.91,9.1,0.0
20050929:2211,0.0,0.0,10.21,8.9,0.0
20050929:2311,0.0,0.0,9.93,8.34,0.0
20050930:0011,0.0,0.0,9.81,8.21,0.0
20050930:0111,0.0,0.0,9.76,7.52,0.0
20050930:0211,0.0,0.0,9.62,6.0,0.0
20050930:0311,0.0,0.0,9.47,4.69,0.0
20050930:0411,0.0,0.0,9.43,3.38,0.0
20050930:0511,0.0,0.0,9.69,2.0,0.0
20050930:0611,0.81,3.7,10.01,1.86,0.0
20050930:0711,8.86,11.17,10.33,2.0,0.0
20050930:0811,47.87,17.88,10.76,3.17,0.0
20050930:0911,62.05,23.37,11.39,4.97,0.0
20050930:1011,76.24,27.16,11.99,6.55,0.0
20050930:1111,101.06,28.85,12.15,8.21,0.0
20050930:1211,35.46,28.22,12.53,9.31,0.0
20050930:1311,52.3,25.35,12.74,8.9,0.0
20050930:1411,44.32,20.59,13.05,9.86,0.0
20050930:1511,38.12,14.38,13.25,10.14,0.0
20050930:1611,28.37,7.21,13.37,10.07,0.0
20050930:1711,0.0,-0.5,13.31,10.21,0.0
20050930:1811,0.0,0.0,13.46,9.93,0.0
20050930:1911,0.0,0.0,13.75,9.24,0.0
20050930:2011,0.0,0.0,14.01,9.66,0.0
20050930:2111,0.0,0.0,14.14,9.31,0.0
20050930:2211,0.0,0.0,14.21,9.45,0.0
20050930:2311,0.0,0.0,14.36,8.69,0.0
20051001:0011,0.0,0.0,14.24,7.66,0.0
20051001:0111,0.0,0.0,14.17,6.55,0.0
20051001:0211,0.0,0.0,13.17,7.31,0.0
20051001:0311,0.0,0.0,11.71,8.14,0.0
20051001:0411,0.0,0.0,11.45,4.83,0.0
20051001:0511,0.0,0.0,11.67,3.1,0.0
20051001:0611,0.0,0.0,11.98,4.97,0.0
20051001:0711,101.33,10.87,12.12,6.48,0.0
20051001:0811,282.23,17.56,12.37,6.9,0.0
20051001:0911,92.19,23.03,12.56,6.69,0.0
20051001:1011,664.29,26.79,12.58,6.55,0.0
20051001:1111,547.35,28.46,12.55,6.28,0.0
20051001:1211,46.1,27.82,12.47,6.0,0.0
20051001:1311,653.23,24.95,12.56,5.86,0.0
20051001:1411,489.49,20.2,12.64,6.0,0.0
20051001:1511,338.95,14.0,12.62,5.66,0.0
20051001:1611,140.03,6.83,12.53,5.24,0.0
20051001:1711,0.0,-0.88,12.32,4.9,0.0
20051001:1811,0.0,0.0,12.09,4.69,0.0
20051001:1911,0.0,0.0,11.9,4.21,0.0
20051001:2011,0.0,0.0,11.91,3.59,0.0
20051001:2111,0.0,0.0,11.7,3.1,0.0
20051001:2211,0.0,0.0,11.64,3.1,0.0
20051001:2311,0.0,0.0,11.52,3.17,0.0
20051002:0011,0.0,0.0,11.3,2.62,0.0
20051002:0111,0.0,0.0,11.14,1.86,0.0
20051002:0211,0.0,0.0,10.98,1.59,0.0
20051002:0311,0.0,0.0,10.9,2.14,0.0
20051002:0411,0.0,0.0,10.78,2.41,0.0
20051002:0511,0.0,0.0,10.65,2.41,0.0
20051002:0611,0.0,0.0,10.54,2.69,0.0
20051002:0711,114.25,10.57,10.45,2.97,0.0
20051002:0811,321.58,17.24,10.68,3.38,0.0
20051002:0911,536.61,22.68,11.02,4.34,0.0
20051002:1011,664.24,26.43,11.56,4.83,0.0
20051002:1111,854.92,28.08,11.76,4.97,0.0
20051002:1211,615.71,27.43,11.87,5.45,0.0
20051002:1311,707.41,24.56,11.8,6.14,0.0
20051002:1411,485.95,19.8,11.59,7.03,0.0
20051002:1511,69.15,13.61,11.58,7.45,0.0
20051002:1611,274.43,6.45,11.63,7.1,0.0
20051002:1711,0.0,0.0,11.5,6.83,0.0
20051002:1811,0.0,0.0,11.33,6.55,0.0
20051002:1911,0.0,0.0,11.24,6.76,0.0
20051002:2011,0.0,0.0,11.32,6.9,0.0
20051002:2111,0.0,0.0,11.5,6.48,0.0
20051002:2211,0.0,0.0,12.03,6.83,0.0
20051002:2311,0.0,0.0,12.41,7.86,0.0
20051003:0011,0.0,0.0,12.41,8.48,0.0
20051003:0111,0.0,0.0,12.62,8.83,0.0
20051003:0211,0.0,0.0,12.68,8.55,0.0
20051003:0311,0.0,0.0,12.75,8.0,0.0
20051003:0411,0.0,0.0,12.73,7.79,0.0
20051003:0511,0.0,0.0,12.85,7.38,0.0
20051003:0611,0.0,0.0,12.88,6.97,0.0
20051003:0711,58.01,10.27,12.78,6.97,0.0
20051003:0811,89.26,16.92,12.73,7.1,0.0
20051003:0911,305.94,22.34,12.64,6.76,0.0
20051003:1011,101.06,26.06,12.68,5.66,0.0
20051003:1111,185.99,27.69,12.62,5.66,0.0
20051003:1211,73.58,27.03,12.69,5.66,0.0
20051003:1311,552.08,24.16,12.66,5.38,0.0
20051003:1411,188.33,19.42,12.72,5.1,0.0
20051003:1511,145.67,13.23,12.67,4.9,0.0
20051003:1611,11.52,6.08,12.56,4.76,0.0
20051003:1711,0.0,0.0,12.41,4.41,0.0
20051003:1811,0.0,0.0,12.42,4.07,0.0
20051003:1911,0.0,0.0,12.43,3.59,0.0
20051003:2011,0.0,0.0,12.37,3.24,0.0
20051003:2111,0.0,0.0,12.38,3.31,0.0
20051003:2211,0.0,0.0,12.35,3.17,0.0
20051003:2311,0.0,0.0,12.31,3.03,0.0
20051004:0011,0.0,0.0,12.28,2.69,0.0
20051004:0111,0.0,0.0,12.23,2.41,0.0
20051004:0211,0.0,0.0,12.22,2.41,0.0
20051004:0311,0.0,0.0,12.24,2.55,0.0
20051004:0411,0.0,0.0,12.24,2.48,0.0
20051004:0511,0.0,0.0,12.25,2.34,0.0
20051004:0611,0.0,0.0,12.26,2.07,0.0
20051004:0711,110.99,9.96,12.26,1.66,0.0
20051004:0811,306.69,16.6,12.42,1.52,0.0
20051004:0911,483.5,22.0,12.63,1.45,0.0
20051004:1011,563.35,25.69,12.41,2.07,0.0
20051004:1111,834.07,27.31,12.51,2.0,0.0
20051004:1211,884.8,26.64,12.51,2.07,0.0
20051004:1311,859.75,23.77,12.42,2.28,0.0
20051004:1411,624.31,19.03,12.3,2.48,0.0
20051004:1511,628.45,12.85,12.19,2.69,0.0
20051004:1611,438.48,5.7,12.07,2.41,0.0
20051004:1711,0.0,0.0,11.91,2.34,0.0
20051004:1811,0.0,0.0,11.78,2.41,0.0
20051004:1911,0.0,0.0,11.65,2.34,0.0
20051004:2011,0.0,0.0,11.55,2.14,0.0
20051004:2111,0.0,0.0,11.41,1.86,0.0
20051004:2211,0.0,0.0,11.74,2.14,0.0
20051004:2311,0.0,0.0,11.48,1.93,0.0
20051005:0011,0.0,0.0,11.31,1.72,0.0
20051005:0111,0.0,0.0,11.22,1.38,0.0
20051005:0211,0.0,0.0,11.09,1.24,0.0
20051005:0311,0.0,0.0,11.09,1.17,0.0
20051005:0411,0.0,0.0,11.11,1.31,0.0
20051005:0511,0.0,0.0,11.15,1.1,0.0
20051005:0611,0.0,0.0,11.11,1.17,0.0
20051005:0711,68.62,9.66,11.19,1.38,0.0
20051005:0811,171.69,16.28,11.62,1.66,0.0
20051005:0911,118.85,21.65,11.84,1.86,0.0
20051005:1011,327.05,25.33,12.32,1.86,0.0
20051005:1111,153.94,26.92,12.6,2.34,0.0
20051005:1211,46.98,26.25,12.82,2.34,0.0
20051005:1311,225.82,23.38,12.93,2.48,0.0
20051005:1411,96.16,18.64,12.9,2.69,0.0
20051005:1511,70.3,12.47,12.91,2.55,0.0
20051005:1611,19.5,5.33,12.85,2.48,0.0
20051005:1711,0.0,0.0,12.74,2.62,0.0
20051005:1811,0.0,0.0,12.64,2.62,0.0
20051005:1911,0.0,0.0,12.57,2.62,0.0
20051005:2011,0.0,0.0,12.03,2.69,0.0
20051005:2111,0.0,0.0,11.87,2.69,0.0
20051005:2211,0.0,0.0,12.62,2.97,0.0
20051005:2311,0.0,0.0,12.54,2.97,0.0
20051006:0011,0.0,0.0,12.46,2.83,0.0
20051006:0111,0.0,0.0,12.35,2.83,0.0
20051006:0211,0.0,0.0,12.26,2.76,0.0
20051006:0311,0.0,0.0,12.13,2.9,0.0
20051006:0411,0.0,0.0,11.9,3.1,0.0
20051006:0511,0.0,0.0,11.49,3.17,0.0
20051006:0611,0.0,0.0,11.13,3.45,0.0
20051006:0711,55.01,9.35,11.1,3.72,0.0
20051006:0811,72.7,15.95,11.47,4.0,0.0
20051006:0911,54.08,21.31,12.12,4.55,0.0
20051006:1011,237.48,24.96,12.12,4.9,0.0
20051006:1111,582.46,26.54,12.56,5.24,0.0
20051006:1211,447.75,25.85,12.82,5.45,0.0
20051006:1311,346.09,22.99,12.93,5.93,0.0
20051006:1411,197.03,18.26,12.95,5.86,0.0
20051006:1511,68.63,12.1,12.83,5.72,0.0
20051006:1611,73.85,4.96,12.72,5.66,0.0
20051006:1711,0.0,0.0,12.53,5.66,0.0
20051006:1811,0.0,0.0,12.53,6.07,0.0
20051006:1911,0.0,0.0,12.58,6.48,0.0
20051006:2011,0.0,0.0,12.75,6.97,0.0
20051006:2111,0.0,0.0,12.75,6.41,0.0
20051006:2211,0.0,0.0,13.01,6.48,0.0
20051006:2311,0.0,0.0,13.02,6.28,0.0
20051007:0011,0.0,0.0,13.09,6.55,0.0
20051007:0111,0.0,0.0,13.23,7.31,0.0
20051007:0211,0.0,0.0,13.4,7.59,0.0
20051007:0311,0.0,0.0,13.41,7.66,0.0
20051007:0411,0.0,0.0,13.37,7.52,0.0
20051007:0511,0.0,0.0,13.37,7.59,0.0
20051007:0611,0.0,0.0,13.38,7.79,0.0
20051007:0711,33.27,9.05,13.39,8.14,0.0
20051007:0811,60.28,15.63,13.53,8.34,0.0
20051007:0911,111.68,20.96,13.71,8.97,0.0
20051007:1011,131.7,24.6,14.02,8.48,0.0
20051007:1111,597.57,26.16,14.21,8.76,0.0
20051007:1211,830.6,25.46,14.44,8.83,0.0
20051007:1311,826.57,22.6,14.5,8.9,0.0
20051007:1411,700.94,17.87,14.58,9.03,0.0
20051007:1511,539.4,11.72,14.56,9.17,0.0
20051007:1611,276.46,4.59,14.46,9.52,0.0
20051007:1711,0.0,0.0,14.28,9.86,0.0
20051007:1811,0.0,0.0,14.18,0.0,0.0
20051007:1911,0.0,0.0,14.11,0.0,0.0
20051007:2011,0.0,0.0,14.0,10.0,0.0
20051007:2111,0.0,0.0,13.82,9.93,0.0
20051007:2211,0.0,0.0,13.56,10.14,0.0
20051007:2311,0.0,0.0,13.37,10.0,0.0
20051008:0011,0.0,0.0,13.15,9.93,0.0
20051008:0111,0.0,0.0,13.04,9.66,0.0
20051008:0211,0.0,0.0,12.96,9.31,0.0
20051008:0311,0.0,0.0,12.87,9.31,0.0
20051008:0411,0.0,0.0,12.83,9.52,0.0
20051008:0511,0.0,0.0,12.84,9.79,0.0
20051008:0611,0.0,0.0,12.89,9.59,0.0
20051008:0711,23.05,8.75,13.1,9.45,0.0
20051008:0811,38.12,15.31,13.29,10.34,0.0
20051008:0911,25.71,20.62,13.46,10.41,0.0
20051008:1011,38.12,24.23,13.7,10.34,0.0
20051008:1111,36.35,25.78,13.76,10.0,0.0
20051008:1211,31.91,25.08,13.8,9.38,0.0
20051008:1311,29.25,22.21,13.74,8.48,0.0
20051008:1411,85.1,17.49,13.69,7.66,0.0
20051008:1511,141.61,11.35,13.68,8.07,0.0
20051008:1611,7.09,4.23,13.71,8.76,0.0
20051008:1711,0.0,0.0,13.76,9.52,0.0
20051008:1811,0.0,0.0,13.66,9.86,0.0
20051008:1911,0.0,0.0,13.83,10.14,0.0
20051008:2011,0.0,0.0,13.98,10.69,0.0
20051008:2111,0.0,0.0,13.89,10.83,0.0
20051008:2211,0.0,0.0,13.61,9.79,0.0
20051008:2311,0.0,0.0,13.62,9.72,0.0
20051009:0011,0.0,0.0,13.85,10.62,0.0
20051009:0111,0.0,0.0,12.37,7.66,0.0
20051009:0211,0.0,0.0,10.27,9.24,0.0
20051009:0311,0.0,0.0,10.16,6.97,0.0
20051009:0411,0.0,0.0,10.41,5.93,0.0
20051009:0511,0.0,0.0,10.73,5.38,0.0
20051009:0611,0.0,0.0,11.04,3.79,0.0
20051009:0711,75.4,8.44,11.22,2.9,0.0
20051009:0811,140.44,14.99,11.57,3.79,0.0
20051009:0911,428.29,20.28,11.79,5.93,0.0
20051009:1011,533.71,23.87,11.65,6.83,0.0
20051009:1111,715.7,25.4,11.51,6.28,0.0
20051009:1211,651.92,24.69,11.44,5.45,0.0
20051009:1311,389.92,21.83,11.35,5.1,0.0
20051009:1411,485.15,17.11,11.41,5.1,0.0
20051009:1511,125.04,10.98,11.52,5.79,0.0
20051009:1611,93.7,3.86,11.74,6.28,0.0
20051009:1711,0.0,0.0,11.96,6.48,0.0
20051009:1811,0.0,0.0,12.2,6.76,0.0
20051009:1911,0.0,0.0,12.45,7.31,0.0
20051009:2011,0.0,0.0,12.66,8.69,0.0
20051009:2111,0.0,0.0,12.85,9.24,0.0
20051009:2211,0.0,0.0,12.98,8.14,0.0
20051009:2311,0.0,0.0,13.03,7.86,0.0
20051010:0011,0.0,0.0,13.05,8.34,0.0
20051010:0111,0.0,0.0,13.06,8.21,0.0
20051010:0211,0.0,0.0,13.09,8.07,0.0
20051010:0311,0.0,0.0,13.09,8.07,0.0
20051010:0411,0.0,0.0,13.13,8.41,0.0
20051010:0511,0.0,0.0,13.23,8.41,0.0
20051010:0611,0.0,0.0,13.19,8.55,0.0
20051010:0711,15.07,8.14,13.28,8.62,0.0
20051010:0811,166.5,14.67,13.43,8.48,0.0
20051010:0911,252.79,19.93,13.55,9.45,0.0
20051010:1011,585.91,23.51,13.71,8.83,0.0
20051010:1111,63.83,25.02,13.71,8.34,0.0
20051010:1211,39.89,24.3,13.71,8.21,0.0
20051010:1311,352.26,21.44,13.7,7.86,0.0
20051010:1411,402.11,16.74,13.74,7.79,0.0
20051010:1511,530.17,10.61,13.7,7.38,0.0
20051010:1611,313.8,3.5,13.7,7.45,0.0
20051010:1711,0.0,0.0,13.66,7.72,0.0
20051010:1811,0.0,0.0,13.67,8.28,0.0
20051010:1911,0.0,0.0,13.8,8.69,0.0
20051010:2011,0.0,0.0,13.99,9.1,0.0
20051010:2111,0.0,0.0,14.19,9.59,0.0
20051010:2211,0.0,0.0,14.1,10.07,0.0
20051010:2311,0.0,0.0,14.2,10.14,0.0
20051011:0011,0.0,0.0,14.13,9.86,0.0
20051011:0111,0.0,0.0,14.12,9.52,0.0
20051011:0211,0.0,0.0,14.22,9.45,0.0
20051011:0311,0.0,0.0,14.24,9.66,0.0
20051011:0411,0.0,0.0,14.16,10.07,0.0
20051011:0511,0.0,0.0,14.0,10.41,0.0
20051011:0611,0.0,0.0,13.81,10.69,0.0
20051011:0711,71.1,7.83,13.79,10.83,0.0
20051011:0811,242.98,14.34,13.89,10.76,0.0
20051011:0911,460.83,19.59,14.16,11.1,0.0
20051011:1011,662.07,23.14,14.54,9.93,0.0
20051011:1111,763.13,24.64,14.65,10.55,0.0
20051011:1211,778.26,23.92,14.67,10.76,0.0
20051011:1311,778.26,21.06,14.63,10.48,0.0
20051011:1411,714.72,16.36,14.53,10.28,0.0
20051011:1511,511.57,10.24,14.38,9.86,0.0
20051011:1611,281.5,3.14,14.25,9.72,0.0
20051011:1711,0.0,0.0,14.16,9.59,0.0
20051011:1811,0.0,0.0,14.15,9.59,0.0
20051011:1911,0.0,0.0,14.18,9.59,0.0
20051011:2011,0.0,0.0,14.18,9.66,0.0
20051011:2111,0.0,0.0,14.09,9.86,0.0
20051011:2211,0.0,0.0,13.99,10.14,0.0
20051011:2311,0.0,0.0,13.76,10.34,0.0
20051012:0011,0.0,0.0,13.5,10.28,0.0
20051012:0111,0.0,0.0,13.33,9.93,0.0
20051012:0211,0.0,0.0,13.19,9.1,0.0
20051012:0311,0.0,0.0,13.08,9.45,0.0
20051012:0411,0.0,0.0,12.99,10.21,0.0
20051012:0511,0.0,0.0,12.97,10.55,0.0
20051012:0611,0.0,0.0,12.96,10.83,0.0
20051012:0711,35.71,7.53,12.95,10.69,0.0
20051012:0811,120.1,14.02,13.09,10.55,0.0
20051012:0911,96.6,19.25,13.29,11.38,0.0
20051012:1011,461.75,22.78,13.6,10.34,0.0
20051012:1111,468.13,24.27,13.71,10.34,0.0
20051012:1211,704.16,23.54,13.82,10.62,0.0
20051012:1311,655.8,20.68,13.91,10.41,0.0
20051012:1411,61.17,15.99,13.91,10.28,0.0
20051012:1511,14.18,9.88,13.95,10.21,0.0
20051012:1611,142.04,2.79,13.95,10.14,0.0
20051012:1711,0.0,0.0,13.96,10.0,0.0
20051012:1811,0.0,0.0,14.07,10.14,0.0
20051012:1911,0.0,0.0,14.21,10.28,0.0
20051012:2011,0.0,0.0,14.31,10.0,0.0
20051012:2111,0.0,0.0,14.32,9.79,0.0
20051012:2211,0.0,0.0,14.19,10.48,0.0
20051012:2311,0.0,0.0,13.98,9.59,0.0
20051013:0011,0.0,0.0,13.78,9.66,0.0
20051013:0111,0.0,0.0,13.59,10.0,0.0
20051013:0211,0.0,0.0,13.36,10.07,0.0
20051013:0311,0.0,0.0,13.17,9.79,0.0
20051013:0411,0.0,0.0,13.04,10.07,0.0
20051013:0511,0.0,0.0,12.91,10.34,0.0
20051013:0611,0.0,0.0,12.84,10.34,0.0
20051013:0711,15.96,7.22,12.85,10.28,0.0
20051013:0811,41.66,13.7,12.99,10.07,0.0
20051013:0911,168.57,18.91,13.13,9.79,0.0
20051013:1011,386.14,22.42,13.45,9.66,0.0
20051013:1111,140.73,23.89,13.6,9.52,0.0
20051013:1211,64.71,23.16,13.66,9.1,0.0
20051013:1311,41.66,20.3,13.52,9.24,0.0
20051013:1411,31.03,15.62,13.53,7.52,0.0
20051013:1511,32.8,9.52,13.47,3.72,0.0
20051013:1611,7.09,2.43,13.31,1.03,0.0
20051013:1711,0.0,0.0,12.81,4.21,0.0
20051013:1811,0.0,0.0,12.02,8.62,0.0
20051013:1911,0.0,0.0,11.37,9.93,0.0
20051013:2011,0.0,0.0,10.97,9.86,0.0
20051013:2111,0.0,0.0,10.68,9.59,0.0
20051013:2211,0.0,0.0,10.59,9.31,0.0
20051013:2311,0.0,0.0,10.32,9.1,0.0
20051014:0011,0.0,0.0,10.01,9.79,0.0
20051014:0111,0.0,0.0,9.8,10.07,0.0
20051014:0211,0.0,0.0,9.64,0.0,0.0
20051014:0311,0.0,0.0,9.49,0.0,0.0
20051014:0411,0.0,0.0,9.4,9.03,0.0
20051014:0511,0.0,0.0,9.46,8.48,0.0
20051014:0611,0.0,0.0,9.56,7.93,0.0
20051014:0711,74.19,6.92,9.7,6.97,0.0
20051014:0811,242.11,13.38,10.0,6.28,0.0
20051014:0911,426.57,18.57,10.39,6.48,0.0
20051014:1011,651.79,22.06,11.04,5.79,0.0
20051014:1111,672.51,23.52,11.27,5.86,0.0
20051014:1211,621.26,22.78,11.35,6.14,0.0
20051014:1311,727.93,19.93,11.4,6.55,0.0
20051014:1411,576.36,15.25,11.42,6.62,0.0
20051014:1511,378.16,9.16,11.39,6.69,0.0
20051014:1611,22.16,2.08,11.16,6.9,0.0
20051014:1711,0.0,0.0,10.81,6.76,0.0
20051014:1811,0.0,0.0,10.53,6.76,0.0
20051014:1911,0.0,0.0,10.32,6.55,0.0
20051014:2011,0.0,0.0,10.19,6.55,0.0
20051014:2111,0.0,0.0,10.08,6.62,0.0
20051014:2211,0.0,0.0,10.32,5.72,0.0
20051014:2311,0.0,0.0,10.15,5.1,0.0
20051015:0011,0.0,0.0,10.01,4.41,0.0
20051015:0111,0.0,0.0,9.83,3.59,0.0
20051015:0211,0.0,0.0,9.62,2.83,0.0
20051015:0311,0.0,0.0,9.38,2.48,0.0
20051015:0411,0.0,0.0,9.2,2.55,0.0
20051015:0511,0.0,0.0,9.15,2.62,0.0
20051015:0611,0.0,0.0,9.22,2.55,0.0
20051015:0711,39.29,6.61,9.39,2.62,0.0
20051015:0811,218.57,13.06,9.99,3.1,0.0
20051015:0911,503.21,18.23,10.83,3.66,0.0
20051015:1011,664.11,21.71,11.4,4.48,0.0
20051015:1111,737.99,23.15,11.69,4.69,0.0
20051015:1211,838.99,22.41,11.88,4.41,0.0
20051015:1311,838.83,19.55,12.01,4.0,0.0
20051015:1411,746.98,14.88,12.07,3.66,0.0
20051015:1511,597.03,8.8,12.01,3.38,0.0
20051015:1611,21.28,1.73,11.94,3.17,0.0
20051015:1711,0.0,0.0,11.81,2.83,0.0
20051015:1811,0.0,0.0,11.65,2.76,0.0
20051015:1911,0.0,0.0,11.46,2.62,0.0
20051015:2011,0.0,0.0,11.24,2.34,0.0
20051015:2111,0.0,0.0,11.08,2.41,0.0
20051015:2211,0.0,0.0,11.1,2.83,0.0
20051015:2311,0.0,0.0,10.81,2.76,0.0
20051016:0011,0.0,0.0,10.39,2.83,0.0
20051016:0111,0.0,0.0,10.08,2.97,0.0
20051016:0211,0.0,0.0,9.9,3.17,0.0
20051016:0311,0.0,0.0,9.97,3.52,0.0
20051016:0411,0.0,0.0,10.16,4.34,0.0
20051016:0511,0.0,0.0,10.36,5.24,0.0
20051016:0611,0.0,0.0,10.34,5.79,0.0
20051016:0711,62.17,6.31,10.3,5.86,0.0
20051016:0811,262.71,12.74,10.5,5.93,0.0
20051016:0911,494.74,17.89,10.89,6.34,0.0
20051016:1011,698.54,21.35,11.06,6.41,0.0
20051016:1111,830.91,22.78,11.35,6.62,0.0
20051016:1211,877.58,22.03,11.61,6.9,0.0
20051016:1311,855.32,19.18,11.81,6.83,0.0
20051016:1411,736.7,14.52,11.86,6.69,0.0
20051016:1511,579.26,8.45,11.69,6.48,0.0
20051016:1611,19.5,1.39,11.27,6.62,0.0
20051016:1711,0.0,0.0,10.77,7.1,0.0
20051016:1811,0.0,0.0,10.35,7.45,0.0
20051016:1911,0.0,0.0,9.97,7.45,0.0
20051016:2011,0.0,0.0,9.71,7.45,0.0
20051016:2111,0.0,0.0,9.57,7.66,0.0
20051016:2211,0.0,0.0,9.82,8.07,0.0
20051016:2311,0.0,0.0,9.77,8.14,0.0
20051017:0011,0.0,0.0,9.68,8.14,0.0
20051017:0111,0.0,0.0,9.63,8.07,0.0
20051017:0211,0.0,0.0,9.58,8.14,0.0
20051017:0311,0.0,0.0,9.52,8.07,0.0
20051017:0411,0.0,0.0,9.41,8.0,0.0
20051017:0511,0.0,0.0,9.36,8.07,0.0
20051017:0611,0.0,0.0,9.28,8.07,0.0
20051017:0711,55.47,6.0,9.25,8.34,0.0
20051017:0811,256.4,12.42,9.39,8.69,0.0
20051017:0911,491.2,17.55,9.59,8.97,0.0
20051017:1011,699.98,21.0,9.88,8.76,0.0
20051017:1111,802.64,22.42,10.09,8.34,0.0
20051017:1211,853.04,21.66,10.27,7.93,0.0
20051017:1311,757.33,18.82,10.22,7.59,0.0
20051017:1411,614.26,14.16,10.12,7.24,0.0
20051017:1511,465.56,8.1,9.93,6.83,0.0
20051017:1611,17.73,1.05,9.73,6.48,0.0
20051017:1711,0.0,0.0,9.5,6.14,0.0
20051017:1811,0.0,0.0,9.29,5.93,0.0
20051017:1911,0.0,0.0,9.16,5.79,0.0
20051017:2011,0.0,0.0,8.97,5.72,0.0
20051017:2111,0.0,0.0,8.79,5.72,0.0
20051017:2211,0.0,0.0,9.08,5.79,0.0
20051017:2311,0.0,0.0,8.99,5.59,0.0
20051018:0011,0.0,0.0,8.77,5.24,0.0
20051018:0111,0.0,0.0,8.7,5.03,0.0
20051018:0211,0.0,0.0,8.59,4.97,0.0
20051018:0311,0.0,0.0,8.48,4.9,0.0
20051018:0411,0.0,0.0,8.33,4.9,0.0
20051018:0511,0.0,0.0,8.18,4.76,0.0
20051018:0611,0.0,0.0,7.95,4.62,0.0
20051018:0711,21.59,5.7,7.95,4.62,0.0
20051018:0811,76.46,12.1,8.32,4.83,0.0
20051018:0911,65.6,17.22,8.7,5.31,0.0
20051018:1011,76.24,20.64,9.02,5.31,0.0
20051018:1111,55.85,22.05,9.3,5.1,0.0
20051018:1211,61.17,21.29,9.45,5.1,0.0
20051018:1311,49.64,18.45,9.53,5.03,0.0
20051018:1411,54.08,13.81,9.61,5.17,0.0
20051018:1511,49.3,7.75,9.61,5.24,0.0
20051018:1611,13.3,0.71,9.51,5.59,0.0
20051018:1711,0.0,0.0,9.37,5.38,0.0
20051018:1811,0.0,0.0,9.36,5.45,0.0
20051018:1911,0.0,0.0,9.21,5.45,0.0
20051018:2011,0.0,0.0,9.04,5.52,0.0
20051018:2111,0.0,0.0,8.97,5.59,0.0
20051018:2211,0.0,0.0,8.9,6.34,0.0
20051018:2311,0.0,0.0,8.91,6.55,0.0
20051019:0011,0.0,0.0,8.97,6.83,0.0
20051019:0111,0.0,0.0,9.16,7.17,0.0
20051019:0211,0.0,0.0,9.27,7.59,0.0
20051019:0311,0.0,0.0,9.32,7.86,0.0
20051019:0411,0.0,0.0,9.35,8.14,0.0
20051019:0511,0.0,0.0,9.28,8.41,0.0
20051019:0611,0.0,0.0,9.23,8.83,0.0
20051019:0711,16.19,5.4,9.28,9.38,0.0
20051019:0811,87.34,11.78,9.56,9.79,0.0
20051019:0911,450.83,16.88,9.99,10.0,0.0
20051019:1011,549.62,20.29,10.6,10.07,0.0
20051019:1111,757.32,21.69,11.13,10.21,0.0
20051019:1211,827.42,20.93,11.44,10.55,0.0
20051019:1311,831.43,18.09,11.68,10.76,0.0
20051019:1411,697.48,13.45,11.73,10.83,0.0
20051019:1511,587.75,7.41,11.65,11.03,0.0
20051019:1611,11.52,0.37,11.27,11.03,0.0
20051019:1711,0.0,0.0,10.8,11.31,0.0
20051019:1811,0.0,0.0,10.44,11.72,0.0
20051019:1911,0.0,0.0,10.38,12.21,0.0
20051019:2011,0.0,0.0,10.49,12.34,0.0
20051019:2111,0.0,0.0,10.59,12.21,0.0
20051019:2211,0.0,0.0,10.82,11.72,0.0
20051019:2311,0.0,0.0,10.86,11.38,0.0
20051020:0011,0.0,0.0,10.8,11.38,0.0
20051020:0111,0.0,0.0,10.69,11.1,0.0
20051020:0211,0.0,0.0,10.6,10.83,0.0
20051020:0311,0.0,0.0,10.72,10.48,0.0
20051020:0411,0.0,0.0,10.54,10.14,0.0
20051020:0511,0.0,0.0,10.57,9.03,0.0
20051020:0611,0.0,0.0,10.66,8.62,0.0
20051020:0711,15.41,5.1,10.74,8.55,0.0
20051020:0811,51.71,11.46,10.86,8.21,0.0
20051020:0911,41.66,16.55,11.05,7.45,0.0
20051020:1011,31.03,19.94,11.35,6.76,0.0
20051020:1111,49.64,21.33,11.3,6.62,0.0
20051020:1211,25.71,20.57,11.25,6.21,0.0
20051020:1311,26.59,17.73,10.87,5.38,0.0
20051020:1411,20.39,13.1,10.78,4.28,0.0
20051020:1511,13.3,7.07,10.51,0.97,0.0
20051020:1611,2.66,0.04,10.36,3.03,0.0
20051020:1711,0.0,0.0,10.62,5.1,0.0
20051020:1811,0.0,0.0,11.03,5.79,0.0
20051020:1911,0.0,0.0,11.3,6.34,0.0
20051020:2011,0.0,0.0,11.44,6.48,0.0
20051020:2111,0.0,0.0,11.48,6.83,0.0
20051020:2211,0.0,0.0,11.32,7.72,0.0
20051020:2311,0.0,0.0,11.34,8.07,0.0
20051021:0011,0.0,0.0,11.65,7.86,0.0
20051021:0111,0.0,0.0,11.92,7.31,0.0
20051021:0211,0.0,0.0,11.97,6.9,0.0
20051021:0311,0.0,0.0,11.84,6.21,0.0
20051021:0411,0.0,0.0,11.73,6.21,0.0
20051021:0511,0.0,0.0,11.67,6.21,0.0
20051021:0611,0.0,0.0,11.61,6.07,0.0
20051021:0711,16.86,4.8,11.63,5.79,0.0
20051021:0811,78.22,11.15,11.78,5.45,0.0
20051021:0911,53.19,16.21,11.92,5.1,0.0
20051021:1011,256.96,19.59,12.02,5.24,0.0
20051021:1111,432.55,20.97,11.94,4.62,0.0
20051021:1211,505.72,20.21,11.81,4.9,0.0
20051021:1311,381.3,17.38,11.78,5.03,0.0
20051021:1411,238.92,12.76,11.86,4.21,0.0
20051021:1511,82.93,6.73,11.64,4.0,0.0
20051021:1611,0.0,-0.28,11.59,4.14,0.0
20051021:1711,0.0,0.0,11.41,3.52,0.0
20051021:1811,0.0,0.0,11.24,3.03,0.0
20051021:1911,0.0,0.0,11.05,3.31,0.0
20051021:2011,0.0,0.0,10.94,3.66,0.0
20051021:2111,0.0,0.0,10.83,4.0,0.0
20051021:2211,0.0,0.0,10.82,5.1,0.0
20051021:2311,0.0,0.0,10.59,5.66,0.0
20051022:0011,0.0,0.0,10.41,6.07,0.0
20051022:0111,0.0,0.0,10.34,6.97,0.0
20051022:0211,0.0,0.0,10.15,7.24,0.0
20051022:0311,0.0,0.0,9.88,7.1,0.0
20051022:0411,0.0,0.0,9.67,6.97,0.0
20051022:0511,0.0,0.0,9.55,6.62,0.0
20051022:0611,0.0,0.0,9.36,5.93,0.0
20051022:0711,3.55,4.5,9.14,5.17,0.0
20051022:0811,132.61,10.83,9.12,4.62,0.0
20051022:0911,73.49,15.88,9.29,4.48,0.0
20051022:1011,154.5,19.25,10.49,3.86,0.0
20051022:1111,67.37,20.62,10.84,3.1,0.0
20051022:1211,196.63,19.85,11.07,2.62,0.0
20051022:1311,167.53,17.02,11.13,2.83,0.0
20051022:1411,26.59,12.42,11.13,3.38,0.0
20051022:1511,26.59,6.4,11.0,4.21,0.0
20051022:1611,0.0,-0.61,10.57,5.45,0.0
20051022:1711,0.0,0.0,9.99,6.9,0.0
20051022:1811,0.0,0.0,9.75,8.07,0.0
20051022:1911,0.0,0.0,9.43,8.48,0.0
20051022:2011,0.0,0.0,9.07,8.9,0.0
20051022:2111,0.0,0.0,8.65,8.83,0.0
20051022:2211,0.0,0.0,8.71,8.28,0.0
20051022:2311,0.0,0.0,8.76,8.34,0.0
20051023:0011,0.0,0.0,8.93,8.34,0.0
20051023:0111,0.0,0.0,9.13,8.07,0.0
20051023:0211,0.0,0.0,9.14,8.0,0.0
20051023:0311,0.0,0.0,9.09,8.48,0.0
20051023:0411,0.0,0.0,8.87,8.62,0.0
20051023:0511,0.0,0.0,8.64,8.97,0.0
20051023:0611,0.0,0.0,8.37,8.97,0.0
20051023:0711,14.73,4.2,8.27,8.83,0.0
20051023:0811,77.7,10.52,8.31,8.9,0.0
20051023:0911,95.85,15.55,8.29,9.24,0.0
20051023:1011,85.1,18.9,8.36,9.1,0.0
20051023:1111,716.41,20.26,8.31,9.38,0.0
20051023:1211,109.25,19.49,8.33,9.72,0.0
20051023:1311,396.47,16.68,8.35,10.28,0.0
20051023:1411,310.67,12.08,8.34,10.69,0.0
20051023:1511,8.86,6.07,8.35,10.41,0.0
20051023:1611,0.0,-0.93,8.35,10.14,0.0
20051023:1711,0.0,0.0,8.36,9.66,0.0
20051023:1811,0.0,0.0,8.33,9.03,0.0
20051023:1911,0.0,0.0,8.17,8.34,0.0
20051023:2011,0.0,0.0,7.9,7.72,0.0
20051023:2111,0.0,0.0,7.6,7.03,0.0
20051023:2211,0.0,0.0,7.4,6.21,0.0
20051023:2311,0.0,0.0,7.16,5.31,0.0
20051024:0011,0.0,0.0,6.94,4.28,0.0
20051024:0111,0.0,0.0,6.56,3.17,0.0
20051024:0211,0.0,0.0,6.35,2.69,0.0
20051024:0311,0.0,0.0,6.17,2.83,0.0
20051024:0411,0.0,0.0,5.93,3.03,0.0
20051024:0511,0.0,0.0,5.3,3.31,0.0
20051024:0611,0.0,0.0,5.07,3.79,0.0
20051024:0711,18.55,3.9,4.88,4.55,0.0
20051024:0811,180.82,10.21,5.47,5.24,0.0
20051024:0911,435.79,15.22,6.21,6.41,0.0
20051024:1011,620.67,18.56,6.12,7.38,0.0
20051024:1111,627.76,19.91,6.45,7.72,0.0
20051024:1211,394.69,19.14,6.7,8.28,0.0
20051024:1311,184.52,16.33,6.92,8.76,0.0
20051024:1411,95.36,11.74,7.05,9.24,0.0
20051024:1511,33.69,5.75,7.04,10.14,0.0
20051024:1611,0.0,0.0,6.97,10.83,0.0
20051024:1711,0.0,0.0,6.89,11.66,0.0
20051024:1811,0.0,0.0,6.96,12.48,0.0
20051024:1911,0.0,0.0,7.01,13.1,0.0
20051024:2011,0.0,0.0,7.07,13.79,0.0
20051024:2111,0.0,0.0,7.03,14.55,0.0
20051024:2211,0.0,0.0,6.52,13.66,0.0
20051024:2311,0.0,0.0,6.28,14.97,0.0
20051025:0011,0.0,0.0,6.26,16.28,0.0
20051025:0111,0.0,0.0,6.31,16.55,0.0
20051025:0211,0.0,0.0,6.49,16.62,0.0
20051025:0311,0.0,0.0,6.61,17.38,0.0
20051025:0411,0.0,0.0,6.81,17.24,0.0
20051025:0511,0.0,0.0,7.03,17.66,0.0
20051025:0611,0.0,0.0,6.78,16.55,0.0
20051025:0711,1.77,3.6,6.65,16.28,0.0
20051025:0811,12.41,9.9,6.63,16.41,0.0
20051025:0911,15.07,14.9,6.72,16.21,0.0
20051025:1011,40.78,18.22,7.22,15.38,0.0
20051025:1111,23.93,19.57,7.34,12.97,0.0
20051025:1211,23.93,18.8,7.58,8.21,0.0
20051025:1311,20.39,15.99,7.94,6.07,0.0
20051025:1411,77.0,11.41,8.4,6.21,0.0
20051025:1511,15.96,5.43,8.99,7.66,0.0
20051025:1611,0.0,0.0,10.05,11.66,0.0
20051025:1711,0.0,0.0,11.46,13.66,0.0
20051025:1811,0.0,0.0,11.34,12.97,0.0
20051025:1911,0.0,0.0,11.24,13.24,0.0
20051025:2011,0.0,0.0,11.35,12.0,0.0
20051025:2111,0.0,0.0,11.21,12.07,0.0
20051025:2211,0.0,0.0,11.31,11.24,0.0
20051025:2311,0.0,0.0,11.14,11.59,0.0
20051026:0011,0.0,0.0,10.85,12.07,0.0
20051026:0111,0.0,0.0,10.6,11.38,0.0
20051026:0211,0.0,0.0,10.39,10.69,0.0
20051026:0311,0.0,0.0,10.2,10.21,0.0
20051026:0411,0.0,0.0,10.02,10.21,0.0
20051026:0511,0.0,0.0,9.99,9.86,0.0
20051026:0611,0.0,0.0,10.0,10.0,0.0
20051026:0711,0.0,0.0,10.01,10.07,0.0
20051026:0811,52.8,9.59,10.03,9.86,0.0
20051026:0911,56.73,14.57,10.06,9.66,0.0
20051026:1011,370.01,17.89,10.15,9.17,0.0
20051026:1111,86.88,19.22,10.19,8.9,0.0
20051026:1211,277.6,18.45,10.18,8.69,0.0
20051026:1311,116.32,15.65,10.1,8.34,0.0
20051026:1411,240.28,11.08,9.95,7.72,0.0
20051026:1511,407.15,5.11,9.74,7.17,0.0
20051026:1611,0.0,0.0,9.56,6.28,0.0
20051026:1711,0.0,0.0,9.48,4.97,0.0
20051026:1811,0.0,0.0,9.38,3.59,0.0
20051026:1911,0.0,0.0,9.35,2.76,0.0
20051026:2011,0.0,0.0,9.36,1.52,0.0
20051026:2111,0.0,0.0,9.35,0.21,0.0
20051026:2211,0.0,0.0,9.88,1.79,0.0
20051026:2311,0.0,0.0,9.88,3.17,0.0
20051027:0011,0.0,0.0,9.8,4.14,0.0
20051027:0111,0.0,0.0,9.61,4.9,0.0
20051027:0211,0.0,0.0,9.34,5.72,0.0
20051027:0311,0.0,0.0,9.54,6.97,0.0
20051027:0411,0.0,0.0,9.76,7.52,0.0
20051027:0511,0.0,0.0,10.1,8.28,0.0
20051027:0611,0.0,0.0,10.33,8.9,0.0
20051027:0711,0.0,0.0,10.44,8.9,0.0
20051027:0811,21.28,9.28,10.38,8.97,0.0
20051027:0911,14.18,14.25,10.31,9.17,0.0
20051027:1011,63.83,17.55,11.15,9.52,0.0
20051027:1111,55.85,18.88,11.24,9.52,0.0
20051027:1211,91.13,18.11,11.32,9.45,0.0
20051027:1311,150.77,15.32,11.49,9.86,0.0
20051027:1411,39.89,10.76,11.63,9.93,0.0
20051027:1511,92.46,4.8,11.8,10.0,0.0
20051027:1611,0.0,0.0,12.01,9.93,0.0
20051027:1711,0.0,0.0,12.2,9.93,0.0
20051027:1811,0.0,0.0,12.51,10.14,0.0
20051027:1911,0.0,0.0,12.72,10.55,0.0
20051027:2011,0.0,0.0,12.82,10.9,0.0
20051027:2111,0.0,0.0,12.99,11.1,0.0
20051027:2211,0.0,0.0,13.24,11.31,0.0
20051027:2311,0.0,0.0,13.4,11.38,0.0
20051028:0011,0.0,0.0,13.59,11.45,0.0
20051028:0111,0.0,0.0,13.6,11.17,0.0
20051028:0211,0.0,0.0,13.59,10.9,0.0
20051028:0311,0.0,0.0,13.53,10.69,0.0
20051028:0411,0.0,0.0,13.48,10.9,0.0
20051028:0511,0.0,0.0,13.42,10.69,0.0
20051028:0611,0.0,0.0,13.36,10.62,0.0
20051028:0711,0.0,0.0,13.31,11.03,0.0
20051028:0811,33.0,8.97,13.27,11.31,0.0
20051028:0911,39.01,13.93,13.32,10.9,0.0
20051028:1011,52.3,17.22,13.65,10.76,0.0
20051028:1111,43.44,18.55,13.73,10.97,0.0
20051028:1211,31.03,17.78,13.72,11.66,0.0
20051028:1311,95.35,14.99,13.71,11.72,0.0
20051028:1411,71.56,10.44,13.77,11.38,0.0
20051028:1511,12.41,4.49,13.69,11.03,0.0
20051028:1611,0.0,0.0,13.46,10.97,0.0
20051028:1711,0.0,0.0,13.42,10.83,0.0
20051028:1811,0.0,0.0,13.44,9.93,0.0
20051028:1911,0.0,0.0,13.5,8.83,0.0
20051028:2011,0.0,0.0,13.5,8.0,0.0
20051028:2111,0.0,0.0,13.49,7.38,0.0
20051028:2211,0.0,0.0,13.38,7.24,0.0
20051028:2311,0.0,0.0,13.35,7.38,0.0
20051029:0011,0.0,0.0,13.37,7.1,0.0
20051029:0111,0.0,0.0,13.32,6.76,0.0
20051029:0211,0.0,0.0,13.23,6.55,0.0
20051029:0311,0.0,0.0,13.12,6.28,0.0
20051029:0411,0.0,0.0,13.03,6.14,0.0
20051029:0511,0.0,0.0,12.92,6.48,0.0
20051029:0611,0.0,0.0,12.83,6.41,0.0
20051029:0711,0.0,0.0,12.79,6.55,0.0
20051029:0811,6.21,8.67,12.57,6.62,0.0
20051029:0911,13.3,13.61,12.54,6.62,0.0
20051029:1011,32.8,16.89,12.92,6.62,0.0
20051029:1111,469.4,18.21,12.92,5.52,0.0
20051029:1211,174.77,17.44,12.9,4.76,0.0
20051029:1311,26.59,14.66,12.84,4.07,0.0
20051029:1411,16.84,10.12,12.76,3.72,0.0
20051029:1511,35.54,4.19,12.6,4.69,0.0
20051029:1611,0.0,0.0,12.47,5.45,0.0
20051029:1711,0.0,0.0,12.31,4.97,0.0
20051029:1811,0.0,0.0,12.22,5.31,0.0
20051029:1911,0.0,0.0,12.17,6.0,0.0
20051029:2011,0.0,0.0,12.08,6.69,0.0
20051029:2111,0.0,0.0,11.97,7.52,0.0
20051029:2211,0.0,0.0,11.95,8.62,0.0
20051029:2311,0.0,0.0,12.02,9.79,0.0
20051030:0011,0.0,0.0,12.19,9.72,0.0
20051030:0111,0.0,0.0,12.49,9.38,0.0
20051030:0211,0.0,0.0,12.81,9.93,0.0
20051030:0311,0.0,0.0,13.01,9.24,0.0
20051030:0411,0.0,0.0,13.29,8.76,0.0
20051030:0511,0.0,0.0,13.5,8.48,0.0
20051030:0611,0.0,0.0,13.59,8.41,0.0
20051030:0711,0.0,0.0,13.59,8.55,0.0
20051030:0811,26.59,8.37,13.62,8.62,0.0
20051030:0911,34.57,13.3,13.71,8.83,0.0
20051030:1011,135.47,16.57,13.77,8.14,0.0
20051030:1111,36.35,17.88,13.88,8.69,0.0
20051030:1211,38.12,17.11,13.85,9.03,0.0
20051030:1311,37.23,14.34,13.81,8.9,0.0
20051030:1411,23.05,9.81,13.75,9.1,0.0
20051030:1511,9.75,3.89,13.74,9.66,0.0
20051030:1611,0.0,0.0,13.72,10.14,0.0
20051030:1711,0.0,0.0,13.62,10.21,0.0
20051030:1811,0.0,0.0,13.62,10.69,0.0
20051030:1911,0.0,0.0,13.67,10.34,0.0
20051030:2011,0.0,0.0,13.8,10.14,0.0
20051030:2111,0.0,0.0,13.95,9.66,0.0
20051030:2211,0.0,0.0,13.98,8.76,0.0
20051030:2311,0.0,0.0,13.9,8.41,0.0
20051031:0011,0.0,0.0,13.84,8.14,0.0
20051031:0111,0.0,0.0,13.77,7.86,0.0
20051031:0211,0.0,0.0,13.72,7.86,0.0
20051031:0311,0.0,0.0,13.67,7.31,0.0
20051031:0411,0.0,0.0,13.68,6.9,0.0
20051031:0511,0.0,0.0,13.7,6.62,0.0
20051031:0611,0.0,0.0,13.54,6.21,0.0
20051031:0711,0.0,0.0,13.38,5.1,0.0
20051031:0811,8.86,8.06,13.28,5.38,0.0
20051031:0911,16.84,12.99,13.13,4.97,0.0
20051031:1011,31.91,16.24,12.97,4.14,0.0
20051031:1111,33.69,17.55,12.9,4.48,0.0
20051031:1211,38.12,16.79,12.86,4.34,0.0
20051031:1311,40.78,14.02,12.89,4.69,0.0
20051031:1411,23.05,9.51,12.9,5.24,0.0
20051031:1511,9.75,3.59,12.8,5.79,0.0
20051031:1611,0.0,0.0,12.43,6.69,0.0
20051031:1711,0.0,0.0,12.11,6.62,0.0
20051031:1811,0.0,0.0,12.25,8.76,0.0
20051031:1911,0.0,0.0,12.73,11.17,0.0
20051031:2011,0.0,0.0,13.06,11.17,0.0
20051031:2111,0.0,0.0,13.12,10.97,0.0
20051031:2211,0.0,0.0,13.33,10.41,0.0
20051031:2311,0.0,0.0,13.38,10.14,0.0
20051101:0011,0.0,0.0,13.42,9.86,0.0
20051101:0111,0.0,0.0,13.33,8.48,0.0
20051101:0211,0.0,0.0,13.01,6.9,0.0
20051101:0311,0.0,0.0,12.59,4.21,0.0
20051101:0411,0.0,0.0,12.33,2.41,0.0
20051101:0511,0.0,0.0,12.22,1.86,0.0
20051101:0611,0.0,0.0,12.15,2.28,0.0
20051101:0711,0.0,0.0,12.04,3.24,0.0
20051101:0811,40.95,7.77,12.08,4.07,0.0
20051101:0911,22.16,12.68,12.07,4.9,0.0
20051101:1011,150.16,15.93,11.93,5.45,0.0
20051101:1111,68.26,17.23,12.11,6.14,0.0
20051101:1211,60.28,16.47,12.39,6.83,0.0
20051101:1311,29.25,13.71,12.43,7.03,0.0
20051101:1411,11.52,9.21,12.1,6.62,0.0
20051101:1511,19.5,3.31,12.38,6.62,0.0
20051101:1611,0.0,0.0,12.15,7.17,0.0
20051101:1711,0.0,0.0,11.77,6.62,0.0
20051101:1811,0.0,0.0,11.37,5.66,0.0
20051101:1911,0.0,0.0,11.36,5.66,0.0
20051101:2011,0.0,0.0,11.21,6.07,0.0
20051101:2111,0.0,0.0,11.18,6.0,0.0
20051101:2211,0.0,0.0,11.12,6.28,0.0
20051101:2311,0.0,0.0,10.94,5.86,0.0
20051102:0011,0.0,0.0,10.71,6.0,0.0
20051102:0111,0.0,0.0,10.83,6.21,0.0
20051102:0211,0.0,0.0,10.97,4.83,0.0
20051102:0311,0.0,0.0,11.12,4.55,0.0
20051102:0411,0.0,0.0,11.04,4.97,0.0
20051102:0511,0.0,0.0,11.12,4.69,0.0
20051102:0611,0.0,0.0,11.11,5.03,0.0
20051102:0711,0.0,0.0,11.14,4.9,0.0
20051102:0811,147.3,7.47,11.29,4.55,0.0
20051102:0911,287.48,12.37,11.44,5.1,0.0
20051102:1011,96.4,15.61,11.58,5.72,0.0
20051102:1111,194.64,16.91,11.75,6.07,0.0
20051102:1211,22.16,16.15,11.7,6.55,0.0
20051102:1311,16.84,13.4,11.28,7.38,0.0
20051102:1411,19.5,8.91,11.11,8.34,0.0
20051102:1511,7.98,3.02,11.26,8.97,0.0
20051102:1611,0.0,0.0,11.19,10.0,0.0
20051102:1711,0.0,0.0,10.98,11.17,0.0
20051102:1811,0.0,0.0,11.02,11.52,0.0
20051102:1911,0.0,0.0,11.18,10.97,0.0
20051102:2011,0.0,0.0,11.44,10.21,0.0
20051102:2111,0.0,0.0,11.63,9.31,0.0
20051102:2211,0.0,0.0,11.87,8.9,0.0
20051102:2311,0.0,0.0,11.97,8.9,0.0
20051103:0011,0.0,0.0,11.99,8.97,0.0
20051103:0111,0.0,0.0,11.87,8.97,0.0
20051103:0211,0.0,0.0,11.78,8.48,0.0
20051103:0311,0.0,0.0,11.87,8.14,0.0
20051103:0411,0.0,0.0,11.99,7.59,0.0
20051103:0511,0.0,0.0,12.04,6.76,0.0
20051103:0611,0.0,0.0,12.11,4.83,0.0
20051103:0711,0.0,0.0,12.14,4.14,0.0
20051103:0811,4.43,7.18,12.23,5.24,0.0
20051103:0911,11.52,12.06,12.37,6.28,0.0
20051103:1011,40.78,15.3,12.45,5.72,0.0
20051103:1111,36.35,16.6,12.61,5.66,0.0
20051103:1211,54.96,15.84,12.65,6.34,0.0
20051103:1311,181.63,13.1,12.55,7.38,0.0
20051103:1411,10.64,8.62,12.42,7.52,0.0
20051103:1511,7.98,2.74,12.32,7.72,0.0
20051103:1611,0.0,0.0,12.3,8.21,0.0
20051103:1711,0.0,0.0,12.22,9.03,0.0
20051103:1811,0.0,0.0,12.13,8.34,0.0
20051103:1911,0.0,0.0,12.17,8.28,0.0
20051103:2011,0.0,0.0,12.19,7.93,0.0
20051103:2111,0.0,0.0,12.26,8.14,0.0
20051103:2211,0.0,0.0,12.04,7.59,0.0
20051103:2311,0.0,0.0,12.33,7.31,0.0
20051104:0011,0.0,0.0,12.42,7.52,0.0
20051104:0111,0.0,0.0,12.42,7.93,0.0
20051104:0211,0.0,0.0,12.42,8.21,0.0
20051104:0311,0.0,0.0,12.46,8.48,0.0
20051104:0411,0.0,0.0,12.37,9.03,0.0
20051104:0511,0.0,0.0,12.37,9.45,0.0
20051104:0611,0.0,0.0,12.38,9.86,0.0
20051104:0711,0.0,0.0,12.33,10.21,0.0
20051104:0811,100.93,6.89,12.28,10.83,0.0
20051104:0911,16.84,11.76,12.09,11.17,0.0
20051104:1011,15.96,14.99,11.95,9.79,0.0
20051104:1111,18.62,16.28,11.86,9.79,0.0
20051104:1211,25.71,15.53,11.75,10.0,0.0
20051104:1311,15.96,12.8,11.69,10.28,0.0
20051104:1411,23.05,8.33,11.61,10.21,0.0
20051104:1511,69.06,2.47,11.53,9.79,0.0
20051104:1611,0.0,0.0,11.4,9.24,0.0
20051104:1711,0.0,0.0,11.21,9.31,0.0
20051104:1811,0.0,0.0,10.97,8.9,0.0
20051104:1911,0.0,0.0,10.88,8.76,0.0
20051104:2011,0.0,0.0,10.72,8.69,0.0
20051104:2111,0.0,0.0,10.48,8.14,0.0
20051104:2211,0.0,0.0,10.67,6.9,0.0
20051104:2311,0.0,0.0,10.61,7.24,0.0
20051105:0011,0.0,0.0,10.55,7.86,0.0
20051105:0111,0.0,0.0,10.51,7.38,0.0
20051105:0211,0.0,0.0,10.53,6.76,0.0
20051105:0311,0.0,0.0,10.75,5.38,0.0
20051105:0411,0.0,0.0,10.68,4.28,0.0
20051105:0511,0.0,0.0,10.69,2.9,0.0
20051105:0611,0.0,0.0,10.68,1.59,0.0
20051105:0711,0.0,0.0,10.56,0.9,0.0
20051105:0811,44.72,6.6,10.51,0.28,0.0
20051105:0911,39.89,11.46,10.57,0.97,0.0
20051105:1011,43.44,14.68,10.72,2.41,0.0
20051105:1111,37.23,15.98,10.85,3.31,0.0
20051105:1211,26.59,15.23,10.98,4.69,0.0
20051105:1311,51.42,12.51,10.97,5.38,0.0
20051105:1411,212.61,8.05,10.94,5.86,0.0
20051105:1511,19.5,2.2,10.83,6.28,0.0
20051105:1611,0.0,0.0,10.74,6.83,0.0
20051105:1711,0.0,0.0,10.66,7.52,0.0
20051105:1811,0.0,0.0,10.55,8.55,0.0
20051105:1911,0.0,0.0,10.23,7.17,0.0
20051105:2011,0.0,0.0,10.12,6.76,0.0
20051105:2111,0.0,0.0,10.04,7.17,0.0
20051105:2211,0.0,0.0,10.33,6.9,0.0
20051105:2311,0.0,0.0,10.3,4.55,0.0
20051106:0011,0.0,0.0,10.38,5.1,0.0
20051106:0111,0.0,0.0,10.31,5.72,0.0
20051106:0211,0.0,0.0,10.8,5.66,0.0
20051106:0311,0.0,0.0,11.15,5.86,0.0
20051106:0411,0.0,0.0,11.22,6.0,0.0
20051106:0511,0.0,0.0,11.02,5.38,0.0
20051106:0611,0.0,0.0,10.83,4.62,0.0
20051106:0711,0.0,0.0,10.77,4.76,0.0
20051106:0811,123.61,6.31,10.83,4.69,0.0
20051106:0911,34.57,11.17,11.0,5.17,0.0
20051106:1011,15.07,14.38,10.95,6.21,0.0
20051106:1111,17.73,15.67,11.2,6.97,0.0
20051106:1211,32.8,14.93,11.63,7.79,0.0
20051106:1311,15.07,12.22,12.05,8.97,0.0
20051106:1411,9.75,7.77,12.21,9.59,0.0
20051106:1511,17.73,1.93,12.26,10.14,0.0
20051106:1611,0.0,0.0,12.41,10.69,0.0
20051106:1711,0.0,0.0,12.42,10.9,0.0
20051106:1811,0.0,0.0,12.36,10.69,0.0
20051106:1911,0.0,0.0,12.29,10.14,0.0
20051106:2011,0.0,0.0,12.12,8.62,0.0
20051106:2111,0.0,0.0,11.83,7.17,0.0
20051106:2211,0.0,0.0,11.7,4.76,0.0
20051106:2311,0.0,0.0,11.59,4.28,0.0
20051107:0011,0.0,0.0,11.34,5.1,0.0
20051107:0111,0.0,0.0,11.13,5.38,0.0
20051107:0211,0.0,0.0,11.1,5.45,0.0
20051107:0311,0.0,0.0,11.01,5.1,0.0
20051107:0411,0.0,0.0,10.94,5.1,0.0
20051107:0511,0.0,0.0,10.84,4.9,0.0
20051107:0611,0.0,0.0,10.72,5.59,0.0
20051107:0711,0.0,0.0,10.63,6.0,0.0
20051107:0811,21.72,6.03,10.73,6.21,0.0
20051107:0911,127.02,10.88,10.88,7.17,0.0
20051107:1011,173.88,14.08,11.02,7.38,0.0
20051107:1111,151.04,15.37,10.91,8.48,0.0
20051107:1211,17.73,14.63,10.03,11.31,0.0
20051107:1311,15.96,11.93,9.53,10.48,0.0
20051107:1411,221.15,7.5,10.08,8.34,0.0
20051107:1511,2.66,1.67,10.36,7.59,0.0
20051107:1611,0.0,0.0,10.59,6.9,0.0
20051107:1711,0.0,0.0,10.48,6.69,0.0
20051107:1811,0.0,0.0,10.36,6.76,0.0
20051107:1911,0.0,0.0,10.41,7.03,0.0
20051107:2011,0.0,0.0,10.44,7.1,0.0
20051107:2111,0.0,0.0,10.49,6.97,0.0
20051107:2211,0.0,0.0,10.67,6.28,0.0
20051107:2311,0.0,0.0,10.73,6.69,0.0
20051108:0011,0.0,0.0,10.82,8.62,0.0
20051108:0111,0.0,0.0,10.93,9.66,0.0
20051108:0211,0.0,0.0,11.0,10.21,0.0
20051108:0311,0.0,0.0,11.17,10.41,0.0
20051108:0411,0.0,0.0,11.41,11.66,0.0
20051108:0511,0.0,0.0,11.53,12.07,0.0
20051108:0611,0.0,0.0,11.53,12.48,0.0
20051108:0711,0.0,0.0,11.5,12.9,0.0
20051108:0811,13.3,5.75,11.56,12.14,0.0
20051108:0911,75.24,10.59,12.03,11.72,0.0
20051108:1011,52.3,13.79,11.65,11.03,0.0
20051108:1111,24.82,15.08,11.83,10.48,0.0
20051108:1211,21.28,14.35,12.09,10.34,0.0
20051108:1311,26.59,11.65,12.37,10.83,0.0
20051108:1411,8.86,7.23,12.3,11.17,0.0
20051108:1511,3.55,1.42,12.26,10.69,0.0
20051108:1611,0.0,0.0,12.12,10.62,0.0
20051108:1711,0.0,0.0,12.13,10.76,0.0
20051108:1811,0.0,0.0,12.3,11.24,0.0
20051108:1911,0.0,0.0,12.21,11.45,0.0
20051108:2011,0.0,0.0,12.34,11.24,0.0
20051108:2111,0.0,0.0,12.46,11.17,0.0
20051108:2211,0.0,0.0,12.65,10.41,0.0
20051108:2311,0.0,0.0,12.76,10.48,0.0
20051109:0011,0.0,0.0,12.74,10.21,0.0
20051109:0111,0.0,0.0,12.67,9.72,0.0
20051109:0211,0.0,0.0,12.56,9.45,0.0
20051109:0311,0.0,0.0,12.42,9.52,0.0
20051109:0411,0.0,0.0,12.25,9.72,0.0
20051109:0511,0.0,0.0,12.16,10.07,0.0
20051109:0611,0.0,0.0,12.08,10.14,0.0
20051109:0711,0.0,0.0,12.02,9.66,0.0
20051109:0811,14.18,5.47,12.13,9.86,0.0
20051109:0911,14.18,10.3,11.61,10.28,0.0
20051109:1011,14.18,13.5,11.59,6.14,0.0
20051109:1111,16.84,14.79,9.86,7.03,0.0
20051109:1211,33.69,14.06,8.81,9.17,0.0
20051109:1311,50.53,11.38,8.49,8.48,0.0
20051109:1411,338.58,6.97,8.57,7.24,0.0
20051109:1511,8.86,1.17,8.64,6.28,0.0
20051109:1611,0.0,0.0,8.79,5.17,0.0
20051109:1711,0.0,0.0,8.97,4.41,0.0
20051109:1811,0.0,0.0,9.43,3.93,0.0
20051109:1911,0.0,0.0,9.89,4.34,0.0
20051109:2011,0.0,0.0,10.23,5.03,0.0
20051109:2111,0.0,0.0,10.22,5.31,0.0
20051109:2211,0.0,0.0,10.37,6.0,0.0
20051109:2311,0.0,0.0,10.28,7.03,0.0
20051110:0011,0.0,0.0,10.08,8.48,0.0
20051110:0111,0.0,0.0,9.78,8.83,0.0
20051110:0211,0.0,0.0,9.65,9.86,0.0
20051110:0311,0.0,0.0,9.71,10.41,0.0
20051110:0411,0.0,0.0,9.86,11.72,0.0
20051110:0511,0.0,0.0,9.77,11.52,0.0
20051110:0611,0.0,0.0,9.8,12.14,0.0
20051110:0711,0.0,0.0,10.47,11.93,0.0
20051110:0811,9.75,5.2,10.46,12.48,0.0
20051110:0911,17.73,10.02,10.99,13.66,0.0
20051110:1011,24.82,13.21,11.11,13.1,0.0
20051110:1111,38.12,14.5,11.35,11.31,0.0
20051110:1211,68.02,13.78,11.09,12.07,0.0
20051110:1311,74.26,11.11,10.9,9.79,0.0
20051110:1411,255.28,6.72,10.76,9.31,0.0
20051110:1511,10.64,0.93,10.76,9.31,0.0
20051110:1611,0.0,0.0,11.04,9.31,0.0
20051110:1711,0.0,0.0,10.86,9.38,0.0
20051110:1811,0.0,0.0,10.73,10.14,0.0
20051110:1911,0.0,0.0,10.54,11.03,0.0
20051110:2011,0.0,0.0,10.36,9.66,0.0
20051110:2111,0.0,0.0,10.31,9.45,0.0
20051110:2211,0.0,0.0,9.99,9.24,0.0
20051110:2311,0.0,0.0,9.8,9.52,0.0
20051111:0011,0.0,0.0,9.89,8.9,0.0
20051111:0111,0.0,0.0,9.94,7.45,0.0
20051111:0211,0.0,0.0,9.98,6.69,0.0
20051111:0311,0.0,0.0,9.86,6.0,0.0
20051111:0411,0.0,0.0,9.68,5.45,0.0
20051111:0511,0.0,0.0,9.76,4.55,0.0
20051111:0611,0.0,0.0,9.83,4.62,0.0
20051111:0711,0.0,0.0,9.88,3.93,0.0
20051111:0811,5.32,4.93,9.91,3.38,0.0
20051111:0911,17.73,9.74,9.9,4.69,0.0
20051111:1011,21.28,12.93,10.38,5.59,0.0
20051111:1111,22.16,14.22,10.6,6.9,0.0
20051111:1211,15.96,13.51,10.81,8.28,0.0
20051111:1311,28.37,10.85,11.06,9.31,0.0
20051111:1411,10.64,6.47,11.43,8.9,0.0
20051111:1511,2.66,0.7,11.9,8.07,0.0
20051111:1611,0.0,0.0,12.05,9.24,0.0
20051111:1711,0.0,0.0,11.9,10.0,0.0
20051111:1811,0.0,0.0,11.77,10.14,0.0
20051111:1911,0.0,0.0,11.8,10.41,0.0
20051111:2011,0.0,0.0,11.95,10.55,0.0
20051111:2111,0.0,0.0,12.03,11.24,0.0
20051111:2211,0.0,0.0,12.07,10.97,0.0
20051111:2311,0.0,0.0,11.57,11.93,0.0
20051112:0011,0.0,0.0,11.41,10.83,0.0
20051112:0111,0.0,0.0,11.19,11.03,0.0
20051112:0211,0.0,0.0,10.85,11.1,0.0
20051112:0311,0.0,0.0,10.58,11.45,0.0
20051112:0411,0.0,0.0,10.33,12.14,0.0
20051112:0511,0.0,0.0,10.05,13.03,0.0
20051112:0611,0.0,0.0,9.93,13.31,0.0
20051112:0711,0.0,0.0,9.86,13.17,0.0
20051112:0811,1.77,4.66,9.8,13.31,0.0
20051112:0911,23.93,9.47,9.64,13.03,0.0
20051112:1011,293.01,12.65,9.47,12.28,0.0
20051112:1111,18.62,13.95,9.59,12.55,0.0
20051112:1211,353.46,13.24,9.83,12.48,0.0
20051112:1311,25.71,10.59,10.07,12.48,0.0
20051112:1411,22.16,6.23,10.34,12.07,0.0
20051112:1511,1.77,0.47,10.43,11.79,0.0
20051112:1611,0.0,0.0,10.25,11.86,0.0
20051112:1711,0.0,0.0,10.15,12.21,0.0
20051112:1811,0.0,0.0,9.99,12.41,0.0
20051112:1911,0.0,0.0,9.81,12.76,0.0
20051112:2011,0.0,0.0,9.82,12.62,0.0
20051112:2111,0.0,0.0,10.16,11.59,0.0
20051112:2211,0.0,0.0,10.23,9.03,0.0
20051112:2311,0.0,0.0,10.01,9.38,0.0
20051113:0011,0.0,0.0,9.48,10.14,0.0
20051113:0111,0.0,0.0,9.22,9.66,0.0
20051113:0211,0.0,0.0,9.04,9.66,0.0
20051113:0311,0.0,0.0,8.98,10.34,0.0
20051113:0411,0.0,0.0,8.82,10.34,0.0
20051113:0511,0.0,0.0,8.58,10.97,0.0
20051113:0611,0.0,0.0,8.26,11.45,0.0
20051113:0711,0.0,0.0,7.98,11.72,0.0
20051113:0811,43.65,4.39,7.9,11.52,0.0
20051113:0911,94.67,9.2,7.9,11.45,0.0
20051113:1011,75.63,12.38,7.86,10.62,0.0
20051113:1111,26.59,13.68,7.76,10.28,0.0
20051113:1211,56.73,12.98,7.73,10.14,0.0
20051113:1311,244.61,10.34,7.68,9.72,0.0
20051113:1411,31.03,5.99,7.6,9.66,0.0
20051113:1511,4.43,0.24,7.52,8.83,0.0
20051113:1611,0.0,0.0,7.41,8.69,0.0
20051113:1711,0.0,0.0,7.46,9.03,0.0
20051113:1811,0.0,0.0,7.5,8.34,0.0
20051113:1911,0.0,0.0,7.64,8.0,0.0
20051113:2011,0.0,0.0,7.98,8.69,0.0
20051113:2111,0.0,0.0,8.32,8.69,0.0
20051113:2211,0.0,0.0,8.94,9.45,0.0
20051113:2311,0.0,0.0,9.08,10.55,0.0
20051114:0011,0.0,0.0,8.81,11.59,0.0
20051114:0111,0.0,0.0,8.87,12.21,0.0
20051114:0211,0.0,0.0,9.54,12.48,0.0
20051114:0311,0.0,0.0,10.21,12.97,0.0
20051114:0411,0.0,0.0,10.2,12.9,0.0
20051114:0511,0.0,0.0,10.23,14.0,0.0
20051114:0611,0.0,0.0,10.32,14.21,0.0
20051114:0711,0.0,0.0,10.59,14.07,0.0
20051114:0811,1.77,4.13,10.65,13.59,0.0
20051114:0911,19.5,8.94,10.75,13.38,0.0
20051114:1011,40.78,12.11,10.86,12.41,0.0
20051114:1111,32.8,13.41,10.96,11.72,0.0
20051114:1211,15.07,12.72,11.06,11.24,0.0
20051114:1311,14.18,10.09,11.1,11.72,0.0
20051114:1411,8.86,5.76,11.19,10.83,0.0
20051114:1511,1.77,0.02,11.25,10.97,0.0
20051114:1611,0.0,0.0,11.23,11.86,0.0
20051114:1711,0.0,0.0,11.24,11.59,0.0
20051114:1811,0.0,0.0,11.25,11.86,0.0
20051114:1911,0.0,0.0,11.35,11.38,0.0
20051114:2011,0.0,0.0,11.65,13.52,0.0
20051114:2111,0.0,0.0,11.9,14.21,0.0
20051114:2211,0.0,0.0,11.61,15.45,0.0
20051114:2311,0.0,0.0,10.62,14.9,0.0
20051115:0011,0.0,0.0,9.78,15.93,0.0
20051115:0111,0.0,0.0,8.11,16.41,0.0
20051115:0211,0.0,0.0,8.18,15.38,0.0
20051115:0311,0.0,0.0,8.23,15.38,0.0
20051115:0411,0.0,0.0,7.75,16.07,0.0
20051115:0511,0.0,0.0,7.24,15.17,0.0
20051115:0611,0.0,0.0,6.81,13.31,0.0
20051115:0711,0.0,0.0,6.35,13.17,0.0
20051115:0811,43.07,3.88,6.02,12.48,0.0
20051115:0911,7.09,8.67,5.73,12.55,0.0
20051115:1011,144.16,11.85,6.14,12.28,0.0
20051115:1111,387.44,13.15,5.94,12.9,0.0
20051115:1211,74.91,12.47,5.59,12.9,0.0
20051115:1311,47.87,9.85,5.03,12.34,0.0
20051115:1411,334.76,5.53,4.57,11.59,0.0
20051115:1511,0.0,-0.19,4.18,11.24,0.0
20051115:1611,0.0,0.0,3.73,10.76,0.0
20051115:1711,0.0,0.0,3.51,10.28,0.0
20051115:1811,0.0,0.0,3.69,10.07,0.0
20051115:1911,0.0,0.0,3.4,9.93,0.0
20051115:2011,0.0,0.0,3.3,9.24,0.0
20051115:2111,0.0,0.0,3.19,8.34,0.0
20051115:2211,0.0,0.0,3.75,8.55,0.0
20051115:2311,0.0,0.0,4.02,8.83,0.0
20051116:0011,0.0,0.0,4.23,9.17,0.0
20051116:0111,0.0,0.0,4.01,9.24,0.0
20051116:0211,0.0,0.0,3.51,8.97,0.0
20051116:0311,0.0,0.0,3.55,9.1,0.0
20051116:0411,0.0,0.0,3.68,8.62,0.0
20051116:0511,0.0,0.0,3.9,8.69,0.0
20051116:0611,0.0,0.0,4.23,8.14,0.0
20051116:0711,0.0,0.0,4.64,7.79,0.0
20051116:0811,26.48,3.63,4.78,7.79,0.0
20051116:0911,291.45,8.42,4.71,8.41,0.0
20051116:1011,449.08,11.59,4.15,8.55,0.0
20051116:1111,612.77,12.9,4.35,8.48,0.0
20051116:1211,649.33,12.22,4.82,9.1,0.0
20051116:1311,668.42,9.62,5.14,9.86,0.0
20051116:1411,580.72,5.31,5.27,9.38,0.0
20051116:1511,0.0,-0.4,5.19,8.83,0.0
20051116:1611,0.0,0.0,5.0,8.34,0.0
20051116:1711,0.0,0.0,4.8,8.14,0.0
20051116:1811,0.0,0.0,4.65,8.28,0.0
20051116:1911,0.0,0.0,4.58,8.21,0.0
20051116:2011,0.0,0.0,4.53,8.07,0.0
20051116:2111,0.0,0.0,4.55,8.21,0.0
20051116:2211,0.0,0.0,5.03,7.45,0.0
20051116:2311,0.0,0.0,4.97,7.93,0.0
20051117:0011,0.0,0.0,4.89,8.34,0.0
20051117:0111,0.0,0.0,4.81,8.21,0.0
20051117:0211,0.0,0.0,4.71,7.86,0.0
20051117:0311,0.0,0.0,4.63,7.72,0.0
20051117:0411,0.0,0.0,4.54,7.79,0.0
20051117:0511,0.0,0.0,4.47,7.86,0.0
20051117:0611,0.0,0.0,4.38,7.86,0.0
20051117:0711,0.0,0.0,4.37,7.66,0.0
20051117:0811,49.39,3.38,4.35,7.45,0.0
20051117:0911,281.69,8.16,4.42,7.31,0.0
20051117:1011,488.71,11.34,4.85,7.31,0.0
20051117:1111,606.69,12.65,5.11,7.17,0.0
20051117:1211,697.55,11.98,5.3,7.31,0.0
20051117:1311,663.94,9.39,5.36,7.38,0.0
20051117:1411,490.76,5.1,5.23,7.52,0.0
20051117:1511,0.0,0.0,4.95,7.79,0.0
20051117:1611,0.0,0.0,4.71,7.38,0.0
20051117:1711,0.0,0.0,4.51,6.97,0.0
20051117:1811,0.0,0.0,4.47,6.9,0.0
20051117:1911,0.0,0.0,4.46,6.97,0.0
20051117:2011,0.0,0.0,4.47,7.1,0.0
20051117:2111,0.0,0.0,4.49,6.97,0.0
20051117:2211,0.0,0.0,4.94,6.07,0.0
20051117:2311,0.0,0.0,4.89,5.45,0.0
20051118:0011,0.0,0.0,4.93,5.38,0.0
20051118:0111,0.0,0.0,4.88,5.24,0.0
20051118:0211,0.0,0.0,4.91,4.97,0.0
20051118:0311,0.0,0.0,4.84,4.41,0.0
20051118:0411,0.0,0.0,4.78,4.14,0.0
20051118:0511,0.0,0.0,4.7,4.28,0.0
20051118:0611,0.0,0.0,4.66,4.48,0.0
20051118:0711,0.0,0.0,4.65,4.9,0.0
20051118:0811,31.6,3.13,4.61,5.31,0.0
20051118:0911,266.72,7.92,4.66,5.59,0.0
20051118:1011,475.44,11.09,5.14,5.24,0.0
20051118:1111,591.73,12.41,5.44,5.1,0.0
20051118:1211,630.33,11.75,5.62,5.17,0.0
20051118:1311,581.44,9.17,5.7,5.03,0.0
20051118:1411,468.58,4.89,5.63,4.76,0.0
20051118:1511,0.0,0.0,5.45,4.76,0.0
20051118:1611,0.0,0.0,5.27,4.55,0.0
20051118:1711,0.0,0.0,5.15,4.55,0.0
20051118:1811,0.0,0.0,5.06,4.76,0.0
20051118:1911,0.0,0.0,4.96,5.24,0.0
20051118:2011,0.0,0.0,4.95,5.86,0.0
20051118:2111,0.0,0.0,4.96,6.34,0.0
20051118:2211,0.0,0.0,5.21,6.55,0.0
20051118:2311,0.0,0.0,5.11,6.9,0.0
20051119:0011,0.0,0.0,5.13,7.1,0.0
20051119:0111,0.0,0.0,5.24,7.45,0.0
20051119:0211,0.0,0.0,5.38,7.72,0.0
20051119:0311,0.0,0.0,5.42,7.66,0.0
20051119:0411,0.0,0.0,5.48,7.45,0.0
20051119:0511,0.0,0.0,5.49,7.66,0.0
20051119:0611,0.0,0.0,5.44,7.59,0.0
20051119:0711,0.0,0.0,5.27,7.52,0.0
20051119:0811,0.0,0.0,5.17,7.24,0.0
20051119:0911,22.16,7.67,5.38,7.24,0.0
20051119:1011,31.91,10.85,5.41,7.17,0.0
20051119:1111,315.27,12.17,5.58,6.97,0.0
20051119:1211,70.23,11.52,5.81,7.31,0.0
20051119:1311,119.01,8.95,5.9,7.45,0.0
20051119:1411,501.66,4.69,5.93,7.93,0.0
20051119:1511,0.0,0.0,5.78,8.34,0.0
20051119:1611,0.0,0.0,5.71,8.83,0.0
20051119:1711,0.0,0.0,5.77,9.03,0.0
20051119:1811,0.0,0.0,5.79,9.17,0.0
20051119:1911,0.0,0.0,5.79,9.17,0.0
20051119:2011,0.0,0.0,5.85,8.83,0.0
20051119:2111,0.0,0.0,5.9,8.62,0.0
20051119:2211,0.0,0.0,5.78,9.38,0.0
20051119:2311,0.0,0.0,5.95,9.31,0.0
20051120:0011,0.0,0.0,6.12,9.17,0.0
20051120:0111,0.0,0.0,6.26,8.97,0.0
20051120:0211,0.0,0.0,6.41,8.62,0.0
20051120:0311,0.0,0.0,6.55,8.48,0.0
20051120:0411,0.0,0.0,6.64,8.21,0.0
20051120:0511,0.0,0.0,6.61,7.31,0.0
20051120:0611,0.0,0.0,6.61,5.45,0.0
20051120:0711,0.0,0.0,6.7,3.03,0.0
20051120:0811,0.0,0.0,7.07,1.52,0.0
20051120:0911,23.93,7.44,7.58,1.38,0.0
20051120:1011,16.84,10.61,7.91,2.14,0.0
20051120:1111,42.55,11.93,8.52,3.66,0.0
20051120:1211,13.3,11.29,9.16,4.41,0.0
20051120:1311,10.64,8.74,9.44,3.59,0.0
20051120:1411,36.34,4.49,9.79,3.52,0.0
20051120:1511,0.0,0.0,9.89,4.07,0.0
20051120:1611,0.0,0.0,9.86,4.21,0.0
20051120:1711,0.0,0.0,9.64,3.93,0.0
20051120:1811,0.0,0.0,9.48,3.38,0.0
20051120:1911,0.0,0.0,9.23,2.69,0.0
20051120:2011,0.0,0.0,8.84,2.34,0.0
20051120:2111,0.0,0.0,8.33,2.07,0.0
20051120:2211,0.0,0.0,7.76,2.62,0.0
20051120:2311,0.0,0.0,7.37,3.31,0.0
20051121:0011,0.0,0.0,7.11,3.66,0.0
20051121:0111,0.0,0.0,6.96,4.14,0.0
20051121:0211,0.0,0.0,6.94,4.14,0.0
20051121:0311,0.0,0.0,6.93,3.86,0.0
20051121:0411,0.0,0.0,6.93,3.45,0.0
20051121:0511,0.0,0.0,6.99,3.17,0.0
20051121:0611,0.0,0.0,7.17,3.24,0.0
20051121:0711,0.0,0.0,7.41,3.03,0.0
20051121:0811,0.0,0.0,7.68,2.69,0.0
20051121:0911,45.02,7.2,7.94,2.48,0.0
20051121:1011,130.01,10.38,8.47,1.93,0.0
20051121:1111,12.41,11.71,8.82,1.31,0.0
20051121:1211,27.48,11.08,9.01,0.69,0.0
20051121:1311,22.16,8.54,9.12,1.24,0.0
20051121:1411,5.32,4.3,9.32,2.41,0.0
20051121:1511,0.0,0.0,9.42,3.1,0.0
20051121:1611,0.0,0.0,9.55,3.66,0.0
20051121:1711,0.0,0.0,9.54,3.79,0.0
20051121:1811,0.0,0.0,9.52,3.72,0.0
20051121:1911,0.0,0.0,9.5,3.86,0.0
20051121:2011,0.0,0.0,9.44,0.0,0.0
20051121:2111,0.0,0.0,9.38,0.0,0.0
20051121:2211,0.0,0.0,9.61,4.34,0.0
20051121:2311,0.0,0.0,9.55,4.76,0.0
20051122:0011,0.0,0.0,9.53,5.24,0.0
20051122:0111,0.0,0.0,9.51,5.24,0.0
20051122:0211,0.0,0.0,9.36,5.31,0.0
20051122:0311,0.0,0.0,9.27,5.17,0.0
20051122:0411,0.0,0.0,9.2,5.17,0.0
20051122:0511,0.0,0.0,9.23,5.24,0.0
20051122:0611,0.0,0.0,9.17,5.45,0.0
20051122:0711,0.0,0.0,9.15,5.66,0.0
20051122:0811,0.0,0.0,9.11,5.72,0.0
20051122:0911,50.63,6.97,9.05,5.72,0.0
20051122:1011,314.9,10.15,9.05,5.86,0.0
20051122:1111,372.84,11.49,8.99,5.86,0.0
20051122:1211,385.28,10.87,8.98,5.72,0.0
20051122:1311,366.3,8.34,8.94,5.93,0.0
20051122:1411,76.37,4.12,8.85,6.07,0.0
20051122:1511,0.0,0.0,8.69,6.07,0.0
20051122:1611,0.0,0.0,8.58,5.93,0.0
20051122:1711,0.0,0.0,8.48,5.66,0.0
20051122:1811,0.0,0.0,8.31,0.0,0.0
20051122:1911,0.0,0.0,8.09,0.0,0.0
20051122:2011,0.0,0.0,8.04,5.45,0.0
20051122:2111,0.0,0.0,8.0,5.86,0.0
20051122:2211,0.0,0.0,8.01,5.72,0.0
20051122:2311,0.0,0.0,7.9,6.0,0.0
20051123:0011,0.0,0.0,7.79,6.34,0.0
20051123:0111,0.0,0.0,7.82,6.62,0.0
20051123:0211,0.0,0.0,7.74,6.69,0.0
20051123:0311,0.0,0.0,7.73,6.41,0.0
20051123:0411,0.0,0.0,7.71,6.55,0.0
20051123:0511,0.0,0.0,7.73,6.0,0.0
20051123:0611,0.0,0.0,7.75,5.72,0.0
20051123:0711,0.0,0.0,7.88,6.0,0.0
20051123:0811,0.0,0.0,8.0,6.07,0.0
20051123:0911,12.41,6.75,8.16,5.79,0.0
20051123:1011,0.0,0.0,8.15,5.86,0.0
20051123:1111,17.73,11.27,8.24,6.14,0.0
20051123:1211,66.48,10.66,8.31,6.0,0.0
20051123:1311,18.62,8.15,8.37,5.79,0.0
20051123:1411,10.64,3.95,8.45,5.93,0.0
20051123:1511,0.0,0.0,8.6,5.59,0.0
20051123:1611,0.0,0.0,8.73,5.03,0.0
20051123:1711,0.0,0.0,8.88,4.97,0.0
20051123:1811,0.0,0.0,9.01,4.9,0.0
20051123:1911,0.0,0.0,9.09,5.17,0.0
20051123:2011,0.0,0.0,9.17,5.03,0.0
20051123:2111,0.0,0.0,9.11,5.72,0.0
20051123:2211,0.0,0.0,9.1,5.45,0.0
20051123:2311,0.0,0.0,9.01,6.14,0.0
20051124:0011,0.0,0.0,9.07,6.55,0.0
20051124:0111,0.0,0.0,9.11,7.24,0.0
20051124:0211,0.0,0.0,9.13,7.38,0.0
20051124:0311,0.0,0.0,8.91,7.66,0.0
20051124:0411,0.0,0.0,8.71,8.0,0.0
20051124:0511,0.0,0.0,8.52,9.38,0.0
20051124:0611,0.0,0.0,8.44,9.72,0.0
20051124:0711,0.0,0.0,8.63,7.79,0.0
20051124:0811,0.0,0.0,8.36,7.52,0.0
20051124:0911,7.09,6.53,7.87,7.31,0.0
20051124:1011,14.18,9.72,7.56,7.31,0.0
20051124:1111,23.93,11.06,7.09,7.45,0.0
20051124:1211,40.78,10.47,6.7,6.55,0.0
20051124:1311,30.14,7.97,6.46,5.38,0.0
20051124:1411,4.43,3.78,6.19,4.41,0.0
20051124:1511,0.0,0.0,5.92,3.93,0.0
20051124:1611,0.0,0.0,5.67,4.07,0.0
20051124:1711,0.0,0.0,5.5,4.28,0.0
20051124:1811,0.0,0.0,5.3,4.48,0.0
20051124:1911,0.0,0.0,5.06,4.83,0.0
20051124:2011,0.0,0.0,4.63,5.03,0.0
20051124:2111,0.0,0.0,4.25,5.03,0.0
20051124:2211,0.0,0.0,4.08,5.38,0.0
20051124:2311,0.0,0.0,3.9,6.0,0.0
20051125:0011,0.0,0.0,3.72,6.48,0.0
20051125:0111,0.0,0.0,3.63,6.41,0.0
20051125:0211,0.0,0.0,3.76,5.86,0.0
20051125:0311,0.0,0.0,4.2,5.24,0.0
20051125:0411,0.0,0.0,4.74,4.9,0.0
20051125:0511,0.0,0.0,5.04,4.97,0.0
20051125:0611,0.0,0.0,5.08,5.79,0.0
20051125:0711,0.0,0.0,4.89,7.38,0.0
20051125:0811,0.0,0.0,4.9,9.52,0.0
20051125:0911,16.84,6.32,5.17,9.66,0.0
20051125:1011,32.8,9.51,5.58,9.93,0.0
20051125:1111,43.44,10.86,5.47,9.72,0.0
20051125:1211,66.89,10.28,5.31,9.31,0.0
20051125:1311,28.37,7.79,5.06,9.38,0.0
20051125:1411,5.32,3.62,4.79,9.66,0.0
20051125:1511,0.0,0.0,4.39,9.38,0.0
20051125:1611,0.0,0.0,4.09,9.52,0.0
20051125:1711,0.0,0.0,3.93,9.59,0.0
20051125:1811,0.0,0.0,3.84,9.52,0.0
20051125:1911,0.0,0.0,3.81,9.59,0.0
20051125:2011,0.0,0.0,3.85,9.52,0.0
20051125:2111,0.0,0.0,3.98,9.45,0.0
20051125:2211,0.0,0.0,4.22,9.72,0.0
20051125:2311,0.0,0.0,4.29,9.24,0.0
20051126:0011,0.0,0.0,4.4,8.69,0.0
20051126:0111,0.0,0.0,4.44,8.48,0.0
20051126:0211,0.0,0.0,4.56,8.69,0.0
20051126:0311,0.0,0.0,4.61,8.34,0.0
20051126:0411,0.0,0.0,4.61,8.07,0.0
20051126:0511,0.0,0.0,4.64,8.14,0.0
20051126:0611,0.0,0.0,4.66,8.34,0.0
20051126:0711,0.0,0.0,4.68,8.14,0.0
20051126:0811,0.0,0.0,4.6,7.79,0.0
20051126:0911,4.43,6.11,4.44,7.24,0.0
20051126:1011,18.62,9.3,4.71,6.41,0.0
20051126:1111,211.03,10.67,4.84,5.86,0.0
20051126:1211,345.7,10.09,5.01,5.24,0.0
20051126:1311,254.22,7.62,5.14,4.48,0.0
20051126:1411,194.67,3.46,5.18,3.79,0.0
20051126:1511,0.0,0.0,5.13,3.59,0.0
20051126:1611,0.0,0.0,5.1,3.66,0.0
20051126:1711,0.0,0.0,5.04,3.72,0.0
20051126:1811,0.0,0.0,4.92,3.79,0.0
20051126:1911,0.0,0.0,4.76,3.66,0.0
20051126:2011,0.0,0.0,4.58,3.52,0.0
20051126:2111,0.0,0.0,4.41,3.31,0.0
20051126:2211,0.0,0.0,4.34,3.59,0.0
20051126:2311,0.0,0.0,4.19,3.52,0.0
20051127:0011,0.0,0.0,4.07,3.72,0.0
20051127:0111,0.0,0.0,3.98,3.86,0.0
20051127:0211,0.0,0.0,3.91,4.14,0.0
20051127:0311,0.0,0.0,3.82,4.34,0.0
20051127:0411,0.0,0.0,3.76,4.76,0.0
20051127:0511,0.0,0.0,3.69,5.1,0.0
20051127:0611,0.0,0.0,3.64,5.24,0.0
20051127:0711,0.0,0.0,3.62,5.17,0.0
20051127:0811,0.0,0.0,3.6,5.17,0.0
20051127:0911,140.91,5.91,3.62,5.31,0.0
20051127:1011,119.6,9.11,3.99,5.24,0.0
20051127:1111,139.13,10.48,4.08,5.1,0.0
20051127:1211,54.36,9.91,4.15,4.9,0.0
20051127:1311,144.3,7.46,4.2,4.41,0.0
20051127:1411,17.73,3.31,4.28,4.0,0.0
20051127:1511,0.0,0.0,4.23,3.79,0.0
20051127:1611,0.0,0.0,4.13,3.86,0.0
20051127:1711,0.0,0.0,4.03,4.07,0.0
20051127:1811,0.0,0.0,3.94,4.21,0.0
20051127:1911,0.0,0.0,3.86,4.28,0.0
20051127:2011,0.0,0.0,3.65,4.34,0.0
20051127:2111,0.0,0.0,3.53,4.21,0.0
20051127:2211,0.0,0.0,3.78,4.76,0.0
20051127:2311,0.0,0.0,3.74,4.9,0.0
20051128:0011,0.0,0.0,3.64,4.69,0.0
20051128:0111,0.0,0.0,3.58,4.28,0.0
20051128:0211,0.0,0.0,3.48,3.93,0.0
20051128:0311,0.0,0.0,3.43,3.52,0.0
20051128:0411,0.0,0.0,3.33,3.66,0.0
20051128:0511,0.0,0.0,3.38,3.86,0.0
20051128:0611,0.0,0.0,3.45,4.0,0.0
20051128:0711,0.0,0.0,3.54,4.21,0.0
20051128:0811,0.0,0.0,3.59,4.48,0.0
20051128:0911,84.29,5.72,3.66,4.69,0.0
20051128:1011,141.06,8.91,3.8,4.76,0.0
20051128:1111,306.92,10.29,3.96,4.28,0.0
20051128:1211,364.03,9.74,4.01,4.07,0.0
20051128:1311,31.03,7.3,4.1,4.14,0.0
20051128:1411,6.21,3.17,4.19,4.21,0.0
20051128:1511,0.0,0.0,4.2,3.59,0.0
20051128:1611,0.0,0.0,4.16,2.55,0.0
20051128:1711,0.0,0.0,4.13,1.45,0.0
20051128:1811,0.0,0.0,4.1,0.69,0.0
20051128:1911,0.0,0.0,4.03,0.62,0.0
20051128:2011,0.0,0.0,3.93,1.24,0.0
20051128:2111,0.0,0.0,3.86,1.66,0.0
20051128:2211,0.0,0.0,3.49,2.0,0.0
20051128:2311,0.0,0.0,3.25,1.86,0.0
20051129:0011,0.0,0.0,3.18,1.52,0.0
20051129:0111,0.0,0.0,3.04,0.83,0.0
20051129:0211,0.0,0.0,2.87,1.24,0.0
20051129:0311,0.0,0.0,2.77,2.21,0.0
20051129:0411,0.0,0.0,2.78,2.83,0.0
20051129:0511,0.0,0.0,2.71,3.24,0.0
20051129:0611,0.0,0.0,2.77,3.66,0.0
20051129:0711,0.0,0.0,2.95,3.86,0.0
20051129:0811,0.0,0.0,3.22,3.79,0.0
20051129:0911,14.18,5.53,3.39,4.28,0.0
20051129:1011,285.65,8.73,3.89,4.48,0.0
20051129:1111,393.71,10.12,3.99,4.76,0.0
20051129:1211,412.11,9.58,3.96,5.72,0.0
20051129:1311,7.98,7.15,3.78,6.0,0.0
20051129:1411,131.23,3.04,3.64,6.34,0.0
20051129:1511,0.0,0.0,3.38,6.62,0.0
20051129:1611,0.0,0.0,3.24,6.9,0.0
20051129:1711,0.0,0.0,3.17,7.03,0.0
20051129:1811,0.0,0.0,2.95,7.52,0.0
20051129:1911,0.0,0.0,2.82,7.72,0.0
20051129:2011,0.0,0.0,2.65,7.52,0.0
20051129:2111,0.0,0.0,2.44,7.03,0.0
20051129:2211,0.0,0.0,2.41,6.9,0.0
20051129:2311,0.0,0.0,2.17,6.41,0.0
20051130:0011,0.0,0.0,2.23,6.14,0.0
20051130:0111,0.0,0.0,2.4,6.21,0.0
20051130:0211,0.0,0.0,2.54,6.9,0.0
20051130:0311,0.0,0.0,2.57,6.9,0.0
20051130:0411,0.0,0.0,2.61,6.55,0.0
20051130:0511,0.0,0.0,2.71,6.34,0.0
20051130:0611,0.0,0.0,3.05,6.34,0.0
20051130:0711,0.0,0.0,3.41,6.07,0.0
20051130:0811,0.0,0.0,3.84,5.93,0.0
20051130:0911,38.87,5.34,4.23,5.93,0.0
20051130:1011,152.28,8.55,4.07,6.41,0.0
20051130:1111,134.41,9.95,4.3,6.34,0.0
20051130:1211,23.05,9.42,4.49,5.93,0.0
20051130:1311,25.71,7.01,4.55,5.31,0.0
20051130:1411,6.21,2.91,4.48,4.28,0.0
20051130:1511,0.0,0.0,4.41,2.9,0.0
20051130:1611,0.0,0.0,4.43,1.52,0.0
20051130:1711,0.0,0.0,4.47,0.34,0.0
20051130:1811,0.0,0.0,4.37,1.93,0.0
20051130:1911,0.0,0.0,4.4,4.34,0.0
20051130:2011,0.0,0.0,4.57,6.69,0.0
20051130:2111,0.0,0.0,5.08,8.41,0.0
20051130:2211,0.0,0.0,5.95,8.76,0.0
20051130:2311,0.0,0.0,6.47,9.03,0.0
20051201:0011,0.0,0.0,7.07,8.76,0.0
20051201:0111,0.0,0.0,7.36,8.48,0.0
20051201:0211,0.0,0.0,7.79,8.97,0.0
20051201:0311,0.0,0.0,7.85,8.62,0.0
20051201:0411,0.0,0.0,7.9,6.69,0.0
20051201:0511,0.0,0.0,7.95,4.97,0.0
20051201:0611,0.0,0.0,8.29,4.14,0.0
20051201:0711,0.0,0.0,8.2,3.59,0.0
20051201:0811,0.0,0.0,8.26,4.14,0.0
20051201:0911,109.17,5.16,8.3,4.62,0.0
20051201:1011,68.73,8.38,8.22,5.03,0.0
20051201:1111,46.88,9.79,8.24,4.97,0.0
20051201:1211,31.91,9.27,8.4,4.48,0.0
20051201:1311,28.37,6.88,8.46,4.28,0.0
20051201:1411,3.55,2.79,8.46,4.55,0.0
20051201:1511,0.0,0.0,8.34,4.9,0.0
20051201:1611,0.0,0.0,8.29,5.31,0.0
20051201:1711,0.0,0.0,8.45,6.0,0.0
20051201:1811,0.0,0.0,8.45,6.83,0.0
20051201:1911,0.0,0.0,8.24,7.93,0.0
20051201:2011,0.0,0.0,7.97,9.03,0.0
20051201:2111,0.0,0.0,7.94,9.72,0.0
20051201:2211,0.0,0.0,7.95,9.79,0.0
20051201:2311,0.0,0.0,7.65,10.0,0.0
20051202:0011,0.0,0.0,7.35,10.0,0.0
20051202:0111,0.0,0.0,7.09,10.07,0.0
20051202:0211,0.0,0.0,6.85,10.28,0.0
20051202:0311,0.0,0.0,6.58,10.48,0.0
20051202:0411,0.0,0.0,6.24,11.17,0.0
20051202:0511,0.0,0.0,5.87,11.17,0.0
20051202:0611,0.0,0.0,5.41,11.52,0.0
20051202:0711,0.0,0.0,5.04,11.93,0.0
20051202:0811,0.0,0.0,4.78,12.28,0.0
20051202:0911,2.66,4.99,4.68,12.55,0.0
20051202:1011,15.96,8.21,4.75,12.62,0.0
20051202:1111,87.22,9.63,4.96,13.1,0.0
20051202:1211,100.66,9.13,5.1,13.45,0.0
20051202:1311,331.92,6.75,5.22,13.52,0.0
20051202:1411,356.96,2.68,5.3,13.59,0.0
20051202:1511,0.0,0.0,5.24,13.72,0.0
20051202:1611,0.0,0.0,5.23,14.0,0.0
20051202:1711,0.0,0.0,5.22,14.21,0.0
20051202:1811,0.0,0.0,5.12,14.62,0.0
20051202:1911,0.0,0.0,5.05,14.76,0.0
20051202:2011,0.0,0.0,5.04,15.03,0.0
20051202:2111,0.0,0.0,5.06,15.24,0.0
20051202:2211,0.0,0.0,5.23,14.97,0.0
20051202:2311,0.0,0.0,5.18,15.24,0.0
20051203:0011,0.0,0.0,5.18,15.17,0.0
20051203:0111,0.0,0.0,5.17,15.17,0.0
20051203:0211,0.0,0.0,5.17,15.66,0.0
20051203:0311,0.0,0.0,5.14,16.21,0.0
20051203:0411,0.0,0.0,4.99,16.21,0.0
20051203:0511,0.0,0.0,4.92,15.93,0.0
20051203:0611,0.0,0.0,4.84,15.66,0.0
20051203:0711,0.0,0.0,4.85,15.59,0.0
20051203:0811,0.0,0.0,4.9,15.79,0.0
20051203:0911,7.09,4.83,4.98,16.0,0.0
20051203:1011,14.18,8.05,5.2,15.59,0.0
20051203:1111,23.05,9.48,5.04,16.0,0.0
20051203:1211,20.39,8.99,4.96,15.93,0.0
20051203:1311,9.75,6.63,4.88,15.72,0.0
20051203:1411,4.43,2.57,4.91,15.45,0.0
20051203:1511,0.0,0.0,4.98,15.45,0.0
20051203:1611,0.0,0.0,5.0,15.03,0.0
20051203:1711,0.0,0.0,5.0,14.34,0.0
20051203:1811,0.0,0.0,4.98,14.07,0.0
20051203:1911,0.0,0.0,4.92,14.0,0.0
20051203:2011,0.0,0.0,4.99,13.72,0.0
20051203:2111,0.0,0.0,5.12,14.55,0.0
20051203:2211,0.0,0.0,5.04,14.28,0.0
20051203:2311,0.0,0.0,5.09,14.21,0.0
20051204:0011,0.0,0.0,5.14,14.28,0.0
20051204:0111,0.0,0.0,5.13,13.79,0.0
20051204:0211,0.0,0.0,5.1,13.66,0.0
20051204:0311,0.0,0.0,5.05,14.0,0.0
20051204:0411,0.0,0.0,4.98,14.14,0.0
20051204:0511,0.0,0.0,5.01,14.28,0.0
20051204:0611,0.0,0.0,4.99,14.21,0.0
20051204:0711,0.0,0.0,4.96,14.34,0.0
20051204:0811,0.0,0.0,5.02,14.48,0.0
20051204:0911,58.67,4.67,5.1,14.48,0.0
20051204:1011,67.39,7.9,5.3,14.0,0.0
20051204:1111,285.17,9.34,5.5,14.21,0.0
20051204:1211,30.14,8.86,5.57,14.21,0.0
20051204:1311,41.05,6.51,5.61,14.14,0.0
20051204:1411,31.84,2.47,5.6,13.86,0.0
20051204:1511,0.0,0.0,5.48,13.59,0.0
20051204:1611,0.0,0.0,5.43,13.17,0.0
20051204:1711,0.0,0.0,5.41,12.9,0.0
20051204:1811,0.0,0.0,5.41,12.83,0.0
20051204:1911,0.0,0.0,5.44,12.9,0.0
20051204:2011,0.0,0.0,5.44,12.62,0.0
20051204:2111,0.0,0.0,5.37,12.48,0.0
20051204:2211,0.0,0.0,5.36,12.83,0.0
20051204:2311,0.0,0.0,5.31,12.62,0.0
20051205:0011,0.0,0.0,5.28,12.21,0.0
20051205:0111,0.0,0.0,5.29,12.0,0.0
20051205:0211,0.0,0.0,5.39,12.0,0.0
20051205:0311,0.0,0.0,5.5,11.93,0.0
20051205:0411,0.0,0.0,5.53,11.66,0.0
20051205:0511,0.0,0.0,5.52,11.17,0.0
20051205:0611,0.0,0.0,5.51,11.03,0.0
20051205:0711,0.0,0.0,5.59,10.76,0.0
20051205:0811,0.0,0.0,5.6,10.48,0.0
20051205:0911,44.8,4.51,5.61,10.34,0.0
20051205:1011,17.73,7.76,5.69,9.52,0.0
20051205:1111,15.96,9.2,5.82,9.17,0.0
20051205:1211,46.97,8.74,5.84,9.38,0.0
20051205:1311,17.73,6.41,5.85,9.03,0.0
20051205:1411,2.66,2.38,5.76,8.9,0.0
20051205:1511,0.0,0.0,5.7,8.14,0.0
20051205:1611,0.0,0.0,5.68,7.59,0.0
20051205:1711,0.0,0.0,5.75,7.1,0.0
20051205:1811,0.0,0.0,5.73,6.83,0.0
20051205:1911,0.0,0.0,5.7,6.9,0.0
20051205:2011,0.0,0.0,5.66,6.69,0.0
20051205:2111,0.0,0.0,5.61,6.34,0.0
20051205:2211,0.0,0.0,5.69,5.45,0.0
20051205:2311,0.0,0.0,5.61,5.31,0.0
20051206:0011,0.0,0.0,5.52,5.03,0.0
20051206:0111,0.0,0.0,5.4,4.9,0.0
20051206:0211,0.0,0.0,5.15,5.1,0.0
20051206:0311,0.0,0.0,5.02,5.59,0.0
20051206:0411,0.0,0.0,4.61,6.21,0.0
20051206:0511,0.0,0.0,4.59,6.41,0.0
20051206:0611,0.0,0.0,4.19,5.79,0.0
20051206:0711,0.0,0.0,4.57,5.72,0.0
20051206:0811,0.0,0.0,4.58,5.72,0.0
20051206:0911,2.66,4.37,4.87,5.66,0.0
20051206:1011,21.28,7.62,5.42,6.48,0.0
20051206:1111,78.53,9.08,5.68,7.1,0.0
20051206:1211,31.91,8.63,5.86,7.31,0.0
20051206:1311,12.41,6.31,5.95,6.97,0.0
20051206:1411,6.21,2.29,5.87,6.83,0.0
20051206:1511,0.0,0.0,5.65,6.83,0.0
20051206:1611,0.0,0.0,5.45,6.76,0.0
20051206:1711,0.0,0.0,5.35,6.48,0.0
20051206:1811,0.0,0.0,5.18,6.14,0.0
20051206:1911,0.0,0.0,5.04,6.07,0.0
20051206:2011,0.0,0.0,5.04,5.79,0.0
20051206:2111,0.0,0.0,5.05,5.52,0.0
20051206:2211,0.0,0.0,5.5,4.97,0.0
20051206:2311,0.0,0.0,5.52,5.17,0.0
20051207:0011,0.0,0.0,5.53,5.1,0.0
20051207:0111,0.0,0.0,5.51,5.1,0.0
20051207:0211,0.0,0.0,5.36,4.9,0.0
20051207:0311,0.0,0.0,5.17,4.69,0.0
20051207:0411,0.0,0.0,4.95,4.48,0.0
20051207:0511,0.0,0.0,4.7,4.28,0.0
20051207:0611,0.0,0.0,4.51,4.0,0.0
20051207:0711,0.0,0.0,4.4,3.93,0.0
20051207:0811,0.0,0.0,4.31,3.72,0.0
20051207:0911,59.02,4.23,4.24,3.72,0.0
20051207:1011,88.03,7.48,4.66,4.14,0.0
20051207:1111,55.81,8.95,4.69,4.41,0.0
20051207:1211,37.23,8.52,4.75,4.41,0.0
20051207:1311,42.41,6.21,4.83,4.76,0.0
20051207:1411,10.64,2.22,4.86,4.76,0.0
20051207:1511,0.0,0.0,4.85,4.9,0.0
20051207:1611,0.0,0.0,4.8,5.1,0.0
20051207:1711,0.0,0.0,4.74,5.52,0.0
20051207:1811,0.0,0.0,4.65,5.86,0.0
20051207:1911,0.0,0.0,4.6,6.14,0.0
20051207:2011,0.0,0.0,4.39,6.69,0.0
20051207:2111,0.0,0.0,4.35,7.31,0.0
20051207:2211,0.0,0.0,4.51,7.45,0.0
20051207:2311,0.0,0.0,4.49,8.07,0.0
20051208:0011,0.0,0.0,4.62,8.76,0.0
20051208:0111,0.0,0.0,4.58,8.83,0.0
20051208:0211,0.0,0.0,4.6,8.76,0.0
20051208:0311,0.0,0.0,4.57,8.76,0.0
20051208:0411,0.0,0.0,4.43,8.69,0.0
20051208:0511,0.0,0.0,4.27,8.55,0.0
20051208:0611,0.0,0.0,4.18,8.28,0.0
20051208:0711,0.0,0.0,4.15,8.07,0.0
20051208:0811,0.0,0.0,4.18,7.93,0.0
20051208:0911,101.43,4.09,4.3,7.79,0.0
20051208:1011,322.66,7.36,4.65,7.45,0.0
20051208:1111,484.12,8.84,4.97,7.38,0.0
20051208:1211,20.39,8.42,5.28,7.52,0.0
20051208:1311,7.98,6.13,5.32,7.66,0.0
20051208:1411,2.66,2.15,5.25,8.0,0.0
20051208:1511,0.0,0.0,5.11,8.34,0.0
20051208:1611,0.0,0.0,4.84,8.55,0.0
20051208:1711,0.0,0.0,4.57,8.48,0.0
20051208:1811,0.0,0.0,4.31,8.41,0.0
20051208:1911,0.0,0.0,4.0,8.07,0.0
20051208:2011,0.0,0.0,3.73,8.0,0.0
20051208:2111,0.0,0.0,3.58,8.21,0.0
20051208:2211,0.0,0.0,3.78,7.93,0.0
20051208:2311,0.0,0.0,3.7,8.07,0.0
20051209:0011,0.0,0.0,3.55,7.66,0.0
20051209:0111,0.0,0.0,3.47,7.17,0.0
20051209:0211,0.0,0.0,3.41,6.34,0.0
20051209:0311,0.0,0.0,3.38,6.07,0.0
20051209:0411,0.0,0.0,3.38,5.86,0.0
20051209:0511,0.0,0.0,3.53,5.72,0.0
20051209:0611,0.0,0.0,3.39,5.72,0.0
20051209:0711,0.0,0.0,3.56,5.03,0.0
20051209:0811,0.0,0.0,3.61,4.48,0.0
20051209:0911,8.86,3.96,3.63,3.93,0.0
20051209:1011,74.1,7.24,4.53,4.0,0.0
20051209:1111,34.57,8.73,4.78,4.14,0.0
20051209:1211,26.59,8.33,5.01,3.31,0.0
20051209:1311,13.3,6.05,5.27,3.38,0.0
20051209:1411,2.66,2.08,5.47,3.38,0.0
20051209:1511,0.0,0.0,5.66,3.52,0.0
20051209:1611,0.0,0.0,5.82,3.86,0.0
20051209:1711,0.0,0.0,5.94,4.0,0.0
20051209:1811,0.0,0.0,6.22,4.34,0.0
20051209:1911,0.0,0.0,6.61,4.41,0.0
20051209:2011,0.0,0.0,6.94,4.55,0.0
20051209:2111,0.0,0.0,7.15,4.41,0.0
20051209:2211,0.0,0.0,7.61,6.0,0.0
20051209:2311,0.0,0.0,7.79,6.69,0.0
20051210:0011,0.0,0.0,7.84,6.83,0.0
20051210:0111,0.0,0.0,7.67,6.9,0.0
20051210:0211,0.0,0.0,7.99,6.62,0.0
20051210:0311,0.0,0.0,8.13,7.52,0.0
20051210:0411,0.0,0.0,8.12,7.66,0.0
20051210:0511,0.0,0.0,8.17,8.69,0.0
20051210:0611,0.0,0.0,8.3,8.14,0.0
20051210:0711,0.0,0.0,8.47,8.14,0.0
20051210:0811,0.0,0.0,8.6,8.41,0.0
20051210:0911,2.66,3.84,8.66,8.48,0.0
20051210:1011,12.41,7.13,8.82,8.62,0.0
20051210:1111,12.41,8.64,8.92,8.14,0.0
20051210:1211,8.86,8.24,9.12,7.45,0.0
20051210:1311,8.86,5.98,9.3,7.24,0.0
20051210:1411,2.66,2.03,9.44,7.24,0.0
20051210:1511,0.0,0.0,9.5,7.1,0.0
20051210:1611,0.0,0.0,9.48,7.1,0.0
20051210:1711,0.0,0.0,9.49,7.24,0.0
20051210:1811,0.0,0.0,9.54,7.1,0.0
20051210:1911,0.0,0.0,9.53,6.83,0.0
20051210:2011,0.0,0.0,9.5,6.9,0.0
20051210:2111,0.0,0.0,9.45,6.69,0.0
20051210:2211,0.0,0.0,9.42,6.07,0.0
20051210:2311,0.0,0.0,9.37,5.79,0.0
20051211:0011,0.0,0.0,9.39,6.14,0.0
20051211:0111,0.0,0.0,9.42,6.55,0.0
20051211:0211,0.0,0.0,9.42,6.83,0.0
20051211:0311,0.0,0.0,9.42,6.76,0.0
20051211:0411,0.0,0.0,9.36,6.83,0.0
20051211:0511,0.0,0.0,9.37,7.31,0.0
20051211:0611,0.0,0.0,9.41,7.72,0.0
20051211:0711,0.0,0.0,9.44,7.66,0.0
20051211:0811,0.0,0.0,9.41,7.52,0.0
20051211:0911,82.19,3.73,9.33,7.45,0.0
20051211:1011,15.96,7.03,9.49,6.9,0.0
20051211:1111,11.52,8.54,9.44,6.28,0.0
20051211:1211,10.64,8.17,9.43,6.34,0.0
20051211:1311,10.64,5.92,9.57,6.21,0.0
20051211:1411,3.55,1.98,9.71,6.28,0.0
20051211:1511,0.0,0.0,9.82,7.03,0.0
20051211:1611,0.0,0.0,9.88,7.79,0.0
20051211:1711,0.0,0.0,9.9,9.03,0.0
20051211:1811,0.0,0.0,10.06,10.55,0.0
20051211:1911,0.0,0.0,10.06,11.59,0.0
20051211:2011,0.0,0.0,9.48,11.38,0.0
20051211:2111,0.0,0.0,8.85,10.97,0.0
20051211:2211,0.0,0.0,8.43,11.31,0.0
20051211:2311,0.0,0.0,8.1,11.31,0.0
20051212:0011,0.0,0.0,7.74,11.72,0.0
20051212:0111,0.0,0.0,7.45,11.93,0.0
20051212:0211,0.0,0.0,7.31,12.07,0.0
20051212:0311,0.0,0.0,7.2,12.34,0.0
20051212:0411,0.0,0.0,7.09,12.48,0.0
20051212:0511,0.0,0.0,7.15,12.48,0.0
20051212:0611,0.0,0.0,7.22,11.86,0.0
20051212:0711,0.0,0.0,7.32,10.62,0.0
20051212:0811,0.0,0.0,7.5,9.72,0.0
20051212:0911,105.67,3.62,7.66,9.52,0.0
20051212:1011,278.09,6.93,7.8,12.34,0.0
20051212:1111,380.26,8.46,7.84,11.59,0.0
20051212:1211,346.24,8.1,7.92,10.9,0.0
20051212:1311,205.4,5.87,7.75,10.62,0.0
20051212:1411,16.84,1.94,7.8,10.55,0.0
20051212:1511,0.0,0.0,7.95,9.86,0.0
20051212:1611,0.0,0.0,7.96,9.38,0.0
20051212:1711,0.0,0.0,8.05,8.83,0.0
20051212:1811,0.0,0.0,7.98,9.03,0.0
20051212:1911,0.0,0.0,8.1,9.66,0.0
20051212:2011,0.0,0.0,8.05,9.79,0.0
20051212:2111,0.0,0.0,8.1,10.28,0.0
20051212:2211,0.0,0.0,8.2,10.9,0.0
20051212:2311,0.0,0.0,8.08,10.07,0.0
20051213:0011,0.0,0.0,8.01,10.9,0.0
20051213:0111,0.0,0.0,7.77,10.55,0.0
20051213:0211,0.0,0.0,7.57,10.69,0.0
20051213:0311,0.0,0.0,7.67,10.34,0.0
20051213:0411,0.0,0.0,7.41,10.21,0.0
20051213:0511,0.0,0.0,7.44,10.28,0.0
20051213:0611,0.0,0.0,7.19,10.14,0.0
20051213:0711,0.0,0.0,7.29,9.66,0.0
20051213:0811,0.0,0.0,7.31,9.59,0.0
20051213:0911,2.66,3.52,7.35,9.38,0.0
20051213:1011,24.82,6.84,7.58,8.83,0.0
20051213:1111,76.96,8.38,7.51,8.55,0.0
20051213:1211,44.8,8.03,7.62,8.28,0.0
20051213:1311,24.82,5.82,7.77,8.69,0.0
20051213:1411,9.75,1.91,7.95,8.76,0.0
20051213:1511,0.0,0.0,8.01,10.34,0.0
20051213:1611,0.0,0.0,7.88,10.69,0.0
20051213:1711,0.0,0.0,8.4,10.41,0.0
20051213:1811,0.0,0.0,8.66,11.24,0.0
20051213:1911,0.0,0.0,8.35,11.72,0.0
20051213:2011,0.0,0.0,8.1,12.0,0.0
20051213:2111,0.0,0.0,8.1,11.52,0.0
20051213:2211,0.0,0.0,8.07,10.07,0.0
20051213:2311,0.0,0.0,8.04,9.45,0.0
20051214:0011,0.0,0.0,7.91,10.0,0.0
20051214:0111,0.0,0.0,7.69,10.97,0.0
20051214:0211,0.0,0.0,7.47,11.66,0.0
20051214:0311,0.0,0.0,7.26,11.72,0.0
20051214:0411,0.0,0.0,7.07,11.66,0.0
20051214:0511,0.0,0.0,6.93,11.59,0.0
20051214:0611,0.0,0.0,6.82,11.1,0.0
20051214:0711,0.0,0.0,6.77,11.86,0.0
20051214:0811,0.0,0.0,6.82,12.14,0.0
20051214:0911,25.77,3.43,6.82,11.45,0.0
20051214:1011,23.05,6.76,7.07,12.28,0.0
20051214:1111,15.07,8.31,7.05,12.34,0.0
20051214:1211,104.98,7.98,7.12,12.34,0.0
20051214:1311,24.82,5.78,7.35,11.1,0.0
20051214:1411,14.18,1.88,7.65,9.72,0.0
20051214:1511,0.0,0.0,7.63,8.34,0.0
20051214:1611,0.0,0.0,7.86,9.03,0.0
20051214:1711,0.0,0.0,8.19,10.34,0.0
20051214:1811,0.0,0.0,8.4,10.55,0.0
20051214:1911,0.0,0.0,8.48,13.24,0.0
20051214:2011,0.0,0.0,8.48,14.55,0.0
20051214:2111,0.0,0.0,8.75,14.55,0.0
20051214:2211,0.0,0.0,8.88,15.93,0.0
20051214:2311,0.0,0.0,8.48,16.48,0.0
20051215:0011,0.0,0.0,8.2,14.69,0.0
20051215:0111,0.0,0.0,7.82,16.14,0.0
20051215:0211,0.0,0.0,7.67,15.66,0.0
20051215:0311,0.0,0.0,7.11,16.83,0.0
20051215:0411,0.0,0.0,6.99,16.14,0.0
20051215:0511,0.0,0.0,6.89,15.1,0.0
20051215:0611,0.0,0.0,6.76,15.52,0.0
20051215:0711,0.0,0.0,6.36,15.72,0.0
20051215:0811,0.0,0.0,6.21,16.21,0.0
20051215:0911,0.89,3.35,6.13,16.62,0.0
20051215:1011,5.32,6.68,5.99,14.97,0.0
20051215:1111,345.25,8.25,5.77,14.41,0.0
20051215:1211,31.03,7.93,5.51,14.48,0.0
20051215:1311,17.73,5.75,5.25,14.69,0.0
20051215:1411,9.75,1.87,4.9,14.0,0.0
20051215:1511,0.0,0.0,4.68,13.38,0.0
20051215:1611,0.0,0.0,4.47,12.41,0.0
20051215:1711,0.0,0.0,4.19,11.93,0.0
20051215:1811,0.0,0.0,3.99,11.31,0.0
20051215:1911,0.0,0.0,3.83,10.41,0.0
20051215:2011,0.0,0.0,3.76,9.86,0.0
20051215:2111,0.0,0.0,3.87,9.24,0.0
20051215:2211,0.0,0.0,4.17,8.21,0.0
20051215:2311,0.0,0.0,3.88,7.24,0.0
20051216:0011,0.0,0.0,3.4,5.31,0.0
20051216:0111,0.0,0.0,2.52,5.1,0.0
20051216:0211,0.0,0.0,2.5,6.34,0.0
20051216:0311,0.0,0.0,2.79,8.41,0.0
20051216:0411,0.0,0.0,2.96,9.79,0.0
20051216:0511,0.0,0.0,2.91,10.55,0.0
20051216:0611,0.0,0.0,2.83,11.03,0.0
20051216:0711,0.0,0.0,2.74,11.1,0.0
20051216:0811,0.0,0.0,2.58,10.62,0.0
20051216:0911,60.56,3.27,2.54,10.34,0.0
20051216:1011,314.49,6.62,2.9,9.52,0.0
20051216:1111,486.4,8.2,3.23,10.07,0.0
20051216:1211,563.52,7.89,3.39,10.9,0.0
20051216:1311,550.02,5.72,3.38,11.31,0.0
20051216:1411,15.96,1.85,3.22,11.72,0.0
20051216:1511,0.0,0.0,3.06,12.62,0.0
20051216:1611,0.0,0.0,2.6,13.24,0.0
20051216:1711,0.0,0.0,2.26,12.9,0.0
20051216:1811,0.0,0.0,2.06,13.31,0.0
20051216:1911,0.0,0.0,1.71,13.72,0.0
20051216:2011,0.0,0.0,1.8,13.1,0.0
20051216:2111,0.0,0.0,1.92,12.07,0.0
20051216:2211,0.0,0.0,1.69,11.52,0.0
20051216:2311,0.0,0.0,1.79,10.07,0.0
20051217:0011,0.0,0.0,1.71,8.76,0.0
20051217:0111,0.0,0.0,1.7,9.1,0.0
20051217:0211,0.0,0.0,1.53,10.76,0.0
20051217:0311,0.0,0.0,1.37,11.03,0.0
20051217:0411,0.0,0.0,1.35,10.62,0.0
20051217:0511,0.0,0.0,1.52,9.93,0.0
20051217:0611,0.0,0.0,1.62,8.55,0.0
20051217:0711,0.0,0.0,1.83,7.59,0.0
20051217:0811,0.0,0.0,2.01,7.45,0.0
20051217:0911,52.61,3.2,2.15,8.07,0.0
20051217:1011,316.83,6.56,2.56,9.31,0.0
20051217:1111,428.4,8.15,3.01,9.17,0.0
20051217:1211,490.65,7.86,3.27,9.66,0.0
20051217:1311,271.57,5.71,3.34,10.0,0.0
20051217:1411,4.43,1.85,3.28,9.79,0.0
20051217:1511,0.0,0.0,3.1,10.34,0.0
20051217:1611,0.0,0.0,2.92,11.38,0.0
20051217:1711,0.0,0.0,2.95,11.79,0.0
20051217:1811,0.0,0.0,3.05,11.66,0.0
20051217:1911,0.0,0.0,3.12,11.79,0.0
20051217:2011,0.0,0.0,3.24,12.21,0.0
20051217:2111,0.0,0.0,3.46,12.69,0.0
20051217:2211,0.0,0.0,3.99,13.24,0.0
20051217:2311,0.0,0.0,4.03,12.14,0.0
20051218:0011,0.0,0.0,4.15,11.79,0.0
20051218:0111,0.0,0.0,4.17,11.93,0.0
20051218:0211,0.0,0.0,4.15,11.66,0.0
20051218:0311,0.0,0.0,4.05,11.45,0.0
20051218:0411,0.0,0.0,4.0,11.38,0.0
20051218:0511,0.0,0.0,3.86,11.1,0.0
20051218:0611,0.0,0.0,3.76,10.69,0.0
20051218:0711,0.0,0.0,3.77,10.41,0.0
20051218:0811,0.0,0.0,3.77,9.86,0.0
20051218:0911,35.21,3.13,3.65,9.1,0.0
20051218:1011,18.62,6.5,3.83,7.72,0.0
20051218:1111,13.3,8.11,3.82,6.9,0.0
20051218:1211,467.04,7.84,3.76,6.14,0.0
20051218:1311,442.8,5.7,3.75,5.17,0.0
20051218:1411,4.43,1.86,3.72,4.55,0.0
20051218:1511,0.0,0.0,3.82,4.21,0.0
20051218:1611,0.0,0.0,4.01,3.72,0.0
20051218:1711,0.0,0.0,4.15,2.76,0.0
20051218:1811,0.0,0.0,4.25,2.62,0.0
20051218:1911,0.0,0.0,4.36,3.24,0.0
20051218:2011,0.0,0.0,4.59,4.0,0.0
20051218:2111,0.0,0.0,4.77,5.24,0.0
20051218:2211,0.0,0.0,5.03,6.34,0.0
20051218:2311,0.0,0.0,4.85,6.97,0.0
20051219:0011,0.0,0.0,4.86,7.86,0.0
20051219:0111,0.0,0.0,4.94,8.21,0.0
20051219:0211,0.0,0.0,5.19,8.21,0.0
20051219:0311,0.0,0.0,5.56,6.55,0.0
20051219:0411,0.0,0.0,5.86,3.03,0.0
20051219:0511,0.0,0.0,5.77,0.55,0.0
20051219:0611,0.0,0.0,5.7,2.97,0.0
20051219:0711,0.0,0.0,5.8,5.59,0.0
20051219:0811,0.0,0.0,5.88,7.79,0.0
20051219:0911,0.89,3.08,5.72,8.21,0.0
20051219:1011,23.05,6.46,5.95,7.24,0.0
20051219:1111,12.41,8.08,6.09,6.14,0.0
20051219:1211,20.39,7.82,6.08,6.41,0.0
20051219:1311,11.52,5.7,5.89,7.38,0.0
20051219:1411,2.66,1.87,5.94,7.72,0.0
20051219:1511,0.0,0.0,6.01,8.62,0.0
20051219:1611,0.0,0.0,5.99,9.03,0.0
20051219:1711,0.0,0.0,5.94,8.55,0.0
20051219:1811,0.0,0.0,5.99,8.14,0.0
20051219:1911,0.0,0.0,6.13,7.86,0.0
20051219:2011,0.0,0.0,6.24,8.62,0.0
20051219:2111,0.0,0.0,6.3,9.45,0.0
20051219:2211,0.0,0.0,6.7,9.66,0.0
20051219:2311,0.0,0.0,6.85,10.14,0.0
20051220:0011,0.0,0.0,6.77,10.28,0.0
20051220:0111,0.0,0.0,6.59,9.93,0.0
20051220:0211,0.0,0.0,6.48,8.41,0.0
20051220:0311,0.0,0.0,6.32,6.83,0.0
20051220:0411,0.0,0.0,6.11,5.52,0.0
20051220:0511,0.0,0.0,5.93,4.76,0.0
20051220:0611,0.0,0.0,5.73,4.34,0.0
20051220:0711,0.0,0.0,5.47,4.0,0.0
20051220:0811,0.0,0.0,5.27,4.07,0.0
20051220:0911,24.68,3.03,5.2,4.14,0.0
20051220:1011,48.13,6.42,5.28,3.59,0.0
20051220:1111,303.13,8.06,5.17,2.83,0.0
20051220:1211,356.2,7.81,5.05,2.34,0.0
20051220:1311,231.21,5.7,4.98,2.28,0.0
20051220:1411,8.86,1.89,4.78,2.0,0.0
20051220:1511,0.0,0.0,4.43,2.48,0.0
20051220:1611,0.0,0.0,4.05,3.03,0.0
20051220:1711,0.0,0.0,3.86,3.45,0.0
20051220:1811,0.0,0.0,3.89,3.72,0.0
20051220:1911,0.0,0.0,3.99,3.86,0.0
20051220:2011,0.0,0.0,4.09,3.79,0.0
20051220:2111,0.0,0.0,4.17,3.52,0.0
20051220:2211,0.0,0.0,4.58,3.66,0.0
20051220:2311,0.0,0.0,4.52,3.52,0.0
20051221:0011,0.0,0.0,4.6,3.66,0.0
20051221:0111,0.0,0.0,4.7,3.72,0.0
20051221:0211,0.0,0.0,4.82,3.86,0.0
20051221:0311,0.0,0.0,4.95,4.0,0.0
20051221:0411,0.0,0.0,5.11,4.21,0.0
20051221:0511,0.0,0.0,5.36,4.34,0.0
20051221:0611,0.0,0.0,5.57,4.83,0.0
20051221:0711,0.0,0.0,5.76,5.38,0.0
20051221:0811,0.0,0.0,6.05,6.28,0.0
20051221:0911,0.89,2.98,6.33,7.03,0.0
20051221:1011,5.32,6.39,6.63,7.24,0.0
20051221:1111,19.5,8.05,6.71,7.59,0.0
20051221:1211,19.5,7.81,6.75,9.1,0.0
20051221:1311,6.21,5.72,6.79,9.24,0.0
20051221:1411,2.66,1.91,6.93,9.86,0.0
20051221:1511,0.0,0.0,7.22,10.0,0.0
20051221:1611,0.0,0.0,7.09,9.79,0.0
20051221:1711,0.0,0.0,6.97,9.45,0.0
20051221:1811,0.0,0.0,7.06,9.52,0.0
20051221:1911,0.0,0.0,7.02,10.9,0.0
20051221:2011,0.0,0.0,6.85,11.24,0.0
20051221:2111,0.0,0.0,6.73,11.59,0.0
20051221:2211,0.0,0.0,6.6,10.55,0.0
20051221:2311,0.0,0.0,6.16,12.41,0.0
20051222:0011,0.0,0.0,6.09,12.21,0.0
20051222:0111,0.0,0.0,6.06,11.52,0.0
20051222:0211,0.0,0.0,5.98,12.28,0.0
20051222:0311,0.0,0.0,6.15,12.97,0.0
20051222:0411,0.0,0.0,6.32,13.24,0.0
20051222:0511,0.0,0.0,6.49,13.45,0.0
20051222:0611,0.0,0.0,6.47,13.52,0.0
20051222:0711,0.0,0.0,6.4,13.17,0.0
20051222:0811,0.0,0.0,6.17,12.55,0.0
20051222:0911,15.62,2.95,5.96,10.55,0.0
20051222:1011,146.69,6.37,6.21,10.07,0.0
20051222:1111,82.54,8.04,6.17,8.97,0.0
20051222:1211,53.7,7.82,6.2,8.62,0.0
20051222:1311,23.05,5.74,6.09,8.28,0.0
20051222:1411,9.75,1.95,5.99,7.79,0.0
20051222:1511,0.0,0.0,5.84,7.03,0.0
20051222:1611,0.0,0.0,5.65,6.55,0.0
20051222:1711,0.0,0.0,5.47,6.14,0.0
20051222:1811,0.0,0.0,5.3,5.17,0.0
20051222:1911,0.0,0.0,5.12,4.21,0.0
20051222:2011,0.0,0.0,4.97,3.17,0.0
20051222:2111,0.0,0.0,4.78,1.79,0.0
20051222:2211,0.0,0.0,4.67,1.03,0.0
20051222:2311,0.0,0.0,4.52,2.0,0.0
20051223:0011,0.0,0.0,4.58,2.76,0.0
20051223:0111,0.0,0.0,4.89,3.38,0.0
20051223:0211,0.0,0.0,5.35,4.07,0.0
20051223:0311,0.0,0.0,5.86,4.69,0.0
20051223:0411,0.0,0.0,6.31,4.9,0.0
20051223:0511,0.0,0.0,6.69,5.1,0.0
20051223:0611,0.0,0.0,7.09,5.52,0.0
20051223:0711,0.0,0.0,7.36,5.52,0.0
20051223:0811,0.0,0.0,7.5,5.17,0.0
20051223:0911,0.89,2.92,7.54,5.1,0.0
20051223:1011,20.39,6.36,7.84,5.86,0.0
20051223:1111,11.52,8.04,7.96,6.07,0.0
20051223:1211,119.08,7.84,7.95,6.0,0.0
20051223:1311,15.96,5.77,8.05,6.07,0.0
20051223:1411,9.75,1.99,8.21,6.48,0.0
20051223:1511,0.0,0.0,8.33,7.24,0.0
20051223:1611,0.0,0.0,8.09,8.07,0.0
20051223:1711,0.0,0.0,8.08,9.1,0.0
20051223:1811,0.0,0.0,8.14,9.52,0.0
20051223:1911,0.0,0.0,8.04,10.76,0.0
20051223:2011,0.0,0.0,8.28,11.52,0.0
20051223:2111,0.0,0.0,8.33,12.07,0.0
20051223:2211,0.0,0.0,8.23,12.0,0.0
20051223:2311,0.0,0.0,8.12,12.83,0.0
20051224:0011,0.0,0.0,8.18,13.31,0.0
20051224:0111,0.0,0.0,8.06,12.0,0.0
20051224:0211,0.0,0.0,7.85,11.59,0.0
20051224:0311,0.0,0.0,7.62,11.45,0.0
20051224:0411,0.0,0.0,7.31,10.97,0.0
20051224:0511,0.0,0.0,6.84,11.1,0.0
20051224:0611,0.0,0.0,6.4,10.62,0.0
20051224:0711,0.0,0.0,6.17,10.83,0.0
20051224:0811,0.0,0.0,5.89,10.48,0.0
20051224:0911,62.13,2.9,5.68,10.41,0.0
20051224:1011,260.93,6.35,5.71,10.41,0.0
20051224:1111,378.45,8.05,5.53,10.28,0.0
20051224:1211,444.47,7.86,5.39,9.66,0.0
20051224:1311,6.21,5.8,5.27,8.62,0.0
20051224:1411,11.52,2.04,5.04,7.59,0.0
20051224:1511,0.0,0.0,4.68,7.17,0.0
20051224:1611,0.0,0.0,4.33,7.38,0.0
20051224:1711,0.0,0.0,4.13,8.14,0.0
20051224:1811,0.0,0.0,4.02,8.69,0.0
20051224:1911,0.0,0.0,4.05,9.31,0.0
20051224:2011,0.0,0.0,4.05,9.52,0.0
20051224:2111,0.0,0.0,3.99,9.66,0.0
20051224:2211,0.0,0.0,4.34,10.0,0.0
20051224:2311,0.0,0.0,4.39,10.48,0.0
20051225:0011,0.0,0.0,4.41,10.34,0.0
20051225:0111,0.0,0.0,4.49,10.21,0.0
20051225:0211,0.0,0.0,4.49,10.28,0.0
20051225:0311,0.0,0.0,4.41,10.41,0.0
20051225:0411,0.0,0.0,4.37,10.28,0.0
20051225:0511,0.0,0.0,4.3,10.34,0.0
20051225:0611,0.0,0.0,4.13,10.21,0.0
20051225:0711,0.0,0.0,4.03,10.62,0.0
20051225:0811,0.0,0.0,4.09,11.17,0.0
20051225:0911,14.8,2.89,4.13,11.52,0.0
20051225:1011,153.36,6.35,4.46,12.41,0.0
20051225:1111,333.61,8.06,4.57,12.62,0.0
20051225:1211,558.56,7.89,4.64,12.34,0.0
20051225:1311,475.73,5.85,4.67,11.86,0.0
20051225:1411,16.84,2.09,4.54,11.45,0.0
20051225:1511,0.0,0.0,4.31,11.03,0.0
20051225:1611,0.0,0.0,3.97,10.55,0.0
20051225:1711,0.0,0.0,3.68,10.34,0.0
20051225:1811,0.0,0.0,3.38,10.28,0.0
20051225:1911,0.0,0.0,3.26,10.48,0.0
20051225:2011,0.0,0.0,3.22,10.48,0.0
20051225:2111,0.0,0.0,3.19,10.34,0.0
20051225:2211,0.0,0.0,3.61,9.66,0.0
20051225:2311,0.0,0.0,3.51,9.52,0.0
20051226:0011,0.0,0.0,3.36,9.1,0.0
20051226:0111,0.0,0.0,3.17,8.76,0.0
20051226:0211,0.0,0.0,3.14,8.21,0.0
20051226:0311,0.0,0.0,3.18,8.0,0.0
20051226:0411,0.0,0.0,3.2,7.66,0.0
20051226:0511,0.0,0.0,3.27,7.03,0.0
20051226:0611,0.0,0.0,3.5,6.34,0.0
20051226:0711,0.0,0.0,3.88,5.79,0.0
20051226:0811,0.0,0.0,4.01,5.45,0.0
20051226:0911,62.19,2.88,3.68,5.31,0.0
20051226:1011,105.93,6.36,3.72,5.72,0.0
20051226:1111,400.75,8.08,3.56,6.21,0.0
20051226:1211,566.01,7.93,3.32,6.41,0.0
20051226:1311,383.9,5.9,3.08,6.41,0.0
20051226:1411,16.84,2.16,2.72,6.41,0.0
20051226:1511,0.0,0.0,2.25,6.48,0.0
20051226:1611,0.0,0.0,1.78,6.62,0.0
20051226:1711,0.0,0.0,1.46,6.62,0.0
20051226:1811,0.0,0.0,1.27,6.34,0.0
20051226:1911,0.0,0.0,1.12,6.28,0.0
20051226:2011,0.0,0.0,1.07,6.0,0.0
20051226:2111,0.0,0.0,1.0,5.72,0.0
20051226:2211,0.0,0.0,1.63,5.31,0.0
20051226:2311,0.0,0.0,1.55,5.79,0.0
20051227:0011,0.0,0.0,1.4,6.21,0.0
20051227:0111,0.0,0.0,1.14,6.76,0.0
20051227:0211,0.0,0.0,0.87,7.17,0.0
20051227:0311,0.0,0.0,0.61,7.66,0.0
20051227:0411,0.0,0.0,0.38,8.14,0.0
20051227:0511,0.0,0.0,0.22,8.62,0.0
20051227:0611,0.0,0.0,0.04,8.9,0.0
20051227:0711,0.0,0.0,-0.14,9.17,0.0
20051227:0811,0.0,0.0,-0.27,9.45,0.0
20051227:0911,14.77,2.88,-0.34,9.79,0.0
20051227:1011,282.75,6.37,0.0,9.86,0.0
20051227:1111,405.12,8.12,0.13,10.21,0.0
20051227:1211,489.2,7.97,0.3,9.45,0.0
20051227:1311,398.6,5.96,0.3,9.17,0.0
20051227:1411,17.73,2.23,0.25,9.45,0.0
20051227:1511,0.0,0.0,0.19,9.66,0.0
20051227:1611,0.0,0.0,0.11,9.93,0.0
20051227:1711,0.0,0.0,0.11,10.34,0.0
20051227:1811,0.0,0.0,0.08,10.55,0.0
20051227:1911,0.0,0.0,0.09,10.69,0.0
20051227:2011,0.0,0.0,0.11,10.62,0.0
20051227:2111,0.0,0.0,0.09,10.62,0.0
20051227:2211,0.0,0.0,0.37,10.34,0.0
20051227:2311,0.0,0.0,0.28,10.28,0.0
20051228:0011,0.0,0.0,0.15,10.07,0.0
20051228:0111,0.0,0.0,-0.03,9.66,0.0
20051228:0211,0.0,0.0,-0.17,9.31,0.0
20051228:0311,0.0,0.0,-0.25,9.03,0.0
20051228:0411,0.0,0.0,-0.37,8.76,0.0
20051228:0511,0.0,0.0,-0.43,8.48,0.0
20051228:0611,0.0,0.0,-0.47,8.14,0.0
20051228:0711,0.0,0.0,-0.55,7.93,0.0
20051228:0811,0.0,0.0,-0.71,7.72,0.0
20051228:0911,1.77,2.89,-0.87,7.72,0.0
20051228:1011,10.64,6.4,-0.55,6.9,0.0
20051228:1111,21.28,8.15,-0.61,7.17,0.0
20051228:1211,106.52,8.03,-0.62,7.38,0.0
20051228:1311,51.77,6.02,-0.62,7.66,0.0
20051228:1411,9.75,2.3,-0.59,8.07,0.0
20051228:1511,0.0,0.0,-0.58,8.41,0.0
20051228:1611,0.0,0.0,-0.58,8.76,0.0
20051228:1711,0.0,0.0,-0.51,9.17,0.0
20051228:1811,0.0,0.0,-0.49,9.45,0.0
20051228:1911,0.0,0.0,-0.43,9.72,0.0
20051228:2011,0.0,0.0,-0.42,9.86,0.0
20051228:2111,0.0,0.0,-0.45,10.14,0.0
20051228:2211,0.0,0.0,-0.23,9.59,0.0
20051228:2311,0.0,0.0,-0.29,9.52,0.0
20051229:0011,0.0,0.0,-0.32,9.52,0.0
20051229:0111,0.0,0.0,-0.28,9.45,0.0
20051229:0211,0.0,0.0,-0.13,9.17,0.0
20051229:0311,0.0,0.0,-0.05,8.83,0.0
20051229:0411,0.0,0.0,-0.05,8.76,0.0
20051229:0511,0.0,0.0,0.02,8.69,0.0
20051229:0611,0.0,0.0,0.11,8.69,0.0
20051229:0711,0.0,0.0,0.14,8.69,0.0
20051229:0811,0.0,0.0,0.06,8.97,0.0
20051229:0911,61.26,2.91,-0.04,8.9,0.0
20051229:1011,275.46,6.43,-0.04,8.0,0.0
20051229:1111,473.35,8.2,-0.06,7.31,0.0
20051229:1211,492.8,8.09,0.02,6.41,0.0
20051229:1311,64.52,6.1,0.05,5.66,0.0
20051229:1411,442.57,2.39,0.05,4.97,0.0
20051229:1511,0.0,0.0,0.0,4.62,0.0
20051229:1611,0.0,0.0,-0.13,4.41,0.0
20051229:1711,0.0,0.0,-0.25,4.0,0.0
20051229:1811,0.0,0.0,-0.29,3.79,0.0
20051229:1911,0.0,0.0,-0.29,3.72,0.0
20051229:2011,0.0,0.0,-0.29,3.59,0.0
20051229:2111,0.0,0.0,-0.31,3.45,0.0
20051229:2211,0.0,0.0,0.14,3.31,0.0
20051229:2311,0.0,0.0,0.05,3.1,0.0
20051230:0011,0.0,0.0,-0.02,2.69,0.0
20051230:0111,0.0,0.0,-0.05,2.21,0.0
20051230:0211,0.0,0.0,-0.07,1.72,0.0
20051230:0311,0.0,0.0,-0.11,1.45,0.0
20051230:0411,0.0,0.0,-0.18,1.24,0.0
20051230:0511,0.0,0.0,-0.21,0.83,0.0
20051230:0611,0.0,0.0,-0.2,0.34,0.0
20051230:0711,0.0,0.0,-0.04,0.41,0.0
20051230:0811,0.0,0.0,0.17,1.52,0.0
20051230:0911,1.77,2.94,0.42,2.55,0.0
20051230:1011,47.71,6.47,0.96,2.9,0.0
20051230:1111,23.05,8.25,1.22,4.0,0.0
20051230:1211,15.96,8.16,1.89,4.69,0.0
20051230:1311,23.93,6.18,2.54,5.66,0.0
20051230:1411,147.0,2.48,2.99,7.1,0.0
20051230:1511,0.0,0.0,3.14,8.55,0.0
20051230:1611,0.0,0.0,2.81,9.79,0.0
20051230:1711,0.0,0.0,2.99,10.69,0.0
20051230:1811,0.0,0.0,3.12,10.83,0.0
20051230:1911,0.0,0.0,3.61,11.17,0.0
20051230:2011,0.0,0.0,3.68,12.28,0.0
20051230:2111,0.0,0.0,3.85,13.52,0.0
20051230:2211,0.0,0.0,3.46,13.79,0.0
20051230:2311,0.0,0.0,2.83,14.55,0.0
20051231:0011,0.0,0.0,2.36,14.28,0.0
20051231:0111,0.0,0.0,2.1,14.69,0.0
20051231:0211,0.0,0.0,1.84,14.76,0.0
20051231:0311,0.0,0.0,1.74,14.97,0.0
20051231:0411,0.0,0.0,1.66,14.9,0.0
20051231:0511,0.0,0.0,1.77,14.83,0.0
20051231:0611,0.0,0.0,1.82,14.9,0.0
20051231:0711,0.0,0.0,1.87,15.17,0.0
20051231:0811,0.0,0.0,1.83,14.83,0.0
20051231:0911,0.89,2.97,1.88,14.97,0.0
20051231:1011,7.98,6.51,2.2,14.76,0.0
20051231:1111,11.52,8.32,2.18,14.9,0.0
20051231:1211,20.39,8.23,2.15,14.55,0.0
20051231:1311,18.62,6.27,2.2,14.41,0.0
20051231:1411,2.66,2.58,2.14,14.28,0.0
20051231:1511,0.0,0.0,1.95,13.93,0.0
20051231:1611,0.0,0.0,2.04,13.79,0.0
20051231:1711,0.0,0.0,2.05,12.97,0.0
20051231:1811,0.0,0.0,1.89,12.83,0.0
20051231:1911,0.0,0.0,1.59,12.76,0.0
20051231:2011,0.0,0.0,1.55,12.69,0.0
20051231:2111,0.0,0.0,1.63,12.41,0.0
20051231:2211,0.0,0.0,1.74,11.38,0.0
20051231:2311,0.0,0.0,1.61,11.24,0.0

G(i): Global irradiance on the inclined plane (plane of the array) (W/m2)
H_sun: Sun height (degree)
T2m: 2-m air temperature (degree Celsius)
WS10m: 10-m total wind speed (m/s)
Int: 1 means solar radiation values are reconstructed



PVGIS (c) European Union, 2001-2026